INSERT INTO us_locations (zip_code, locale_name, city, state, area_name, district_name) VALUES
('08205','EGG HARBOR TOWNSHIP NJ SDC','EGG HARBOR TOWNSHIP','NJ','ATLANTIC','NEW JERSEY'),
('08210','CAPE MAY COURT HOUSE','CAPE MAY COURT HOUSE','NJ','ATLANTIC','NEW JERSEY'),
('08212','CAPE MAY POINT','CAPE MAY POINT','NJ','ATLANTIC','NEW JERSEY'),
('08213','COLOGNE','COLOGNE','NJ','ATLANTIC','NEW JERSEY'),
('08214','DENNISVILLE','DENNISVILLE','NJ','ATLANTIC','NEW JERSEY'),
('08215','EGG HARBOR CITY','EGG HARBOR CITY','NJ','ATLANTIC','NEW JERSEY'),
('08215','HAMMONTON','HAMMONTON','NJ','ATLANTIC','NEW JERSEY'),
('08217','HAMMONTON','HAMMONTON','NJ','ATLANTIC','NEW JERSEY'),
('08218','DENNISVILLE','DENNISVILLE','NJ','ATLANTIC','NEW JERSEY'),
('08219','GREEN CREEK','GREEN CREEK','NJ','ATLANTIC','NEW JERSEY'),
('08220','LEEDS POINT','LEEDS POINT','NJ','ATLANTIC','NEW JERSEY'),
('08221','LINWOOD','LINWOOD','NJ','ATLANTIC','NEW JERSEY'),
('08221','SOMERS POINT','SOMERS POINT','NJ','ATLANTIC','NEW JERSEY'),
('08223','MARMORA','MARMORA','NJ','ATLANTIC','NEW JERSEY'),
('08224','NEW GRETNA','NEW GRETNA','NJ','ATLANTIC','NEW JERSEY'),
('08225','EGG HARBOR TOWNSHIP NJ SDC','EGG HARBOR TOWNSHIP','NJ','ATLANTIC','NEW JERSEY'),
('08225','NORTHFIELD','NORTHFIELD','NJ','ATLANTIC','NEW JERSEY'),
('08226','CPU CITY OF OCEAN CITY','OCEAN CITY','NJ','ATLANTIC','NEW JERSEY'),
('08226','OCEAN CITY','OCEAN CITY','NJ','ATLANTIC','NEW JERSEY'),
('08230','OCEAN VIEW','OCEAN VIEW','NJ','ATLANTIC','NEW JERSEY'),
('08230','SEA ISLE CITY','SEA ISLE CITY','NJ','ATLANTIC','NEW JERSEY'),
('08231','OCEANVILLE','OCEANVILLE','NJ','ATLANTIC','NEW JERSEY'),
('08232','EGG HARBOR TOWNSHIP NJ SDC','EGG HARBOR TOWNSHIP','NJ','ATLANTIC','NEW JERSEY'),
('08232','PLEASANTVILLE','PLEASANTVILLE','NJ','ATLANTIC','NEW JERSEY'),
('08234','EGG HARBOR TOWNSHIP NJ SDC','EGG HARBOR TOWNSHIP','NJ','ATLANTIC','NEW JERSEY'),
('08240','POMONA','POMONA','NJ','ATLANTIC','NEW JERSEY'),
('08241','EGG HARBOR TOWNSHIP NJ SDC','EGG HARBOR TOWNSHIP','NJ','ATLANTIC','NEW JERSEY'),
('08241','POMONA','POMONA','NJ','ATLANTIC','NEW JERSEY'),
('08242','RIO GRANDE','RIO GRANDE','NJ','ATLANTIC','NEW JERSEY'),
('08243','SEA ISLE CITY','SEA ISLE CITY','NJ','ATLANTIC','NEW JERSEY'),
('08244','SOMERS POINT','SOMERS POINT','NJ','ATLANTIC','NEW JERSEY'),
('08245','SOUTH DENNIS','SOUTH DENNIS','NJ','ATLANTIC','NEW JERSEY'),
('08246','SOUTH SEAVILLE','SOUTH SEAVILLE','NJ','ATLANTIC','NEW JERSEY'),
('08247','CAPE MAY COURT HOUSE','CAPE MAY COURT HOUSE','NJ','ATLANTIC','NEW JERSEY'),
('08247','STONE HARBOR','STONE HARBOR','NJ','ATLANTIC','NEW JERSEY'),
('08248','STRATHMERE','STRATHMERE','NJ','ATLANTIC','NEW JERSEY'),
('08250','TUCKAHOE','TUCKAHOE','NJ','ATLANTIC','NEW JERSEY'),
('08251','RIO GRANDE','RIO GRANDE','NJ','ATLANTIC','NEW JERSEY'),
('08251','VILLAS','VILLAS','NJ','ATLANTIC','NEW JERSEY'),
('08252','WHITESBORO','WHITESBORO','NJ','ATLANTIC','NEW JERSEY'),
('08260','RIO GRANDE','RIO GRANDE','NJ','ATLANTIC','NEW JERSEY'),
('08260','WILDWOOD','WILDWOOD','NJ','ATLANTIC','NEW JERSEY'),
('08270','WOODBINE','WOODBINE','NJ','ATLANTIC','NEW JERSEY'),
('08302','BRIDGETON','BRIDGETON','NJ','ATLANTIC','NEW JERSEY'),
('08310','BUENA','BUENA','NJ','ATLANTIC','NEW JERSEY'),
('08310','VINELAND NJ S&DC','VINELAND','NJ','ATLANTIC','NEW JERSEY'),
('08311','BRIDGETON','BRIDGETON','NJ','ATLANTIC','NEW JERSEY'),
('08311','CEDARVILLE','CEDARVILLE','NJ','ATLANTIC','NEW JERSEY'),
('08312','CLAYTON','CLAYTON','NJ','ATLANTIC','NEW JERSEY'),
('08312','WILLIAMSTOWN','WILLIAMSTOWN','NJ','ATLANTIC','NEW JERSEY');