INSERT INTO us_locations (zip_code, locale_name, city, state, area_name, district_name) VALUES
('98504','OLYMPIA','OLYMPIA','WA','WESTPAC','WASHINGTON'),
('98505','OLYMPIA','OLYMPIA','WA','WESTPAC','WASHINGTON'),
('98599','OLYMPIA','OLYMPIA','WA','WESTPAC','WASHINGTON'),
('99164','PULLMAN','PULLMAN','WA','WESTPAC','WASHINGTON'),
('99251','NORTHPOINTE','SPOKANE','WA','WESTPAC','WASHINGTON'),
('99252','LIBERTY PARK','SPOKANE','WA','WESTPAC','WASHINGTON'),
('99256','RIVERSIDE','SPOKANE','WA','WESTPAC','WASHINGTON'),
('99258','LIBERTY PARK','SPOKANE','WA','WESTPAC','WASHINGTON'),
('99260','RIVERSIDE','SPOKANE','WA','WESTPAC','WASHINGTON'),
('00734','PONCE','PONCE','PR','SOUTHERN','PUERTO RICO'),
('00742','CEIBA','CEIBA','PR','SOUTHERN','PUERTO RICO'),
('00906','SAN JUAN','SAN JUAN','PR','SOUTHERN','PUERTO RICO'),
('01003','AMHERST','AMHERST','MA','ATLANTIC','MA-RI'),
('01088','HATFIELD','HATFIELD','MA','ATLANTIC','MA-RI'),
('01144','SPRINGFIELD','SPRINGFIELD','MA','ATLANTIC','MA-RI'),
('01152','SPRINGFIELD','SPRINGFIELD','MA','ATLANTIC','MA-RI'),
('01203','PITTSFIELD','PITTSFIELD','MA','ATLANTIC','MA-RI'),
('01252','SOUTH EGREMONT','SOUTH EGREMONT','MA','ATLANTIC','MA-RI'),
('01256','ADAMS','ADAMS','MA','ATLANTIC','MA-RI'),
('01343','CHARLEMONT','CHARLEMONT','MA','ATLANTIC','MA-RI'),
('01350','ROWE','ROWE','MA','ATLANTIC','MA-RI'),
('01378','ORANGE','ORANGE','MA','ATLANTIC','MA-RI'),
('01380','WENDELL DEPOT','WENDELL DEPOT','MA','ATLANTIC','MA-RI'),
('01601','WORCESTER','WORCESTER','MA','ATLANTIC','MA-RI'),
('01614','WORCESTER','WORCESTER','MA','ATLANTIC','MA-RI'),
('01655','WORCESTER','WORCESTER','MA','ATLANTIC','MA-RI'),
('01825','NORTH READING','NORTH READING','MA','ATLANTIC','MA-RI'),
('02714','NEW BEDFORD','NEW BEDFORD','MA','ATLANTIC','MA-RI'),
('02815','CLAYVILLE','CLAYVILLE','RI','ATLANTIC','MA-RI'),
('02836','CHARLESTOWN','CHARLESTOWN','RI','ATLANTIC','MA-RI'),
('02858','HARRISVILLE','HARRISVILLE','RI','ATLANTIC','MA-RI'),
('03575','TWIN MOUNTAIN','TWIN MOUNTAIN','NH','ATLANTIC','ME-NH-VT'),
('03589','TWIN MOUNTAIN','TWIN MOUNTAIN','NH','ATLANTIC','ME-NH-VT'),
('03609','WALPOLE','WALPOLE','NH','ATLANTIC','ME-NH-VT'),
('03756','LEBANON','LEBANON','NH','ATLANTIC','ME-NH-VT'),
('04007','BIDDEFORD','BIDDEFORD','ME','ATLANTIC','ME-NH-VT'),
('04013','SOUTH FREEPORT','SOUTH FREEPORT','ME','ATLANTIC','ME-NH-VT'),
('04109','PORTLAND','PORTLAND','ME','ATLANTIC','ME-NH-VT'),
('04454','VANCEBORO','VANCEBORO','ME','ATLANTIC','ME-NH-VT'),
('04485','GREENVILLE','GREENVILLE','ME','ATLANTIC','ME-NH-VT'),
('04549','BOOTHBAY','BOOTHBAY','ME','ATLANTIC','ME-NH-VT'),
('04570','BOOTHBAY HARBOR','BOOTHBAY HARBOR','ME','ATLANTIC','ME-NH-VT'),
('04637','PRINCETON','PRINCETON','ME','ATLANTIC','ME-NH-VT'),
('04642','BROOKSVILLE','BROOKSVILLE','ME','ATLANTIC','ME-NH-VT'),
('04686','MACHIAS','MACHIAS','ME','ATLANTIC','ME-NH-VT'),
('04737','FORT KENT','FORT KENT','ME','ATLANTIC','ME-NH-VT'),
('04741','FORT KENT','FORT KENT','ME','ATLANTIC','ME-NH-VT'),
('04764','ASHLAND','ASHLAND','ME','ATLANTIC','ME-NH-VT'),
('04775','ASHLAND','ASHLAND','ME','ATLANTIC','ME-NH-VT'),
('04940','FARMINGTON FALLS','FARMINGTON FALLS','ME','ATLANTIC','ME-NH-VT');