INSERT INTO us_locations (zip_code, locale_name, city, state, area_name, district_name) VALUES
('24025','ROANOKE','ROANOKE','VA','ATLANTIC','VIRGINIA'),
('24026','ROANOKE','ROANOKE','VA','ATLANTIC','VIRGINIA'),
('24027','ROANOKE','ROANOKE','VA','ATLANTIC','VIRGINIA'),
('24028','ROANOKE','ROANOKE','VA','ATLANTIC','VIRGINIA'),
('24029','ROANOKE','ROANOKE','VA','ATLANTIC','VIRGINIA'),
('24030','ROANOKE','ROANOKE','VA','ATLANTIC','VIRGINIA'),
('24031','ROANOKE','ROANOKE','VA','ATLANTIC','VIRGINIA'),
('24032','ROANOKE','ROANOKE','VA','ATLANTIC','VIRGINIA'),
('24033','ROANOKE','ROANOKE','VA','ATLANTIC','VIRGINIA'),
('24034','ROANOKE','ROANOKE','VA','ATLANTIC','VIRGINIA'),
('24035','ROANOKE','ROANOKE','VA','ATLANTIC','VIRGINIA'),
('24036','ROANOKE','ROANOKE','VA','ATLANTIC','VIRGINIA'),
('24037','ROANOKE','ROANOKE','VA','ATLANTIC','VIRGINIA'),
('24038','ROANOKE','ROANOKE','VA','ATLANTIC','VIRGINIA'),
('24053','ARARAT','ARARAT','VA','ATLANTIC','VIRGINIA'),
('24054','AXTON','AXTON','VA','ATLANTIC','VIRGINIA'),
('24055','BASSETT','BASSETT','VA','ATLANTIC','VIRGINIA'),
('24058','BELSPRING','BELSPRING','VA','ATLANTIC','VIRGINIA'),
('24059','BENT MOUNTAIN','BENT MOUNTAIN','VA','ATLANTIC','VIRGINIA'),
('24059','COPPER HILL','COPPER HILL','VA','ATLANTIC','VIRGINIA'),
('24060','BLACKSBURG','BLACKSBURG','VA','ATLANTIC','VIRGINIA'),
('24062','BLACKSBURG','BLACKSBURG','VA','ATLANTIC','VIRGINIA'),
('24063','DOWNTOWN BLACKSBURG','BLACKSBURG','VA','ATLANTIC','VIRGINIA'),
('24064','BLUE RIDGE','BLUE RIDGE','VA','ATLANTIC','VIRGINIA'),
('24065','BOONES MILL','BOONES MILL','VA','ATLANTIC','VIRGINIA'),
('24066','BUCHANAN','BUCHANAN','VA','ATLANTIC','VIRGINIA'),
('24067','CALLAWAY','CALLAWAY','VA','ATLANTIC','VIRGINIA'),
('24068','CHRISTIANSBURG','CHRISTIANSBURG','VA','ATLANTIC','VIRGINIA'),
('24068','DOWNTOWN CHRISTIANSBURG','CHRISTIANSBURG','VA','ATLANTIC','VIRGINIA'),
('24069','CASCADE','CASCADE','VA','ATLANTIC','VIRGINIA'),
('24070','CATAWBA','CATAWBA','VA','ATLANTIC','VIRGINIA'),
('24072','CHECK','CHECK','VA','ATLANTIC','VIRGINIA'),
('24072','COPPER HILL','COPPER HILL','VA','ATLANTIC','VIRGINIA'),
('24073','CHRISTIANSBURG','CHRISTIANSBURG','VA','ATLANTIC','VIRGINIA'),
('24076','CLAUDVILLE','CLAUDVILLE','VA','ATLANTIC','VIRGINIA'),
('24077','CLOVERDALE','CLOVERDALE','VA','ATLANTIC','VIRGINIA'),
('24078','COLLINSVILLE','COLLINSVILLE','VA','ATLANTIC','VIRGINIA'),
('24079','COPPER HILL','COPPER HILL','VA','ATLANTIC','VIRGINIA'),
('24082','CRITZ','CRITZ','VA','ATLANTIC','VIRGINIA'),
('24082','STUART','STUART','VA','ATLANTIC','VIRGINIA'),
('24083','DALEVILLE','DALEVILLE','VA','ATLANTIC','VIRGINIA'),
('24084','DUBLIN','DUBLIN','VA','ATLANTIC','VIRGINIA'),
('24085','EAGLE ROCK','EAGLE ROCK','VA','ATLANTIC','VIRGINIA'),
('24086','EGGLESTON','EGGLESTON','VA','ATLANTIC','VIRGINIA'),
('24086','PEARISBURG','PEARISBURG','VA','ATLANTIC','VIRGINIA'),
('24087','ELLISTON','ELLISTON','VA','ATLANTIC','VIRGINIA'),
('24088','FERRUM','FERRUM','VA','ATLANTIC','VIRGINIA'),
('24089','COLLINSVILLE','COLLINSVILLE','VA','ATLANTIC','VIRGINIA'),
('24089','FIELDALE','FIELDALE','VA','ATLANTIC','VIRGINIA'),
('24090','FINCASTLE','FINCASTLE','VA','ATLANTIC','VIRGINIA');