INSERT INTO us_locations (zip_code, locale_name, city, state, area_name, district_name) VALUES
('20164','STERLING','STERLING','VA','ATLANTIC','VIRGINIA'),
('20165','POTOMAC FALLS','STERLING','VA','ATLANTIC','VIRGINIA'),
('20166','POTOMAC FALLS','STERLING','VA','ATLANTIC','VIRGINIA'),
('20167','STERLING','STERLING','VA','ATLANTIC','VIRGINIA'),
('20168','HAYMARKET','HAYMARKET','VA','ATLANTIC','VIRGINIA'),
('20169','TRI CITY GAINESVILLE','GAINESVILLE','VA','ATLANTIC','VIRGINIA'),
('20170','HERNDON','HERNDON','VA','ATLANTIC','VIRGINIA'),
('20171','OAK HILL','HERNDON','VA','ATLANTIC','VIRGINIA'),
('20172','HERNDON','HERNDON','VA','ATLANTIC','VIRGINIA'),
('20175','LEESBURG ANNEX','LEESBURG','VA','ATLANTIC','VIRGINIA'),
('20176','LEESBURG','LEESBURG','VA','ATLANTIC','VIRGINIA'),
('20177','LEESBURG','LEESBURG','VA','ATLANTIC','VIRGINIA'),
('20178','DOWNTOWN LEESBURG','LEESBURG','VA','ATLANTIC','VIRGINIA'),
('20180','LOVETTSVILLE','LOVETTSVILLE','VA','ATLANTIC','VIRGINIA'),
('20181','BRISTOW','BRISTOW','VA','ATLANTIC','VIRGINIA'),
('20182','NOKESVILLE','NOKESVILLE','VA','ATLANTIC','VIRGINIA'),
('20184','UPPERVILLE','UPPERVILLE','VA','ATLANTIC','VIRGINIA'),
('20185','UPPERVILLE','UPPERVILLE','VA','ATLANTIC','VIRGINIA'),
('20186','WARRENTON CARRIER ANNEX','WARRENTON','VA','ATLANTIC','VIRGINIA'),
('20187','VINT HILL FARMS','WARRENTON','VA','ATLANTIC','VIRGINIA'),
('20187','WARRENTON CARRIER ANNEX','WARRENTON','VA','ATLANTIC','VIRGINIA'),
('20188','WARRENTON','WARRENTON','VA','ATLANTIC','VIRGINIA'),
('20190','RESTON','RESTON','VA','ATLANTIC','VIRGINIA'),
('20191','RESTON','RESTON','VA','ATLANTIC','VIRGINIA'),
('20194','RESTON','RESTON','VA','ATLANTIC','VIRGINIA'),
('20195','RESTON','RESTON','VA','ATLANTIC','VIRGINIA'),
('20197','LOVETTSVILLE','LOVETTSVILLE','VA','ATLANTIC','VIRGINIA'),
('20197','WATERFORD','WATERFORD','VA','ATLANTIC','VIRGINIA'),
('20198','THE PLAINS','THE PLAINS','VA','ATLANTIC','VIRGINIA'),
('20601','WALDORF MD SDC','WALDORF','MD','ATLANTIC','MARYLAND'),
('20602','WALDORF MD SDC','WALDORF','MD','ATLANTIC','MARYLAND'),
('20603','SAINT CHARLES CENTER','WALDORF','MD','ATLANTIC','MARYLAND'),
('20603','WALDORF MD SDC','WALDORF','MD','ATLANTIC','MARYLAND'),
('20604','WALDORF','WALDORF','MD','ATLANTIC','MARYLAND'),
('20606','ABELL','ABELL','MD','ATLANTIC','MARYLAND'),
('20607','ACCOKEEK','ACCOKEEK','MD','ATLANTIC','MARYLAND'),
('20608','HUGHESVILLE','HUGHESVILLE','MD','ATLANTIC','MARYLAND'),
('20609','AVENUE','AVENUE','MD','ATLANTIC','MARYLAND'),
('20610','BARSTOW','BARSTOW','MD','ATLANTIC','MARYLAND'),
('20611','FAULKNER','FAULKNER','MD','ATLANTIC','MARYLAND'),
('20612','BENEDICT','BENEDICT','MD','ATLANTIC','MARYLAND'),
('20613','BRANDYWINE','BRANDYWINE','MD','ATLANTIC','MARYLAND'),
('20615','BROOMES ISLAND','BROOMES ISLAND','MD','ATLANTIC','MARYLAND'),
('20616','BRYANS ROAD','BRYANS ROAD','MD','ATLANTIC','MARYLAND'),
('20617','BRYANTOWN','BRYANTOWN','MD','ATLANTIC','MARYLAND'),
('20618','BUSHWOOD','BUSHWOOD','MD','ATLANTIC','MARYLAND'),
('20619','CALIFORNIA','CALIFORNIA','MD','ATLANTIC','MARYLAND'),
('20620','CALLAWAY','CALLAWAY','MD','ATLANTIC','MARYLAND'),
('20621','CHAPTICO','CHAPTICO','MD','ATLANTIC','MARYLAND'),
('20622','CHARLOTTE HALL','CHARLOTTE HALL','MD','ATLANTIC','MARYLAND');