INSERT INTO us_locations (zip_code, locale_name, city, state, area_name, district_name) VALUES
('05046','GROTON','GROTON','VT','ATLANTIC','ME-NH-VT'),
('05047','HARTFORD','HARTFORD','VT','ATLANTIC','ME-NH-VT'),
('05048','HARTLAND','HARTLAND','VT','ATLANTIC','ME-NH-VT'),
('05049','HARTLAND','HARTLAND','VT','ATLANTIC','ME-NH-VT'),
('05050','MC INDOE FALLS','MC INDOE FALLS','VT','ATLANTIC','ME-NH-VT'),
('05051','NEWBURY','NEWBURY','VT','ATLANTIC','ME-NH-VT'),
('05052','NORTH HARTLAND','NORTH HARTLAND','VT','ATLANTIC','ME-NH-VT'),
('05053','NORTH POMFRET','NORTH POMFRET','VT','ATLANTIC','ME-NH-VT'),
('05054','NORTH THETFORD','NORTH THETFORD','VT','ATLANTIC','ME-NH-VT'),
('05055','NORWICH','NORWICH','VT','ATLANTIC','ME-NH-VT'),
('05055','WILDER','WILDER','VT','ATLANTIC','ME-NH-VT'),
('05056','PLYMOUTH','PLYMOUTH','VT','ATLANTIC','ME-NH-VT'),
('05058','POST MILLS','POST MILLS','VT','ATLANTIC','ME-NH-VT'),
('05059','QUECHEE','QUECHEE','VT','ATLANTIC','ME-NH-VT'),
('05060','RANDOLPH','RANDOLPH','VT','ATLANTIC','ME-NH-VT'),
('05061','RANDOLPH','RANDOLPH','VT','ATLANTIC','ME-NH-VT'),
('05061','RANDOLPH CENTER','RANDOLPH CENTER','VT','ATLANTIC','ME-NH-VT'),
('05062','READING','READING','VT','ATLANTIC','ME-NH-VT'),
('05065','SHARON','SHARON','VT','ATLANTIC','ME-NH-VT'),
('05067','HARTFORD','HARTFORD','VT','ATLANTIC','ME-NH-VT'),
('05067','SOUTH POMFRET','SOUTH POMFRET','VT','ATLANTIC','ME-NH-VT'),
('05068','SOUTH ROYALTON','SOUTH ROYALTON','VT','ATLANTIC','ME-NH-VT'),
('05069','SOUTH RYEGATE','SOUTH RYEGATE','VT','ATLANTIC','ME-NH-VT'),
('05070','SOUTH STRAFFORD','SOUTH STRAFFORD','VT','ATLANTIC','ME-NH-VT'),
('05071','SOUTH WOODSTOCK','SOUTH WOODSTOCK','VT','ATLANTIC','ME-NH-VT'),
('05072','STRAFFORD','STRAFFORD','VT','ATLANTIC','ME-NH-VT'),
('05073','TAFTSVILLE','TAFTSVILLE','VT','ATLANTIC','ME-NH-VT'),
('05074','THETFORD','THETFORD','VT','ATLANTIC','ME-NH-VT'),
('05075','THETFORD','THETFORD','VT','ATLANTIC','ME-NH-VT'),
('05075','THETFORD CENTER CARRIERS','THETFORD','VT','ATLANTIC','ME-NH-VT'),
('05076','EAST CORINTH','EAST CORINTH','VT','ATLANTIC','ME-NH-VT'),
('05077','TUNBRIDGE','TUNBRIDGE','VT','ATLANTIC','ME-NH-VT'),
('05079','VERSHIRE','VERSHIRE','VT','ATLANTIC','ME-NH-VT'),
('05081','WELLS RIVER','WELLS RIVER','VT','ATLANTIC','ME-NH-VT'),
('05083','THETFORD','THETFORD','VT','ATLANTIC','ME-NH-VT'),
('05084','HARTFORD','HARTFORD','VT','ATLANTIC','ME-NH-VT'),
('05085','WEST NEWBURY','WEST NEWBURY','VT','ATLANTIC','ME-NH-VT'),
('05086','WEST TOPSHAM','WEST TOPSHAM','VT','ATLANTIC','ME-NH-VT'),
('05088','WILDER','WILDER','VT','ATLANTIC','ME-NH-VT'),
('05089','WINDSOR','WINDSOR','VT','ATLANTIC','ME-NH-VT'),
('05091','WOODSTOCK','WOODSTOCK','VT','ATLANTIC','ME-NH-VT'),
('05101','BELLOWS FALLS','BELLOWS FALLS','VT','ATLANTIC','ME-NH-VT'),
('05141','SAXTONS RIVER','SAXTONS RIVER','VT','ATLANTIC','ME-NH-VT'),
('05142','CAVENDISH','CAVENDISH','VT','ATLANTIC','ME-NH-VT'),
('05143','CHESTER','CHESTER','VT','ATLANTIC','ME-NH-VT'),
('05146','GRAFTON','GRAFTON','VT','ATLANTIC','ME-NH-VT'),
('05148','LONDONDERRY','LONDONDERRY','VT','ATLANTIC','ME-NH-VT'),
('05149','LUDLOW','LUDLOW','VT','ATLANTIC','ME-NH-VT'),
('05150','NORTH SPRINGFIELD','NORTH SPRINGFIELD','VT','ATLANTIC','ME-NH-VT'),
('05151','PERKINSVILLE','PERKINSVILLE','VT','ATLANTIC','ME-NH-VT');