INSERT INTO us_locations (zip_code, locale_name, city, state, area_name, district_name) VALUES
('70518','BROUSSARD','BROUSSARD','LA','SOUTHERN','LOUISIANA'),
('70519','CADE','CADE','LA','SOUTHERN','LOUISIANA'),
('70520','CARENCRO','CARENCRO','LA','SOUTHERN','LOUISIANA'),
('70521','CECILIA','CECILIA','LA','SOUTHERN','LOUISIANA'),
('70522','CENTERVILLE','CENTERVILLE','LA','SOUTHERN','LOUISIANA'),
('70523','CHARENTON','CHARENTON','LA','SOUTHERN','LOUISIANA'),
('70524','CHATAIGNIER','CHATAIGNIER','LA','SOUTHERN','LOUISIANA'),
('70525','CHURCH POINT','CHURCH POINT','LA','SOUTHERN','LOUISIANA'),
('70526','CROWLEY','CROWLEY','LA','SOUTHERN','LOUISIANA'),
('70527','CROWLEY','CROWLEY','LA','SOUTHERN','LOUISIANA'),
('70528','DELCAMBRE','DELCAMBRE','LA','SOUTHERN','LOUISIANA'),
('70529','DUSON','DUSON','LA','SOUTHERN','LOUISIANA'),
('70531','EGAN','EGAN','LA','SOUTHERN','LOUISIANA'),
('70532','ELTON','ELTON','LA','SOUTHERN','LOUISIANA'),
('70533','ERATH','ERATH','LA','SOUTHERN','LOUISIANA'),
('70534','ESTHERWOOD','ESTHERWOOD','LA','SOUTHERN','LOUISIANA'),
('70535','EUNICE','EUNICE','LA','SOUTHERN','LOUISIANA'),
('70537','EVANGELINE','EVANGELINE','LA','SOUTHERN','LOUISIANA'),
('70537','JENNINGS','JENNINGS','LA','SOUTHERN','LOUISIANA'),
('70538','FRANKLIN','FRANKLIN','LA','SOUTHERN','LOUISIANA'),
('70540','FRANKLIN','FRANKLIN','LA','SOUTHERN','LOUISIANA'),
('70541','GRAND COTEAU','GRAND COTEAU','LA','SOUTHERN','LOUISIANA'),
('70542','GUEYDAN','GUEYDAN','LA','SOUTHERN','LOUISIANA'),
('70543','IOTA','IOTA','LA','SOUTHERN','LOUISIANA'),
('70544','JEANERETTE','JEANERETTE','LA','SOUTHERN','LOUISIANA'),
('70546','JENNINGS','JENNINGS','LA','SOUTHERN','LOUISIANA'),
('70548','KAPLAN','KAPLAN','LA','SOUTHERN','LOUISIANA'),
('70549','JENNINGS','JENNINGS','LA','SOUTHERN','LOUISIANA'),
('70549','LAKE ARTHUR','LAKE ARTHUR','LA','SOUTHERN','LOUISIANA'),
('70550','LAWTELL','LAWTELL','LA','SOUTHERN','LOUISIANA'),
('70551','LEONVILLE','LEONVILLE','LA','SOUTHERN','LOUISIANA'),
('70552','LOREAUVILLE','LOREAUVILLE','LA','SOUTHERN','LOUISIANA'),
('70554','MAMOU','MAMOU','LA','SOUTHERN','LOUISIANA'),
('70555','MAURICE','MAURICE','LA','SOUTHERN','LOUISIANA'),
('70556','MERMENTAU','MERMENTAU','LA','SOUTHERN','LOUISIANA'),
('70558','MILTON','MILTON','LA','SOUTHERN','LOUISIANA'),
('70559','MORSE','MORSE','LA','SOUTHERN','LOUISIANA'),
('70560','NEW IBERIA','NEW IBERIA','LA','SOUTHERN','LOUISIANA'),
('70562','NEW IBERIA','NEW IBERIA','LA','SOUTHERN','LOUISIANA'),
('70563','NEW IBERIA','NEW IBERIA','LA','SOUTHERN','LOUISIANA'),
('70569','LYDIA','LYDIA','LA','SOUTHERN','LOUISIANA'),
('70570','OPELOUSAS','OPELOUSAS','LA','SOUTHERN','LOUISIANA'),
('70571','OPELOUSAS','OPELOUSAS','LA','SOUTHERN','LOUISIANA'),
('70575','PERRY','PERRY','LA','SOUTHERN','LOUISIANA'),
('70576','PINE PRAIRIE','PINE PRAIRIE','LA','SOUTHERN','LOUISIANA'),
('70577','PORT BARRE','PORT BARRE','LA','SOUTHERN','LOUISIANA'),
('70578','RAYNE','RAYNE','LA','SOUTHERN','LOUISIANA'),
('70580','REDDELL','REDDELL','LA','SOUTHERN','LOUISIANA'),
('70581','ROANOKE','ROANOKE','LA','SOUTHERN','LOUISIANA'),
('70582','SAINT MARTINVILLE','SAINT MARTINVILLE','LA','SOUTHERN','LOUISIANA');