INSERT INTO us_locations (zip_code, locale_name, city, state, area_name, district_name) VALUES
('05866','SHEFFIELD','SHEFFIELD','VT','ATLANTIC','ME-NH-VT'),
('05867','WEST BURKE','WEST BURKE','VT','ATLANTIC','ME-NH-VT'),
('05868','TROY','TROY','VT','ATLANTIC','ME-NH-VT'),
('05871','WEST BURKE','WEST BURKE','VT','ATLANTIC','ME-NH-VT'),
('05872','WEST CHARLESTON','WEST CHARLESTON','VT','ATLANTIC','ME-NH-VT'),
('05873','SAINT JOHNSBURY','SAINT JOHNSBURY','VT','ATLANTIC','ME-NH-VT'),
('05873','WEST DANVILLE','WEST DANVILLE','VT','ATLANTIC','ME-NH-VT'),
('05874','LOWELL','LOWELL','VT','ATLANTIC','ME-NH-VT'),
('05875','BARTON','BARTON','VT','ATLANTIC','ME-NH-VT'),
('05901','CANAAN','CANAAN','VT','ATLANTIC','ME-NH-VT'),
('05902','BEECHER FALLS','BEECHER FALLS','VT','ATLANTIC','ME-NH-VT'),
('05902','CANAAN','CANAAN','VT','ATLANTIC','ME-NH-VT'),
('05903','CANAAN','CANAAN','VT','ATLANTIC','ME-NH-VT'),
('05904','GILMAN','GILMAN','VT','ATLANTIC','ME-NH-VT'),
('05905','GUILDHALL','GUILDHALL','VT','ATLANTIC','ME-NH-VT'),
('05906','LUNENBURG','LUNENBURG','VT','ATLANTIC','ME-NH-VT'),
('05907','NORTON','NORTON','VT','ATLANTIC','ME-NH-VT'),
('06001','AVON','AVON','CT','ATLANTIC','CONNECTICUT'),
('06002','BLOOMFIELD','BLOOMFIELD','CT','ATLANTIC','CONNECTICUT'),
('06010','BRISTOL','BRISTOL','CT','ATLANTIC','CONNECTICUT'),
('06011','BRISTOL','BRISTOL','CT','ATLANTIC','CONNECTICUT'),
('06011','FORESTVILLE','BRISTOL','CT','ATLANTIC','CONNECTICUT'),
('06013','BURLINGTON','BURLINGTON','CT','ATLANTIC','CONNECTICUT'),
('06016','BROAD BROOK','BROAD BROOK','CT','ATLANTIC','CONNECTICUT'),
('06018','CANAAN','CANAAN','CT','ATLANTIC','CONNECTICUT'),
('06018','FALLS VILLAGE','FALLS VILLAGE','CT','ATLANTIC','CONNECTICUT'),
('06019','CANTON','CANTON','CT','ATLANTIC','CONNECTICUT'),
('06020','CANTON CENTER','CANTON CENTER','CT','ATLANTIC','CONNECTICUT'),
('06021','COLEBROOK','COLEBROOK','CT','ATLANTIC','CONNECTICUT'),
('06022','COLLINSVILLE','COLLINSVILLE','CT','ATLANTIC','CONNECTICUT'),
('06023','EAST BERLIN','EAST BERLIN','CT','ATLANTIC','CONNECTICUT'),
('06023','KENSINGTON','BERLIN','CT','ATLANTIC','CONNECTICUT'),
('06024','EAST CANAAN','EAST CANAAN','CT','ATLANTIC','CONNECTICUT'),
('06024','FALLS VILLAGE','FALLS VILLAGE','CT','ATLANTIC','CONNECTICUT'),
('06025','EAST GLASTONBURY','EAST GLASTONBURY','CT','ATLANTIC','CONNECTICUT'),
('06026','EAST GRANBY','EAST GRANBY','CT','ATLANTIC','CONNECTICUT'),
('06026','SUFFIELD','SUFFIELD','CT','ATLANTIC','CONNECTICUT'),
('06027','EAST HARTLAND','EAST HARTLAND','CT','ATLANTIC','CONNECTICUT'),
('06028','EAST WINDSOR HILL','EAST WINDSOR HILL','CT','ATLANTIC','CONNECTICUT'),
('06029','ELLINGTON','ELLINGTON','CT','ATLANTIC','CONNECTICUT'),
('06029','VERNON ROCKVILLE','VERNON ROCKVILLE','CT','ATLANTIC','CONNECTICUT'),
('06031','FALLS VILLAGE','FALLS VILLAGE','CT','ATLANTIC','CONNECTICUT'),
('06032','FARMINGTON','FARMINGTON','CT','ATLANTIC','CONNECTICUT'),
('06033','GLASTONBURY','GLASTONBURY','CT','ATLANTIC','CONNECTICUT'),
('06034','FARMINGTON','FARMINGTON','CT','ATLANTIC','CONNECTICUT'),
('06035','GRANBY','GRANBY','CT','ATLANTIC','CONNECTICUT'),
('06037','BERLIN','BERLIN','CT','ATLANTIC','CONNECTICUT'),
('06037','KENSINGTON','BERLIN','CT','ATLANTIC','CONNECTICUT'),
('06039','LAKEVILLE','LAKEVILLE','CT','ATLANTIC','CONNECTICUT'),
('06040','BUCKLAND','MANCHESTER','CT','ATLANTIC','CONNECTICUT');