INSERT INTO us_locations (zip_code, locale_name, city, state, area_name, district_name) VALUES
('70341','BELLE ROSE','BELLE ROSE','LA','SOUTHERN','LOUISIANA'),
('70342','BERWICK','BERWICK','LA','SOUTHERN','LOUISIANA'),
('70342','MORGAN CITY','MORGAN CITY','LA','SOUTHERN','LOUISIANA'),
('70343','BOURG','BOURG','LA','SOUTHERN','LOUISIANA'),
('70343','HOUMA','HOUMA','LA','SOUTHERN','LOUISIANA'),
('70344','CHAUVIN','CHAUVIN','LA','SOUTHERN','LOUISIANA'),
('70345','CUT OFF','CUT OFF','LA','SOUTHERN','LOUISIANA'),
('70346','DONALDSONVILLE','DONALDSONVILLE','LA','SOUTHERN','LOUISIANA'),
('70353','DULAC','DULAC','LA','SOUTHERN','LOUISIANA'),
('70354','GALLIANO','GALLIANO','LA','SOUTHERN','LOUISIANA'),
('70354','GOLDEN MEADOW','GOLDEN MEADOW','LA','SOUTHERN','LOUISIANA'),
('70356','GIBSON','GIBSON','LA','SOUTHERN','LOUISIANA'),
('70357','GOLDEN MEADOW','GOLDEN MEADOW','LA','SOUTHERN','LOUISIANA'),
('70358','GRAND ISLE','GRAND ISLE','LA','SOUTHERN','LOUISIANA'),
('70359','GRAY','GRAY','LA','SOUTHERN','LOUISIANA'),
('70359','HOUMA','HOUMA','LA','SOUTHERN','LOUISIANA'),
('70360','HOUMA','HOUMA','LA','SOUTHERN','LOUISIANA'),
('70361','HOUMA','HOUMA','LA','SOUTHERN','LOUISIANA'),
('70363','HOUMA','HOUMA','LA','SOUTHERN','LOUISIANA'),
('70364','HOUMA','HOUMA','LA','SOUTHERN','LOUISIANA'),
('70372','LABADIEVILLE','LABADIEVILLE','LA','SOUTHERN','LOUISIANA'),
('70373','LAROSE','LAROSE','LA','SOUTHERN','LOUISIANA'),
('70374','LOCKPORT','LOCKPORT','LA','SOUTHERN','LOUISIANA'),
('70375','MATHEWS','MATHEWS','LA','SOUTHERN','LOUISIANA'),
('70377','MONTEGUT','MONTEGUT','LA','SOUTHERN','LOUISIANA'),
('70380','MORGAN CITY','MORGAN CITY','LA','SOUTHERN','LOUISIANA'),
('70381','DOWNTOWN MORGAN CITY','MORGAN CITY','LA','SOUTHERN','LOUISIANA'),
('70381','MORGAN CITY','MORGAN CITY','LA','SOUTHERN','LOUISIANA'),
('70390','NAPOLEONVILLE','NAPOLEONVILLE','LA','SOUTHERN','LOUISIANA'),
('70391','PAINCOURTVILLE','PAINCOURTVILLE','LA','SOUTHERN','LOUISIANA'),
('70392','PATTERSON','PATTERSON','LA','SOUTHERN','LOUISIANA'),
('70393','PLATTENVILLE','PLATTENVILLE','LA','SOUTHERN','LOUISIANA'),
('70394','RACELAND','RACELAND','LA','SOUTHERN','LOUISIANA'),
('70395','SCHRIEVER','SCHRIEVER','LA','SOUTHERN','LOUISIANA'),
('70395','THIBODAUX','THIBODAUX','LA','SOUTHERN','LOUISIANA'),
('70397','DULAC','DULAC','LA','SOUTHERN','LOUISIANA'),
('70401','HAMMOND','HAMMOND','LA','SOUTHERN','LOUISIANA'),
('70403','HAMMOND','HAMMOND','LA','SOUTHERN','LOUISIANA'),
('70404','HAMMOND','HAMMOND','LA','SOUTHERN','LOUISIANA'),
('70420','ABITA SPRINGS','ABITA SPRINGS','LA','SOUTHERN','LOUISIANA'),
('70422','AMITE','AMITE','LA','SOUTHERN','LOUISIANA'),
('70426','ANGIE','ANGIE','LA','SOUTHERN','LOUISIANA'),
('70427','BOGALUSA','BOGALUSA','LA','SOUTHERN','LOUISIANA'),
('70429','BOGALUSA','BOGALUSA','LA','SOUTHERN','LOUISIANA'),
('70431','BUSH','BUSH','LA','SOUTHERN','LOUISIANA'),
('70433','COVINGTON','COVINGTON','LA','SOUTHERN','LOUISIANA'),
('70434','COVINGTON','COVINGTON','LA','SOUTHERN','LOUISIANA'),
('70435','COVINGTON','COVINGTON','LA','SOUTHERN','LOUISIANA'),
('70436','FLUKER','FLUKER','LA','SOUTHERN','LOUISIANA'),
('70436','GREENSBURG','GREENSBURG','LA','SOUTHERN','LOUISIANA');