INSERT INTO us_locations (zip_code, locale_name, city, state, area_name, district_name) VALUES
('78028','KERRVILLE','KERRVILLE','TX','SOUTHERN','TEXAS 3'),
('78029','KERRVILLE','KERRVILLE','TX','SOUTHERN','TEXAS 3'),
('78039','LA COSTE','LA COSTE','TX','SOUTHERN','TEXAS 3'),
('78040','LAREDO','LAREDO','TX','SOUTHERN','TEXAS 3'),
('78041','DEL MAR','LAREDO','TX','SOUTHERN','TEXAS 3'),
('78042','EL CENTRO','LAREDO','TX','SOUTHERN','TEXAS 3'),
('78043','LAREDO','LAREDO','TX','SOUTHERN','TEXAS 3'),
('78044','LAREDO','LAREDO','TX','SOUTHERN','TEXAS 3'),
('78045','DEL MAR','LAREDO','TX','SOUTHERN','TEXAS 3'),
('78046','LAREDO','LAREDO','TX','SOUTHERN','TEXAS 3'),
('78050','LEMING','LEMING','TX','SOUTHERN','TEXAS 3'),
('78052','LYTLE','LYTLE','TX','SOUTHERN','TEXAS 3'),
('78054','MACDONA','MACDONA','TX','SOUTHERN','TEXAS 3'),
('78055','MEDINA','MEDINA','TX','SOUTHERN','TEXAS 3'),
('78056','CASTROVILLE','CASTROVILLE','TX','SOUTHERN','TEXAS 3'),
('78057','MOORE','MOORE','TX','SOUTHERN','TEXAS 3'),
('78058','MOUNTAIN HOME','MOUNTAIN HOME','TX','SOUTHERN','TEXAS 3'),
('78059','LYTLE','LYTLE','TX','SOUTHERN','TEXAS 3'),
('78059','NATALIA','NATALIA','TX','SOUTHERN','TEXAS 3'),
('78060','THREE RIVERS','THREE RIVERS','TX','SOUTHERN','TEXAS 3'),
('78061','PEARSALL','PEARSALL','TX','SOUTHERN','TEXAS 3'),
('78063','PIPE CREEK','PIPE CREEK','TX','SOUTHERN','TEXAS 3'),
('78064','PLEASANTON','PLEASANTON','TX','SOUTHERN','TEXAS 3'),
('78065','POTEET','POTEET','TX','SOUTHERN','TEXAS 3'),
('78066','RIO MEDINA','RIO MEDINA','TX','SOUTHERN','TEXAS 3'),
('78067','SAN YGNACIO','SAN YGNACIO','TX','SOUTHERN','TEXAS 3'),
('78069','SOMERSET','SOMERSET','TX','SOUTHERN','TEXAS 3'),
('78069','VON ORMY','VON ORMY','TX','SOUTHERN','TEXAS 3'),
('78070','SPRING BRANCH','SPRING BRANCH','TX','SOUTHERN','TEXAS 3'),
('78071','THREE RIVERS','THREE RIVERS','TX','SOUTHERN','TEXAS 3'),
('78072','TILDEN','TILDEN','TX','SOUTHERN','TEXAS 3'),
('78073','VON ORMY','VON ORMY','TX','SOUTHERN','TEXAS 3'),
('78074','WARING','WARING','TX','SOUTHERN','TEXAS 3'),
('78075','CAMPBELLTON','CAMPBELLTON','TX','SOUTHERN','TEXAS 3'),
('78076','ZAPATA','ZAPATA','TX','SOUTHERN','TEXAS 3'),
('78101','ADKINS','ADKINS','TX','SOUTHERN','TEXAS 3'),
('78101','LA VERNIA','LA VERNIA','TX','SOUTHERN','TEXAS 3'),
('78102','BEEVILLE','BEEVILLE','TX','SOUTHERN','TEXAS 3'),
('78104','BEEVILLE','BEEVILLE','TX','SOUTHERN','TEXAS 3'),
('78107','BERCLAIR','BERCLAIR','TX','SOUTHERN','TEXAS 2'),
('78108','CIBOLO','CIBOLO','TX','SOUTHERN','TEXAS 3'),
('78109','CONVERSE','CONVERSE','TX','SOUTHERN','TEXAS 3'),
('78111','GILLETT','GILLETT','TX','SOUTHERN','TEXAS 3'),
('78112','ELMENDORF','ELMENDORF','TX','SOUTHERN','TEXAS 3'),
('78113','FALLS CITY','FALLS CITY','TX','SOUTHERN','TEXAS 3'),
('78114','FLORESVILLE','FLORESVILLE','TX','SOUTHERN','TEXAS 3'),
('78115','SEGUIN','SEGUIN','TX','SOUTHERN','TEXAS 3'),
('78116','GILLETT','GILLETT','TX','SOUTHERN','TEXAS 3'),
('78117','FALLS CITY','FALLS CITY','TX','SOUTHERN','TEXAS 3'),
('78118','KARNES CITY','KARNES CITY','TX','SOUTHERN','TEXAS 3');