INSERT INTO us_locations (zip_code, locale_name, city, state, area_name, district_name) VALUES
('22746','RIXEYVILLE','RIXEYVILLE','VA','ATLANTIC','VIRGINIA'),
('22848','HARRISONBURG','HARRISONBURG','VA','ATLANTIC','VIRGINIA'),
('22904','CHARLOTTESVILLE','CHARLOTTESVILLE','VA','ATLANTIC','VIRGINIA'),
('22989','ORANGE','ORANGE','VA','ATLANTIC','VIRGINIA'),
('23014','GOOCHLAND','GOOCHLAND','VA','ATLANTIC','VIRGINIA'),
('23031','SALUDA','SALUDA','VA','ATLANTIC','VIRGINIA'),
('23081','WILLIAMSBURG','WILLIAMSBURG','VA','ATLANTIC','VIRGINIA'),
('23105','MANNBORO','MANNBORO','VA','ATLANTIC','VIRGINIA'),
('23107','HAYES','HAYES','VA','ATLANTIC','VIRGINIA'),
('23155','HAYES','HAYES','VA','ATLANTIC','VIRGINIA'),
('23160','MAIDENS','MAIDENS','VA','ATLANTIC','VIRGINIA'),
('23190','WOODS CROSS ROADS','WOODS CROSS ROADS','VA','ATLANTIC','VIRGINIA'),
('23232','RICHMOND','RICHMOND','VA','ATLANTIC','VIRGINIA'),
('23284','RICHMOND','RICHMOND','VA','ATLANTIC','VIRGINIA'),
('23298','RICHMOND','RICHMOND','VA','ATLANTIC','VIRGINIA'),
('23345','CRADDOCKVILLE','CRADDOCKVILLE','VA','ATLANTIC','VIRGINIA'),
('23396','OAK HALL','OAK HALL','VA','ATLANTIC','VIRGINIA'),
('23399','TEMPERANCEVILLE','TEMPERANCEVILLE','VA','ATLANTIC','VIRGINIA'),
('23419','CAPE CHARLES','CAPE CHARLES','VA','ATLANTIC','VIRGINIA'),
('23429','CAPE CHARLES','CAPE CHARLES','VA','ATLANTIC','VIRGINIA'),
('23458','VIRGINIA BEACH','VIRGINIA BEACH','VA','ATLANTIC','VIRGINIA'),
('23459','VIRGINIA BEACH','VIRGINIA BEACH','VA','ATLANTIC','VIRGINIA'),
('23460','VIRGINIA BEACH','VIRGINIA BEACH','VA','ATLANTIC','VIRGINIA'),
('23461','VIRGINIA BEACH','VIRGINIA BEACH','VA','ATLANTIC','VIRGINIA'),
('23482','EXMORE','EXMORE','VA','ATLANTIC','VIRGINIA'),
('23506','NORFOLK','NORFOLK','VA','ATLANTIC','VIRGINIA'),
('23519','NORFOLK','NORFOLK','VA','ATLANTIC','VIRGINIA'),
('23708','PORTSMOUTH','PORTSMOUTH','VA','ATLANTIC','VIRGINIA'),
('23709','PORTSMOUTH','PORTSMOUTH','VA','ATLANTIC','VIRGINIA'),
('23822','FORD','FORD','VA','ATLANTIC','VIRGINIA'),
('23873','MEREDITHVILLE','MEREDITHVILLE','VA','ATLANTIC','VIRGINIA'),
('23941','CHASE CITY','CHASE CITY','VA','ATLANTIC','VIRGINIA'),
('23943','FARMVILLE','FARMVILLE','VA','ATLANTIC','VIRGINIA'),
('24113','MARTINSVILLE','MARTINSVILLE','VA','ATLANTIC','VIRGINIA'),
('24130','ORISKANY','ORISKANY','VA','ATLANTIC','VIRGINIA'),
('24142','RADFORD','RADFORD','VA','ATLANTIC','VIRGINIA'),
('24178','BLUE RIDGE','BLUE RIDGE','VA','ATLANTIC','VIRGINIA'),
('24215','APPALACHIA','APPALACHIA','VA','ATLANTIC','VIRGINIA'),
('24640','RAVEN','RAVEN','VA','ATLANTIC','VIRGINIA'),
('24647','RAVEN','RAVEN','VA','ATLANTIC','VIRGINIA'),
('24751','NEMOURS','NEMOURS','WV','CENTRAL','KY-WV'),
('24855','NORTHFORK','NORTHFORK','WV','CENTRAL','KY-WV'),
('24859','PINEVILLE','PINEVILLE','WV','CENTRAL','KY-WV'),
('24902','LEWISBURG','LEWISBURG','WV','CENTRAL','KY-WV'),
('25152','KINCAID','KINCAID','WV','CENTRAL','KY-WV'),
('25180','ARNETT','ARNETT','WV','CENTRAL','KY-WV'),
('25187','SOUTHSIDE','SOUTHSIDE','WV','CENTRAL','KY-WV'),
('25245','RIPLEY','RIPLEY','WV','CENTRAL','KY-WV'),
('25350','CHARLESTON','CHARLESTON','WV','CENTRAL','KY-WV'),
('25389','CHARLESTON','CHARLESTON','WV','CENTRAL','KY-WV');