INSERT INTO us_locations (zip_code, locale_name, city, state, area_name, district_name) VALUES
('05361','WHITINGHAM','WHITINGHAM','VT','ATLANTIC','ME-NH-VT'),
('05362','WILLIAMSVILLE','WILLIAMSVILLE','VT','ATLANTIC','ME-NH-VT'),
('05363','WILMINGTON','WILMINGTON','VT','ATLANTIC','ME-NH-VT'),
('05401','BURLINGTON ANNEX','BURLINGTON','VT','ATLANTIC','ME-NH-VT'),
('05402','BURLINGTON','BURLINGTON','VT','ATLANTIC','ME-NH-VT'),
('05403','BURLINGTON ANNEX','BURLINGTON','VT','ATLANTIC','ME-NH-VT'),
('05403','SOUTH BURLINGTON','SOUTH BURLINGTON','VT','ATLANTIC','ME-NH-VT'),
('05404','WINOOSKI','WINOOSKI','VT','ATLANTIC','ME-NH-VT'),
('05406','BURLINGTON CHAMPLAIN','BURLINGTON','VT','ATLANTIC','ME-NH-VT'),
('05407','SOUTH BURLINGTON','SOUTH BURLINGTON','VT','ATLANTIC','ME-NH-VT'),
('05408','NORTH BURLINGTON','BURLINGTON','VT','ATLANTIC','ME-NH-VT'),
('05440','ALBURGH','ALBURGH','VT','ATLANTIC','ME-NH-VT'),
('05441','BAKERSFIELD','BAKERSFIELD','VT','ATLANTIC','ME-NH-VT'),
('05442','WATERVILLE','WATERVILLE','VT','ATLANTIC','ME-NH-VT'),
('05443','BRISTOL','BRISTOL','VT','ATLANTIC','ME-NH-VT'),
('05444','CAMBRIDGE','CAMBRIDGE','VT','ATLANTIC','ME-NH-VT'),
('05445','CHARLOTTE','CHARLOTTE','VT','ATLANTIC','ME-NH-VT'),
('05445','SHELBURNE','SHELBURNE','VT','ATLANTIC','ME-NH-VT'),
('05446','COLCHESTER','COLCHESTER','VT','ATLANTIC','ME-NH-VT'),
('05447','ENOSBURG FALLS','ENOSBURG FALLS','VT','ATLANTIC','ME-NH-VT'),
('05448','EAST FAIRFIELD','EAST FAIRFIELD','VT','ATLANTIC','ME-NH-VT'),
('05449','COLCHESTER','COLCHESTER','VT','ATLANTIC','ME-NH-VT'),
('05450','ENOSBURG FALLS','ENOSBURG FALLS','VT','ATLANTIC','ME-NH-VT'),
('05451','ESSEX JUNCTION','ESSEX JUNCTION','VT','ATLANTIC','ME-NH-VT'),
('05452','ESSEX JUNCTION','ESSEX JUNCTION','VT','ATLANTIC','ME-NH-VT'),
('05453','PEARL STREET','ESSEX JUNCTION','VT','ATLANTIC','ME-NH-VT'),
('05454','FAIRFAX','FAIRFAX','VT','ATLANTIC','ME-NH-VT'),
('05455','FAIRFIELD','FAIRFIELD','VT','ATLANTIC','ME-NH-VT'),
('05456','FERRISBURGH','FERRISBURGH','VT','ATLANTIC','ME-NH-VT'),
('05456','VERGENNES','VERGENNES','VT','ATLANTIC','ME-NH-VT'),
('05457','FRANKLIN','FRANKLIN','VT','ATLANTIC','ME-NH-VT'),
('05458','GRAND ISLE','GRAND ISLE','VT','ATLANTIC','ME-NH-VT'),
('05459','HIGHGATE CENTER','HIGHGATE CENTER','VT','ATLANTIC','ME-NH-VT'),
('05460','HIGHGATE SPRINGS','HIGHGATE SPRINGS','VT','ATLANTIC','ME-NH-VT'),
('05461','HINESBURG','HINESBURG','VT','ATLANTIC','ME-NH-VT'),
('05462','HUNTINGTON','HUNTINGTON','VT','ATLANTIC','ME-NH-VT'),
('05463','ALBURGH','ALBURGH','VT','ATLANTIC','ME-NH-VT'),
('05463','ISLE LA MOTTE','ISLE LA MOTTE','VT','ATLANTIC','ME-NH-VT'),
('05464','JEFFERSONVILLE','JEFFERSONVILLE','VT','ATLANTIC','ME-NH-VT'),
('05465','JERICHO','JERICHO','VT','ATLANTIC','ME-NH-VT'),
('05466','JONESVILLE','JONESVILLE','VT','ATLANTIC','ME-NH-VT'),
('05468','MILTON','MILTON','VT','ATLANTIC','ME-NH-VT'),
('05469','MONKTON','MONKTON','VT','ATLANTIC','ME-NH-VT'),
('05470','MONTGOMERY','MONTGOMERY','VT','ATLANTIC','ME-NH-VT'),
('05471','MONTGOMERY','MONTGOMERY','VT','ATLANTIC','ME-NH-VT'),
('05472','NEW HAVEN','NEW HAVEN','VT','ATLANTIC','ME-NH-VT'),
('05473','CHARLOTTE','CHARLOTTE','VT','ATLANTIC','ME-NH-VT'),
('05473','NORTH FERRISBURGH','NORTH FERRISBURGH','VT','ATLANTIC','ME-NH-VT'),
('05474','NORTH HERO','NORTH HERO','VT','ATLANTIC','ME-NH-VT'),
('05476','RICHFORD','RICHFORD','VT','ATLANTIC','ME-NH-VT');