INSERT INTO us_locations (zip_code, locale_name, city, state, area_name, district_name) VALUES
('38506','ALGOOD','COOKEVILLE','TN','SOUTHERN','TENNESSEE'),
('38506','COOKEVILLE','COOKEVILLE','TN','SOUTHERN','TENNESSEE'),
('38541','ALLONS','ALLONS','TN','SOUTHERN','TENNESSEE'),
('38541','LIVINGSTON','LIVINGSTON','TN','SOUTHERN','TENNESSEE'),
('38542','ALPINE','ALPINE','TN','SOUTHERN','TENNESSEE'),
('38543','ALPINE','ALPINE','TN','SOUTHERN','TENNESSEE'),
('38544','BAXTER','BAXTER','TN','SOUTHERN','TENNESSEE'),
('38545','BLOOMINGTON SPRINGS','BLOOMINGTON SPRINGS','TN','SOUTHERN','TENNESSEE'),
('38547','BRUSH CREEK','BRUSH CREEK','TN','SOUTHERN','TENNESSEE'),
('38548','BUFFALO VALLEY','BUFFALO VALLEY','TN','SOUTHERN','TENNESSEE'),
('38549','BYRDSTOWN','BYRDSTOWN','TN','SOUTHERN','TENNESSEE'),
('38550','CAMPAIGN','CAMPAIGN','TN','SOUTHERN','TENNESSEE'),
('38551','CELINA','CELINA','TN','SOUTHERN','TENNESSEE'),
('38552','BUFFALO VALLEY','BUFFALO VALLEY','TN','SOUTHERN','TENNESSEE'),
('38552','CHESTNUT MOUND','CHESTNUT MOUND','TN','SOUTHERN','TENNESSEE'),
('38553','CLARKRANGE','CLARKRANGE','TN','SOUTHERN','TENNESSEE'),
('38554','CRAWFORD','CRAWFORD','TN','SOUTHERN','TENNESSEE'),
('38554','MONTEREY','MONTEREY','TN','SOUTHERN','TENNESSEE'),
('38555','CROSSVILLE','CROSSVILLE','TN','SOUTHERN','TENNESSEE'),
('38556','JAMESTOWN','JAMESTOWN','TN','SOUTHERN','TENNESSEE'),
('38557','CROSSVILLE','CROSSVILLE','TN','SOUTHERN','TENNESSEE'),
('38558','CPU FAIRFIELD GLADE','CROSSVILLE','TN','SOUTHERN','TENNESSEE'),
('38558','CROSSVILLE','CROSSVILLE','TN','SOUTHERN','TENNESSEE'),
('38559','DOYLE','DOYLE','TN','SOUTHERN','TENNESSEE'),
('38559','WALLING','WALLING','TN','SOUTHERN','TENNESSEE'),
('38560','CHESTNUT MOUND','CHESTNUT MOUND','TN','SOUTHERN','TENNESSEE'),
('38560','ELMWOOD','ELMWOOD','TN','SOUTHERN','TENNESSEE'),
('38562','GAINESBORO','GAINESBORO','TN','SOUTHERN','TENNESSEE'),
('38563','GORDONSVILLE','GORDONSVILLE','TN','SOUTHERN','TENNESSEE'),
('38564','CHESTNUT MOUND','CHESTNUT MOUND','TN','SOUTHERN','TENNESSEE'),
('38564','GRANVILLE','GRANVILLE','TN','SOUTHERN','TENNESSEE'),
('38565','CLARKRANGE','CLARKRANGE','TN','SOUTHERN','TENNESSEE'),
('38565','GRIMSLEY','GRIMSLEY','TN','SOUTHERN','TENNESSEE'),
('38567','HICKMAN','HICKMAN','TN','SOUTHERN','TENNESSEE'),
('38568','HILHAM','HILHAM','TN','SOUTHERN','TENNESSEE'),
('38569','HICKMAN','HICKMAN','TN','SOUTHERN','TENNESSEE'),
('38570','LIVINGSTON','LIVINGSTON','TN','SOUTHERN','TENNESSEE'),
('38571','CROSSVILLE','CROSSVILLE','TN','SOUTHERN','TENNESSEE'),
('38572','CROSSVILLE','CROSSVILLE','TN','SOUTHERN','TENNESSEE'),
('38573','MONROE','MONROE','TN','SOUTHERN','TENNESSEE'),
('38574','MONTEREY','MONTEREY','TN','SOUTHERN','TENNESSEE'),
('38575','MOSS','MOSS','TN','SOUTHERN','TENNESSEE'),
('38577','PALL MALL','PALL MALL','TN','SOUTHERN','TENNESSEE'),
('38578','PLEASANT HILL','PLEASANT HILL','TN','SOUTHERN','TENNESSEE'),
('38579','WALLING','WALLING','TN','SOUTHERN','TENNESSEE'),
('38580','RICKMAN','RICKMAN','TN','SOUTHERN','TENNESSEE'),
('38581','ROCK ISLAND','ROCK ISLAND','TN','SOUTHERN','TENNESSEE'),
('38582','SILVER POINT','SILVER POINT','TN','SOUTHERN','TENNESSEE'),
('38583','SPARTA','SPARTA','TN','SOUTHERN','TENNESSEE'),
('38585','SPENCER','SPENCER','TN','SOUTHERN','TENNESSEE');