INSERT INTO us_locations (zip_code, locale_name, city, state, area_name, district_name) VALUES
('22810','BASYE','BASYE','VA','ATLANTIC','VIRGINIA'),
('22811','BERGTON','BERGTON','VA','ATLANTIC','VIRGINIA'),
('22811','BROADWAY','BROADWAY','VA','ATLANTIC','VIRGINIA'),
('22812','BRIDGEWATER','BRIDGEWATER','VA','ATLANTIC','VIRGINIA'),
('22815','BROADWAY','BROADWAY','VA','ATLANTIC','VIRGINIA'),
('22820','BROADWAY','BROADWAY','VA','ATLANTIC','VIRGINIA'),
('22820','CRIDERS','CRIDERS','VA','ATLANTIC','VIRGINIA'),
('22821','DAYTON','DAYTON','VA','ATLANTIC','VIRGINIA'),
('22824','EDINBURG','EDINBURG','VA','ATLANTIC','VIRGINIA'),
('22827','ELKTON','ELKTON','VA','ATLANTIC','VIRGINIA'),
('22830','BROADWAY','BROADWAY','VA','ATLANTIC','VIRGINIA'),
('22830','FULKS RUN','FULKS RUN','VA','ATLANTIC','VIRGINIA'),
('22831','DAYTON','DAYTON','VA','ATLANTIC','VIRGINIA'),
('22831','HINTON','HINTON','VA','ATLANTIC','VIRGINIA'),
('22832','HARRISONBURG','HARRISONBURG','VA','ATLANTIC','VIRGINIA'),
('22833','LACEY SPRING','LACEY SPRING','VA','ATLANTIC','VIRGINIA'),
('22834','HARRISONBURG','HARRISONBURG','VA','ATLANTIC','VIRGINIA'),
('22834','LINVILLE','LINVILLE','VA','ATLANTIC','VIRGINIA'),
('22835','LURAY','LURAY','VA','ATLANTIC','VIRGINIA'),
('22840','MC GAHEYSVILLE','MC GAHEYSVILLE','VA','ATLANTIC','VIRGINIA'),
('22841','HARRISONBURG','HARRISONBURG','VA','ATLANTIC','VIRGINIA'),
('22841','MOUNT CRAWFORD','MOUNT CRAWFORD','VA','ATLANTIC','VIRGINIA'),
('22842','MOUNT JACKSON','MOUNT JACKSON','VA','ATLANTIC','VIRGINIA'),
('22843','BRIDGEWATER','BRIDGEWATER','VA','ATLANTIC','VIRGINIA'),
('22843','MOUNT SOLON','MOUNT SOLON','VA','ATLANTIC','VIRGINIA'),
('22844','NEW MARKET','NEW MARKET','VA','ATLANTIC','VIRGINIA'),
('22845','ORKNEY SPRINGS','ORKNEY SPRINGS','VA','ATLANTIC','VIRGINIA'),
('22846','HARRISONBURG','HARRISONBURG','VA','ATLANTIC','VIRGINIA'),
('22846','PENN LAIRD','PENN LAIRD','VA','ATLANTIC','VIRGINIA'),
('22847','NEW MARKET','NEW MARKET','VA','ATLANTIC','VIRGINIA'),
('22847','QUICKSBURG','QUICKSBURG','VA','ATLANTIC','VIRGINIA'),
('22849','SHENANDOAH','SHENANDOAH','VA','ATLANTIC','VIRGINIA'),
('22850','HARRISONBURG','HARRISONBURG','VA','ATLANTIC','VIRGINIA'),
('22850','SINGERS GLEN','SINGERS GLEN','VA','ATLANTIC','VIRGINIA'),
('22851','STANLEY','STANLEY','VA','ATLANTIC','VIRGINIA'),
('22853','TIMBERVILLE','TIMBERVILLE','VA','ATLANTIC','VIRGINIA'),
('22901','CHARLOTTESVILLE VA S&DC','CHARLOTTESVILLE','VA','ATLANTIC','VIRGINIA'),
('22902','CHARLOTTESVILLE VA S&DC','CHARLOTTESVILLE','VA','ATLANTIC','VIRGINIA'),
('22902','DOWNTOWN CHARLOTTESVILLE','CHARLOTTESVILLE','VA','ATLANTIC','VIRGINIA'),
('22903','CHARLOTTESVILLE VA S&DC','CHARLOTTESVILLE','VA','ATLANTIC','VIRGINIA'),
('22905','BARRACKS ROAD','CHARLOTTESVILLE','VA','ATLANTIC','VIRGINIA'),
('22906','CHARLOTTESVILLE VA S&DC','CHARLOTTESVILLE','VA','ATLANTIC','VIRGINIA'),
('22911','CHARLOTTESVILLE VA S&DC','CHARLOTTESVILLE','VA','ATLANTIC','VIRGINIA'),
('22920','AFTON','AFTON','VA','ATLANTIC','VIRGINIA'),
('22920','WAYNESBORO','WAYNESBORO','VA','ATLANTIC','VIRGINIA'),
('22922','ARRINGTON','ARRINGTON','VA','ATLANTIC','VIRGINIA'),
('22922','LOVINGSTON','LOVINGSTON','VA','ATLANTIC','VIRGINIA'),
('22923','BARBOURSVILLE','BARBOURSVILLE','VA','ATLANTIC','VIRGINIA'),
('22923','GORDONSVILLE','GORDONSVILLE','VA','ATLANTIC','VIRGINIA'),
('22924','BATESVILLE','BATESVILLE','VA','ATLANTIC','VIRGINIA');