INSERT INTO us_locations (zip_code, locale_name, city, state, area_name, district_name) VALUES
('30338','NORTH ATLANTA GA S&DC','BROOKHAVEN','GA','SOUTHERN','GEORGIA'),
('30339','CUMBERLAND CARRIER FACILITY','ATLANTA','GA','SOUTHERN','GEORGIA'),
('30340','DORAVILLE','ATLANTA','GA','SOUTHERN','GEORGIA'),
('30341','DORAVILLE','ATLANTA','GA','SOUTHERN','GEORGIA'),
('30342','GLENRIDGE','ATLANTA','GA','SOUTHERN','GEORGIA'),
('30343','PEACHTREE CENTER','ATLANTA','GA','SOUTHERN','GEORGIA'),
('30344','ATLANTA GA SDC','ATLANTA','GA','SOUTHERN','GEORGIA'),
('30345','NORTH ATLANTA GA S&DC','BROOKHAVEN','GA','SOUTHERN','GEORGIA'),
('30346','DUNWOODY','ATLANTA','GA','SOUTHERN','GEORGIA'),
('30346','NORTH ATLANTA GA S&DC','BROOKHAVEN','GA','SOUTHERN','GEORGIA'),
('30348','ATLANTA','ATLANTA','GA','SOUTHERN','GEORGIA'),
('30349','OLD NATIONAL','ATLANTA','GA','SOUTHERN','GEORGIA'),
('30350','NORTHRIDGE','ATLANTA','GA','SOUTHERN','GEORGIA'),
('30353','ATLANTA','ATLANTA','GA','SOUTHERN','GEORGIA'),
('30354','ATLANTA GA SDC','ATLANTA','GA','SOUTHERN','GEORGIA'),
('30354','HAPEVILLE','ATLANTA','GA','SOUTHERN','GEORGIA'),
('30355','PHARR ROAD','ATLANTA','GA','SOUTHERN','GEORGIA'),
('30356','DUNWOODY','ATLANTA','GA','SOUTHERN','GEORGIA'),
('30357','MIDTOWN','ATLANTA','GA','SOUTHERN','GEORGIA'),
('30358','SANDY SPRINGS','ATLANTA','GA','SOUTHERN','GEORGIA'),
('30359','BRIARCLIFF','ATLANTA','GA','SOUTHERN','GEORGIA'),
('30360','DORAVILLE','ATLANTA','GA','SOUTHERN','GEORGIA'),
('30361','MIDTOWN CARRIER ANNEX','ATLANTA','GA','SOUTHERN','GEORGIA'),
('30362','DORAVILLE','ATLANTA','GA','SOUTHERN','GEORGIA'),
('30363','MIDTOWN CARRIER ANNEX','ATLANTA','GA','SOUTHERN','GEORGIA'),
('30364','EAST POINT','ATLANTA','GA','SOUTHERN','GEORGIA'),
('30366','CHAMBLEE','ATLANTA','GA','SOUTHERN','GEORGIA'),
('30374','ATLANTA','ATLANTA','GA','SOUTHERN','GEORGIA'),
('30377','MARTECH','ATLANTA','GA','SOUTHERN','GEORGIA'),
('30401','SWAINSBORO','SWAINSBORO','GA','SOUTHERN','GEORGIA'),
('30410','AILEY','AILEY','GA','SOUTHERN','GEORGIA'),
('30410','MOUNT VERNON','MOUNT VERNON','GA','SOUTHERN','GEORGIA'),
('30411','ALAMO','ALAMO','GA','SOUTHERN','GEORGIA'),
('30412','ALSTON','ALSTON','GA','SOUTHERN','GEORGIA'),
('30413','BARTOW','BARTOW','GA','SOUTHERN','GEORGIA'),
('30413','LOUISVILLE','LOUISVILLE','GA','SOUTHERN','GEORGIA'),
('30414','BELLVILLE DPOBU','BELLVILLE','GA','SOUTHERN','GEORGIA'),
('30415','BROOKLET','BROOKLET','GA','SOUTHERN','GEORGIA'),
('30417','CLAXTON','CLAXTON','GA','SOUTHERN','GEORGIA'),
('30420','COBBTOWN','COBBTOWN','GA','SOUTHERN','GEORGIA'),
('30421','COLLINS','COLLINS','GA','SOUTHERN','GEORGIA'),
('30423','DAISY','DAISY','GA','SOUTHERN','GEORGIA'),
('30424','DOVER','DOVER','GA','SOUTHERN','GEORGIA'),
('30425','GARFIELD','GARFIELD','GA','SOUTHERN','GEORGIA'),
('30425','TWIN CITY','TWIN CITY','GA','SOUTHERN','GEORGIA'),
('30426','GIRARD','GIRARD','GA','SOUTHERN','GEORGIA'),
('30427','GLENNVILLE','GLENNVILLE','GA','SOUTHERN','GEORGIA'),
('30428','GLENWOOD','GLENWOOD','GA','SOUTHERN','GEORGIA'),
('30429','HAGAN','HAGAN','GA','SOUTHERN','GEORGIA'),
('30434','LOUISVILLE','LOUISVILLE','GA','SOUTHERN','GEORGIA');