INSERT INTO us_locations (zip_code, locale_name, city, state, area_name, district_name) VALUES
('16048','NORTH WASHINGTON','NORTH WASHINGTON','PA','ATLANTIC','PENNSYLVANIA 1'),
('16049','PARKER','PARKER','PA','ATLANTIC','PENNSYLVANIA 1'),
('16050','PETROLIA','PETROLIA','PA','ATLANTIC','PENNSYLVANIA 1'),
('16051','NEW CASTLE PA SDC','NEW CASTLE','PA','ATLANTIC','PENNSYLVANIA 1'),
('16051','PORTERSVILLE','PORTERSVILLE','PA','ATLANTIC','PENNSYLVANIA 1'),
('16052','NEW CASTLE PA SDC','NEW CASTLE','PA','ATLANTIC','PENNSYLVANIA 1'),
('16052','PROSPECT','PROSPECT','PA','ATLANTIC','PENNSYLVANIA 1'),
('16053','RENFREW','RENFREW','PA','ATLANTIC','PENNSYLVANIA 1'),
('16054','SAINT PETERSBURG','SAINT PETERSBURG','PA','ATLANTIC','PENNSYLVANIA 1'),
('16055','SARVER','SARVER','PA','ATLANTIC','PENNSYLVANIA 1'),
('16056','SAXONBURG','SAXONBURG','PA','ATLANTIC','PENNSYLVANIA 1'),
('16057','NEW CASTLE PA SDC','NEW CASTLE','PA','ATLANTIC','PENNSYLVANIA 1'),
('16057','SLIPPERY ROCK','SLIPPERY ROCK','PA','ATLANTIC','PENNSYLVANIA 1'),
('16058','TURKEY CITY','TURKEY CITY','PA','ATLANTIC','PENNSYLVANIA 1'),
('16059','VALENCIA','VALENCIA','PA','ATLANTIC','PENNSYLVANIA 1'),
('16061','WEST SUNBURY','WEST SUNBURY','PA','ATLANTIC','PENNSYLVANIA 1'),
('16063','ZELIENOPLE','ZELIENOPLE','PA','ATLANTIC','PENNSYLVANIA 1'),
('16066','CRANBERRY TOWNSHIP','CRANBERRY TOWNSHIP','PA','ATLANTIC','PENNSYLVANIA 1'),
('16101','NEW CASTLE PA SDC','NEW CASTLE','PA','ATLANTIC','PENNSYLVANIA 1'),
('16102','NEW CASTLE PA SDC','NEW CASTLE','PA','ATLANTIC','PENNSYLVANIA 1'),
('16103','DOWNTOWN NEW CASTLE','NEW CASTLE','PA','ATLANTIC','PENNSYLVANIA 1'),
('16105','NESHANNOCK','NEW CASTLE','PA','ATLANTIC','PENNSYLVANIA 1'),
('16105','NEW CASTLE PA SDC','NEW CASTLE','PA','ATLANTIC','PENNSYLVANIA 1'),
('16107','NEW CASTLE PA SDC','NEW CASTLE','PA','ATLANTIC','PENNSYLVANIA 1'),
('16110','ADAMSVILLE','ADAMSVILLE','PA','ATLANTIC','PENNSYLVANIA 1'),
('16110','HARTSTOWN','HARTSTOWN','PA','ATLANTIC','PENNSYLVANIA 1'),
('16111','ATLANTIC','ATLANTIC','PA','ATLANTIC','PENNSYLVANIA 1'),
('16112','BESSEMER','BESSEMER','PA','ATLANTIC','PENNSYLVANIA 1'),
('16112','NEW CASTLE PA SDC','NEW CASTLE','PA','ATLANTIC','PENNSYLVANIA 1'),
('16113','CLARK','CLARK','PA','ATLANTIC','PENNSYLVANIA 1'),
('16114','CLARKS MILLS','CLARKS MILLS','PA','ATLANTIC','PENNSYLVANIA 1'),
('16115','DARLINGTON','DARLINGTON','PA','ATLANTIC','PENNSYLVANIA 1'),
('16116','EDINBURG','EDINBURG','PA','ATLANTIC','PENNSYLVANIA 1'),
('16116','NEW CASTLE PA SDC','NEW CASTLE','PA','ATLANTIC','PENNSYLVANIA 1'),
('16117','ELLWOOD CITY','ELLWOOD CITY','PA','ATLANTIC','PENNSYLVANIA 1'),
('16120','ENON VALLEY','ENON VALLEY','PA','ATLANTIC','PENNSYLVANIA 1'),
('16121','FARRELL','FARRELL','PA','ATLANTIC','PENNSYLVANIA 1'),
('16121','SHARON','SHARON','PA','ATLANTIC','PENNSYLVANIA 1'),
('16123','ELLWOOD CITY','ELLWOOD CITY','PA','ATLANTIC','PENNSYLVANIA 1'),
('16124','FREDONIA','FREDONIA','PA','ATLANTIC','PENNSYLVANIA 1'),
('16125','GREENVILLE','GREENVILLE','PA','ATLANTIC','PENNSYLVANIA 1'),
('16127','GROVE CITY','GROVE CITY','PA','ATLANTIC','PENNSYLVANIA 1'),
('16127','GROVE CITY POSTAL RETAIL STR','GROVE CITY','PA','ATLANTIC','PENNSYLVANIA 1'),
('16130','GREENVILLE','GREENVILLE','PA','ATLANTIC','PENNSYLVANIA 1'),
('16130','HADLEY','HADLEY','PA','ATLANTIC','PENNSYLVANIA 1'),
('16131','HARTSTOWN','HARTSTOWN','PA','ATLANTIC','PENNSYLVANIA 1'),
('16132','HILLSVILLE','HILLSVILLE','PA','ATLANTIC','PENNSYLVANIA 1'),
('16133','JACKSON CENTER','JACKSON CENTER','PA','ATLANTIC','PENNSYLVANIA 1'),
('16133','MERCER','MERCER','PA','ATLANTIC','PENNSYLVANIA 1'),
('16134','JAMESTOWN','JAMESTOWN','PA','ATLANTIC','PENNSYLVANIA 1');