INSERT INTO us_locations (zip_code, locale_name, city, state, area_name, district_name) VALUES
('27974','CAMDEN','CAMDEN','NC','ATLANTIC','NORTH CAROLINA'),
('27974','SHILOH','SHILOH','NC','ATLANTIC','NORTH CAROLINA'),
('27976','SOUTH MILLS','SOUTH MILLS','NC','ATLANTIC','NORTH CAROLINA'),
('27978','MANNS HARBOR','MANNS HARBOR','NC','ATLANTIC','NORTH CAROLINA'),
('27979','SUNBURY','SUNBURY','NC','ATLANTIC','NORTH CAROLINA'),
('27980','HERTFORD','HERTFORD','NC','ATLANTIC','NORTH CAROLINA'),
('27980','TYNER','TYNER','NC','ATLANTIC','NORTH CAROLINA'),
('27981','WANCHESE','WANCHESE','NC','ATLANTIC','NORTH CAROLINA'),
('27982','RODANTHE','RODANTHE','NC','ATLANTIC','NORTH CAROLINA'),
('27983','WINDSOR','WINDSOR','NC','ATLANTIC','NORTH CAROLINA'),
('27985','WINFALL','WINFALL','NC','ATLANTIC','NORTH CAROLINA'),
('27986','WINTON','WINTON','NC','ATLANTIC','NORTH CAROLINA'),
('28001','ALBEMARLE','ALBEMARLE','NC','ATLANTIC','NORTH CAROLINA'),
('28002','ALBEMARLE','ALBEMARLE','NC','ATLANTIC','NORTH CAROLINA'),
('28006','ALEXIS','ALEXIS','NC','ATLANTIC','NORTH CAROLINA'),
('28006','IRON STATION','IRON STATION','NC','ATLANTIC','NORTH CAROLINA'),
('28007','ANSONVILLE','ANSONVILLE','NC','ATLANTIC','NORTH CAROLINA'),
('28009','BADIN','BADIN','NC','ATLANTIC','NORTH CAROLINA'),
('28010','MOORESVILLE','MOORESVILLE','NC','ATLANTIC','NORTH CAROLINA'),
('28012','BELMONT','BELMONT','NC','ATLANTIC','NORTH CAROLINA'),
('28016','BESSEMER CITY','BESSEMER CITY','NC','ATLANTIC','NORTH CAROLINA'),
('28017','BOILING SPRINGS','BOILING SPRINGS','NC','ATLANTIC','NORTH CAROLINA'),
('28018','BOSTIC','BOSTIC','NC','ATLANTIC','NORTH CAROLINA'),
('28018','FOREST CITY','FOREST CITY','NC','ATLANTIC','NORTH CAROLINA'),
('28019','CAROLEEN','CAROLEEN','NC','ATLANTIC','NORTH CAROLINA'),
('28020','CASAR','CASAR','NC','ATLANTIC','NORTH CAROLINA'),
('28020','SHELBY','SHELBY','NC','ATLANTIC','NORTH CAROLINA'),
('28021','CHERRYVILLE','CHERRYVILLE','NC','ATLANTIC','NORTH CAROLINA'),
('28023','CHINA GROVE','CHINA GROVE','NC','ATLANTIC','NORTH CAROLINA'),
('28024','CLIFFSIDE','CLIFFSIDE','NC','ATLANTIC','NORTH CAROLINA'),
('28025','CONCORD','CONCORD','NC','ATLANTIC','NORTH CAROLINA'),
('28026','CONCORD','CONCORD','NC','ATLANTIC','NORTH CAROLINA'),
('28027','CONCORD PKWY','CONCORD','NC','ATLANTIC','NORTH CAROLINA'),
('28031','CORNELIUS','CORNELIUS','NC','ATLANTIC','NORTH CAROLINA'),
('28032','BELMONT','BELMONT','NC','ATLANTIC','NORTH CAROLINA'),
('28032','CRAMERTON','CRAMERTON','NC','ATLANTIC','NORTH CAROLINA'),
('28033','CROUSE','CROUSE','NC','ATLANTIC','NORTH CAROLINA'),
('28033','LINCOLNTON','LINCOLNTON','NC','ATLANTIC','NORTH CAROLINA'),
('28034','DALLAS','DALLAS','NC','ATLANTIC','NORTH CAROLINA'),
('28036','DAVIDSON','DAVIDSON','NC','ATLANTIC','NORTH CAROLINA'),
('28037','DENVER','DENVER','NC','ATLANTIC','NORTH CAROLINA'),
('28038','EARL','EARL','NC','ATLANTIC','NORTH CAROLINA'),
('28039','EAST SPENCER','EAST SPENCER','NC','ATLANTIC','NORTH CAROLINA'),
('28040','ELLENBORO','ELLENBORO','NC','ATLANTIC','NORTH CAROLINA'),
('28041','FAITH','FAITH','NC','ATLANTIC','NORTH CAROLINA'),
('28042','FALLSTON','FALLSTON','NC','ATLANTIC','NORTH CAROLINA'),
('28043','FOREST CITY','FOREST CITY','NC','ATLANTIC','NORTH CAROLINA'),
('28052','GASTONIA','GASTONIA','NC','ATLANTIC','NORTH CAROLINA'),
('28052','NEW HOPE','GASTONIA','NC','ATLANTIC','NORTH CAROLINA'),
('28053','GASTONIA','GASTONIA','NC','ATLANTIC','NORTH CAROLINA');