INSERT INTO us_locations (zip_code, locale_name, city, state, area_name, district_name) VALUES
('79698','ABILENE','ABILENE','TX','SOUTHERN','TEXAS 3'),
('79699','ABILENE','ABILENE','TX','SOUTHERN','TEXAS 3'),
('79832','ALPINE','ALPINE','TX','SOUTHERN','TEXAS 3'),
('79958','DOWNTOWN EL PASO','EL PASO','TX','SOUTHERN','TEXAS 3'),
('79960','DOWNTOWN EL PASO','EL PASO','TX','SOUTHERN','TEXAS 3'),
('79961','AIRPORT MAIN OFC EL PASO','EL PASO','TX','SOUTHERN','TEXAS 3'),
('79968','MESA HILLS','EL PASO','TX','SOUTHERN','TEXAS 3'),
('79976','EL PASO','EL PASO','TX','SOUTHERN','TEXAS 3'),
('79978','EL PASO','EL PASO','TX','SOUTHERN','TEXAS 3'),
('79980','DOWNTOWN EL PASO','EL PASO','TX','SOUTHERN','TEXAS 3'),
('99775','FAIRBANKS MAIN OFFICE','FAIRBANKS','AK','WESTPAC','ALASKA'),
('99812','MENDENHALL','JUNEAU','AK','WESTPAC','ALASKA'),
('85287','TEMPE APACHE','TEMPE','AZ','WESTPAC','AZ-NM'),
('85709','TUCSON','TUCSON','AZ','WESTPAC','AZ-NM'),
('85721','TUCSON','TUCSON','AZ','WESTPAC','AZ-NM'),
('85723','TUCSON','TUCSON','AZ','WESTPAC','AZ-NM'),
('85724','TUCSON','TUCSON','AZ','WESTPAC','AZ-NM'),
('85744','TUCSON','TUCSON','AZ','WESTPAC','AZ-NM'),
('85775','TUCSON','TUCSON','AZ','WESTPAC','AZ-NM'),
('86011','FLAGSTAFF','FLAGSTAFF','AZ','WESTPAC','AZ-NM'),
('87117','KIRTLAND AFB','ALBUQUERQUE','NM','WESTPAC','AZ-NM'),
('87131','ALBUQUERQUE','ALBUQUERQUE','NM','WESTPAC','AZ-NM'),
('87151','ALBUQUERQUE','ALBUQUERQUE','NM','WESTPAC','AZ-NM'),
('87158','ALBUQUERQUE','ALBUQUERQUE','NM','WESTPAC','AZ-NM'),
('87302','GALLUP','GALLUP','NM','WESTPAC','AZ-NM'),
('87503','SANTA FE','SANTA FE','NM','WESTPAC','AZ-NM'),
('87509','SANTA FE','SANTA FE','NM','WESTPAC','AZ-NM'),
('87545','LOS ALAMOS','LOS ALAMOS','NM','WESTPAC','AZ-NM'),
('87654','TRUTH OR CONSEQUENCES','TRUTH OR CONSEQUENCES','NM','WESTPAC','AZ-NM'),
('88244','HOBBS','HOBBS','NM','WESTPAC','AZ-NM'),
('94137','SAN FRANCISCO P&DC FINANCE','SAN FRANCISCO','CA','WESTPAC','CALIFORNIA 1'),
('94139','SAN FRANCISCO P&DC FINANCE','SAN FRANCISCO','CA','WESTPAC','CALIFORNIA 1'),
('94144','SAN FRANCISCO P&DC FINANCE','SAN FRANCISCO','CA','WESTPAC','CALIFORNIA 1'),
('94145','SAN FRANCISCO P&DC FINANCE','SAN FRANCISCO','CA','WESTPAC','CALIFORNIA 1'),
('94151','SAN FRANCISCO P&DC FINANCE','SAN FRANCISCO','CA','WESTPAC','CALIFORNIA 1'),
('94160','SAN FRANCISCO','SAN FRANCISCO','CA','WESTPAC','CALIFORNIA 1'),
('94161','SAN FRANCISCO','SAN FRANCISCO','CA','WESTPAC','CALIFORNIA 1'),
('94163','SAN FRANCISCO P&DC FINANCE','SAN FRANCISCO','CA','WESTPAC','CALIFORNIA 1'),
('94177','SAN FRANCISCO P&DC FINANCE','SAN FRANCISCO','CA','WESTPAC','CALIFORNIA 1'),
('94497','SAN MATEO CA SDC','SAN MATEO','CA','WESTPAC','CALIFORNIA 1'),
('94926','ROHNERT PARK','ROHNERT PARK','CA','WESTPAC','CALIFORNIA 1'),
('94998','NOVATO','NOVATO','CA','WESTPAC','CALIFORNIA 1'),
('95053','SANTA CLARA','SANTA CLARA','CA','WESTPAC','CALIFORNIA 1'),
('95190','SAN JOSE MO FINANCE','SAN JOSE','CA','WESTPAC','CALIFORNIA 1'),
('95191','SAN JOSE MO FINANCE','SAN JOSE','CA','WESTPAC','CALIFORNIA 1'),
('95192','SAN JOSE MO FINANCE','SAN JOSE','CA','WESTPAC','CALIFORNIA 1'),
('95193','SAN JOSE MO FINANCE','SAN JOSE','CA','WESTPAC','CALIFORNIA 1'),
('95194','SAN JOSE MO FINANCE','SAN JOSE','CA','WESTPAC','CALIFORNIA 1'),
('95196','SAN JOSE MO FINANCE','SAN JOSE','CA','WESTPAC','CALIFORNIA 1'),
('95532','CRESCENT CITY','CRESCENT CITY','CA','WESTPAC','CALIFORNIA 1');