INSERT INTO us_locations (zip_code, locale_name, city, state, area_name, district_name) VALUES
('12866','BROADWAY SARATOGA SPRINGS','SARATOGA SPRINGS','NY','ATLANTIC','NEW YORK 3'),
('12866','SARATOGA SPRINGS','SARATOGA SPRINGS','NY','ATLANTIC','NEW YORK 3'),
('12870','SCHROON LAKE','SCHROON LAKE','NY','ATLANTIC','NEW YORK 3'),
('12871','SCHUYLERVILLE','SCHUYLERVILLE','NY','ATLANTIC','NEW YORK 3'),
('12872','SEVERANCE','SEVERANCE','NY','ATLANTIC','NEW YORK 3'),
('12873','SHUSHAN','SHUSHAN','NY','ATLANTIC','NEW YORK 3'),
('12874','SILVER BAY','SILVER BAY','NY','ATLANTIC','NEW YORK 3'),
('12878','STONY CREEK','STONY CREEK','NY','ATLANTIC','NEW YORK 3'),
('12883','TICONDEROGA','TICONDEROGA','NY','ATLANTIC','NEW YORK 3'),
('12884','VICTORY MILLS','VICTORY MILLS','NY','ATLANTIC','NEW YORK 3'),
('12885','WARRENSBURG','WARRENSBURG','NY','ATLANTIC','NEW YORK 3'),
('12886','WEVERTOWN','WEVERTOWN','NY','ATLANTIC','NEW YORK 3'),
('12887','WHITEHALL','WHITEHALL','NY','ATLANTIC','NEW YORK 3'),
('12901','PLATTSBURGH','PLATTSBURGH','NY','ATLANTIC','NEW YORK 3'),
('12903','PLATTSBURGH','PLATTSBURGH','NY','ATLANTIC','NEW YORK 3'),
('12910','ALTONA','ALTONA','NY','ATLANTIC','NEW YORK 3'),
('12911','KEESEVILLE','KEESEVILLE','NY','ATLANTIC','NEW YORK 3'),
('12912','AU SABLE FORKS','AU SABLE FORKS','NY','ATLANTIC','NEW YORK 3'),
('12913','BLOOMINGDALE','BLOOMINGDALE','NY','ATLANTIC','NEW YORK 3'),
('12914','BOMBAY','BOMBAY','NY','ATLANTIC','NEW YORK 3'),
('12915','CHATEAUGAY','CHATEAUGAY','NY','ATLANTIC','NEW YORK 3'),
('12916','BRUSHTON','BRUSHTON','NY','ATLANTIC','NEW YORK 3'),
('12917','BURKE','BURKE','NY','ATLANTIC','NEW YORK 3'),
('12918','CADYVILLE','CADYVILLE','NY','ATLANTIC','NEW YORK 3'),
('12919','CHAMPLAIN','CHAMPLAIN','NY','ATLANTIC','NEW YORK 3'),
('12920','CHATEAUGAY','CHATEAUGAY','NY','ATLANTIC','NEW YORK 3'),
('12921','CHAZY','CHAZY','NY','ATLANTIC','NEW YORK 3'),
('12922','PIERCEFIELD','PIERCEFIELD','NY','ATLANTIC','NEW YORK 3'),
('12923','CHURUBUSCO','CHURUBUSCO','NY','ATLANTIC','NEW YORK 3'),
('12924','KEESEVILLE','KEESEVILLE','NY','ATLANTIC','NEW YORK 3'),
('12926','CONSTABLE','CONSTABLE','NY','ATLANTIC','NEW YORK 3'),
('12927','CRANBERRY LAKE','CRANBERRY LAKE','NY','ATLANTIC','NEW YORK 3'),
('12928','CROWN POINT','CROWN POINT','NY','ATLANTIC','NEW YORK 3'),
('12929','DANNEMORA','DANNEMORA','NY','ATLANTIC','NEW YORK 3'),
('12930','DICKINSON CENTER','DICKINSON CENTER','NY','ATLANTIC','NEW YORK 3'),
('12932','ELIZABETHTOWN','ELIZABETHTOWN','NY','ATLANTIC','NEW YORK 3'),
('12933','ELLENBURG','ELLENBURG','NY','ATLANTIC','NEW YORK 3'),
('12934','ELLENBURG CENTER','ELLENBURG CENTER','NY','ATLANTIC','NEW YORK 3'),
('12935','ELLENBURG DEPOT','ELLENBURG DEPOT','NY','ATLANTIC','NEW YORK 3'),
('12936','ESSEX','ESSEX','NY','ATLANTIC','NEW YORK 3'),
('12937','FORT COVINGTON','FORT COVINGTON','NY','ATLANTIC','NEW YORK 3'),
('12939','GABRIELS','GABRIELS','NY','ATLANTIC','NEW YORK 3'),
('12941','JAY','JAY','NY','ATLANTIC','NEW YORK 3'),
('12942','KEENE','KEENE','NY','ATLANTIC','NEW YORK 3'),
('12943','KEENE','KEENE','NY','ATLANTIC','NEW YORK 3'),
('12943','VPO KEENE VALLEY','KEENE VALLEY','NY','ATLANTIC','NEW YORK 3'),
('12944','KEESEVILLE','KEESEVILLE','NY','ATLANTIC','NEW YORK 3'),
('12945','LAKE CLEAR','LAKE CLEAR','NY','ATLANTIC','NEW YORK 3'),
('12946','LAKE PLACID','LAKE PLACID','NY','ATLANTIC','NEW YORK 3'),
('12950','LEWIS','LEWIS','NY','ATLANTIC','NEW YORK 3');