INSERT INTO us_locations (zip_code, locale_name, city, state, area_name, district_name) VALUES
('13329','DOLGEVILLE','DOLGEVILLE','NY','ATLANTIC','NEW YORK 3'),
('13331','EAGLE BAY','EAGLE BAY','NY','ATLANTIC','NEW YORK 3'),
('13332','EARLVILLE','EARLVILLE','NY','ATLANTIC','NEW YORK 3'),
('13333','SPRINGFIELD CENTER','SPRINGFIELD CENTER','NY','ATLANTIC','NEW YORK 3'),
('13334','EATON CARRIER','MORRISVILLE','NY','ATLANTIC','NEW YORK 3'),
('13334','MORRISVILLE','MORRISVILLE','NY','ATLANTIC','NEW YORK 3'),
('13335','EDMESTON','EDMESTON','NY','ATLANTIC','NEW YORK 3'),
('13337','COOPERSTOWN','COOPERSTOWN','NY','ATLANTIC','NEW YORK 3'),
('13337','FLY CREEK','FLY CREEK','NY','ATLANTIC','NEW YORK 3'),
('13338','FORESTPORT','FORESTPORT','NY','ATLANTIC','NEW YORK 3'),
('13339','FORT PLAIN','FORT PLAIN','NY','ATLANTIC','NEW YORK 3'),
('13340','FRANKFORT','FRANKFORT','NY','ATLANTIC','NEW YORK 3'),
('13340','UTICA NY S&DC','UTICA','NY','ATLANTIC','NEW YORK 3'),
('13341','CLINTON','CLINTON','NY','ATLANTIC','NEW YORK 3'),
('13342','WEST WINFIELD','WEST WINFIELD','NY','ATLANTIC','NEW YORK 3'),
('13343','GLENFIELD','GLENFIELD','NY','ATLANTIC','NEW YORK 3'),
('13345','GLENFIELD','GLENFIELD','NY','ATLANTIC','NEW YORK 3'),
('13346','HAMILTON','HAMILTON','NY','ATLANTIC','NEW YORK 3'),
('13348','HARTWICK','HARTWICK','NY','ATLANTIC','NEW YORK 3'),
('13350','HERKIMER','HERKIMER','NY','ATLANTIC','NEW YORK 3'),
('13352','HINCKLEY','HINCKLEY','NY','ATLANTIC','NEW YORK 3'),
('13353','HOFFMEISTER','HOFFMEISTER','NY','ATLANTIC','NEW YORK 3'),
('13354','HOLLAND PATENT','HOLLAND PATENT','NY','ATLANTIC','NEW YORK 3'),
('13354','UTICA NY S&DC','UTICA','NY','ATLANTIC','NEW YORK 3'),
('13355','HUBBARDSVILLE','HUBBARDSVILLE','NY','ATLANTIC','NEW YORK 3'),
('13357','ILION','ILION','NY','ATLANTIC','NEW YORK 3'),
('13357','UTICA NY S&DC','UTICA','NY','ATLANTIC','NEW YORK 3'),
('13360','INLET','INLET','NY','ATLANTIC','NEW YORK 3'),
('13361','JORDANVILLE','JORDANVILLE','NY','ATLANTIC','NEW YORK 3'),
('13363','LEE CENTER','LEE CENTER','NY','ATLANTIC','NEW YORK 3'),
('13364','LEONARDSVILLE','LEONARDSVILLE','NY','ATLANTIC','NEW YORK 3'),
('13365','LITTLE FALLS','LITTLE FALLS','NY','ATLANTIC','NEW YORK 3'),
('13367','LOWVILLE','LOWVILLE','NY','ATLANTIC','NEW YORK 3'),
('13368','LYONS FALLS','LYONS FALLS','NY','ATLANTIC','NEW YORK 3'),
('13401','BLOSSVALE','BLOSSVALE','NY','ATLANTIC','NEW YORK 3'),
('13402','MADISON','MADISON','NY','ATLANTIC','NEW YORK 3'),
('13403','MARCY','MARCY','NY','ATLANTIC','NEW YORK 3'),
('13403','UTICA NY S&DC','UTICA','NY','ATLANTIC','NEW YORK 3'),
('13404','MARTINSBURG','MARTINSBURG','NY','ATLANTIC','NEW YORK 3'),
('13406','NEWPORT','NEWPORT','NY','ATLANTIC','NEW YORK 3'),
('13406','UTICA NY S&DC','UTICA','NY','ATLANTIC','NEW YORK 3'),
('13407','MOHAWK','MOHAWK','NY','ATLANTIC','NEW YORK 3'),
('13407','UTICA NY S&DC','UTICA','NY','ATLANTIC','NEW YORK 3'),
('13408','MORRISVILLE','MORRISVILLE','NY','ATLANTIC','NEW YORK 3'),
('13409','MUNNSVILLE','MUNNSVILLE','NY','ATLANTIC','NEW YORK 3'),
('13410','NELLISTON','NELLISTON','NY','ATLANTIC','NEW YORK 3'),
('13411','NEW BERLIN','NEW BERLIN','NY','ATLANTIC','NEW YORK 3'),
('13413','NEW HARTFORD','NEW HARTFORD','NY','ATLANTIC','NEW YORK 3'),
('13415','WEST WINFIELD','WEST WINFIELD','NY','ATLANTIC','NEW YORK 3'),
('13416','NEWPORT','NEWPORT','NY','ATLANTIC','NEW YORK 3');