INSERT INTO us_locations (zip_code, locale_name, city, state, area_name, district_name) VALUES
('84131','SALT LAKE CITY','SALT LAKE CITY','UT','WESTPAC','NV-UT'),
('84133','SALT LAKE DOWNTOWN ANNEX','SALT LAKE CITY','UT','WESTPAC','NV-UT'),
('84138','SALT LAKE DOWNTOWN ANNEX','SALT LAKE CITY','UT','WESTPAC','NV-UT'),
('84145','DOWNTOWN SLC RETAIL EAQ','SALT LAKE CITY','UT','WESTPAC','NV-UT'),
('84147','DOWNTOWN SLC RETAIL EAQ','SALT LAKE CITY','UT','WESTPAC','NV-UT'),
('84151','DOWNTOWN SLC RETAIL EAQ','SALT LAKE CITY','UT','WESTPAC','NV-UT'),
('84152','SUGARHOUSE','SALT LAKE CITY','UT','WESTPAC','NV-UT'),
('84157','MURRAY','SALT LAKE CITY','UT','WESTPAC','NV-UT'),
('84158','FOOTHILL','SALT LAKE CITY','UT','WESTPAC','NV-UT'),
('84165','SOUTH SALT LAKE','SOUTH SALT LAKE','UT','WESTPAC','NV-UT'),
('84170','WEST VALLEY','WEST VALLEY CITY','UT','WESTPAC','NV-UT'),
('84171','COTTONWOOD','SALT LAKE CITY','UT','WESTPAC','NV-UT'),
('84180','SALT LAKE DOWNTOWN ANNEX','SALT LAKE CITY','UT','WESTPAC','NV-UT'),
('84301','BEAR RIVER CITY','BEAR RIVER CITY','UT','WESTPAC','NV-UT'),
('84302','BRIGHAM CITY','BRIGHAM CITY','UT','WESTPAC','NV-UT'),
('84304','BRIGHAM CITY','BRIGHAM CITY','UT','WESTPAC','NV-UT'),
('84305','CLARKSTON','CLARKSTON','UT','WESTPAC','NV-UT'),
('84306','GARLAND','GARLAND','UT','WESTPAC','NV-UT'),
('84307','CORINNE','CORINNE','UT','WESTPAC','NV-UT'),
('84308','LEWISTON','LEWISTON','UT','WESTPAC','NV-UT'),
('84309','BRIGHAM CITY','BRIGHAM CITY','UT','WESTPAC','NV-UT'),
('84310','EDEN','EDEN','UT','WESTPAC','NV-UT'),
('84311','FIELDING','FIELDING','UT','WESTPAC','NV-UT'),
('84312','GARLAND','GARLAND','UT','WESTPAC','NV-UT'),
('84313','GROUSE CREEK','GROUSE CREEK','UT','WESTPAC','NV-UT'),
('84313','SNOWVILLE','SNOWVILLE','UT','WESTPAC','NV-UT'),
('84314','HONEYVILLE','HONEYVILLE','UT','WESTPAC','NV-UT'),
('84315','HOOPER','HOOPER','UT','WESTPAC','NV-UT'),
('84316','HOWELL','HOWELL','UT','WESTPAC','NV-UT'),
('84317','HUNTSVILLE','HUNTSVILLE','UT','WESTPAC','NV-UT'),
('84318','HYDE PARK','HYDE PARK','UT','WESTPAC','NV-UT'),
('84319','HYRUM','HYRUM','UT','WESTPAC','NV-UT'),
('84320','LEWISTON','LEWISTON','UT','WESTPAC','NV-UT'),
('84321','LOGAN','LOGAN','UT','WESTPAC','NV-UT'),
('84323','LOGAN','LOGAN','UT','WESTPAC','NV-UT'),
('84324','BRIGHAM CITY','BRIGHAM CITY','UT','WESTPAC','NV-UT'),
('84325','MENDON','MENDON','UT','WESTPAC','NV-UT'),
('84326','MILLVILLE','MILLVILLE','UT','WESTPAC','NV-UT'),
('84327','NEWTON','NEWTON','UT','WESTPAC','NV-UT'),
('84328','PARADISE','PARADISE','UT','WESTPAC','NV-UT'),
('84329','PARK VALLEY','PARK VALLEY','UT','WESTPAC','NV-UT'),
('84330','PLYMOUTH','PLYMOUTH','UT','WESTPAC','NV-UT'),
('84331','GARLAND','GARLAND','UT','WESTPAC','NV-UT'),
('84332','PROVIDENCE','PROVIDENCE','UT','WESTPAC','NV-UT'),
('84333','RICHMOND','RICHMOND','UT','WESTPAC','NV-UT'),
('84334','RIVERSIDE','RIVERSIDE','UT','WESTPAC','NV-UT'),
('84335','SMITHFIELD','SMITHFIELD','UT','WESTPAC','NV-UT'),
('84336','SNOWVILLE','SNOWVILLE','UT','WESTPAC','NV-UT'),
('84337','TREMONTON','TREMONTON','UT','WESTPAC','NV-UT'),
('84338','TRENTON','TRENTON','UT','WESTPAC','NV-UT');