INSERT INTO us_locations (zip_code, locale_name, city, state, area_name, district_name) VALUES
('20623','BRANDYWINE','BRANDYWINE','MD','ATLANTIC','MARYLAND'),
('20623','CHELTENHAM','CHELTENHAM','MD','ATLANTIC','MARYLAND'),
('20624','CLEMENTS','CLEMENTS','MD','ATLANTIC','MARYLAND'),
('20625','COBB ISLAND','COBB ISLAND','MD','ATLANTIC','MARYLAND'),
('20626','COLTONS POINT','COLTONS POINT','MD','ATLANTIC','MARYLAND'),
('20627','COMPTON','COMPTON','MD','ATLANTIC','MARYLAND'),
('20628','DAMERON','DAMERON','MD','ATLANTIC','MARYLAND'),
('20630','VALLEY LEE','VALLEY LEE','MD','ATLANTIC','MARYLAND'),
('20632','FAULKNER','FAULKNER','MD','ATLANTIC','MARYLAND'),
('20634','GREAT MILLS','GREAT MILLS','MD','ATLANTIC','MARYLAND'),
('20636','HOLLYWOOD','HOLLYWOOD','MD','ATLANTIC','MARYLAND'),
('20637','HUGHESVILLE','HUGHESVILLE','MD','ATLANTIC','MARYLAND'),
('20639','HUNTINGTOWN','HUNTINGTOWN','MD','ATLANTIC','MARYLAND'),
('20640','INDIAN HEAD','INDIAN HEAD','MD','ATLANTIC','MARYLAND'),
('20645','NEWBURG','NEWBURG','MD','ATLANTIC','MARYLAND'),
('20646','LA PLATA','LA PLATA','MD','ATLANTIC','MARYLAND'),
('20650','LEONARDTOWN','LEONARDTOWN','MD','ATLANTIC','MARYLAND'),
('20653','LEXINGTON PARK','LEXINGTON PARK','MD','ATLANTIC','MARYLAND'),
('20656','LOVEVILLE','LOVEVILLE','MD','ATLANTIC','MARYLAND'),
('20657','LUSBY','LUSBY','MD','ATLANTIC','MARYLAND'),
('20658','INDIAN HEAD','INDIAN HEAD','MD','ATLANTIC','MARYLAND'),
('20658','MARBURY','MARBURY','MD','ATLANTIC','MARYLAND'),
('20659','MECHANICSVILLE','MECHANICSVILLE','MD','ATLANTIC','MARYLAND'),
('20660','MORGANZA','MORGANZA','MD','ATLANTIC','MARYLAND'),
('20661','MOUNT VICTORIA','MOUNT VICTORIA','MD','ATLANTIC','MARYLAND'),
('20662','NANJEMOY','NANJEMOY','MD','ATLANTIC','MARYLAND'),
('20664','NEWBURG','NEWBURG','MD','ATLANTIC','MARYLAND'),
('20667','LEXINGTON PARK','LEXINGTON PARK','MD','ATLANTIC','MARYLAND'),
('20667','PARK HALL','PARK HALL','MD','ATLANTIC','MARYLAND'),
('20670','LEXINGTON PARK','LEXINGTON PARK','MD','ATLANTIC','MARYLAND'),
('20670','PATUXENT RIVER','PATUXENT RIVER','MD','ATLANTIC','MARYLAND'),
('20674','PINEY POINT','PINEY POINT','MD','ATLANTIC','MARYLAND'),
('20675','POMFRET','POMFRET','MD','ATLANTIC','MARYLAND'),
('20676','PORT REPUBLIC','PORT REPUBLIC','MD','ATLANTIC','MARYLAND'),
('20677','PORT TOBACCO','PORT TOBACCO','MD','ATLANTIC','MARYLAND'),
('20678','PRINCE FREDERICK','PRINCE FREDERICK','MD','ATLANTIC','MARYLAND'),
('20680','RIDGE','RIDGE','MD','ATLANTIC','MARYLAND'),
('20684','SAINT INIGOES','SAINT INIGOES','MD','ATLANTIC','MARYLAND'),
('20685','SAINT LEONARD','SAINT LEONARD','MD','ATLANTIC','MARYLAND'),
('20686','SAINT MARYS CITY','SAINT MARYS CITY','MD','ATLANTIC','MARYLAND'),
('20687','RIDGE','RIDGE','MD','ATLANTIC','MARYLAND'),
('20688','SOLOMONS','SOLOMONS','MD','ATLANTIC','MARYLAND'),
('20689','HUNTINGTOWN','HUNTINGTOWN','MD','ATLANTIC','MARYLAND'),
('20690','VALLEY LEE','VALLEY LEE','MD','ATLANTIC','MARYLAND'),
('20692','VALLEY LEE','VALLEY LEE','MD','ATLANTIC','MARYLAND'),
('20693','WELCOME','WELCOME','MD','ATLANTIC','MARYLAND'),
('20695','WALDORF MD SDC','WALDORF','MD','ATLANTIC','MARYLAND'),
('20701','ANNAPOLIS JUNCTION','ANNAPOLIS JUNCTION','MD','ATLANTIC','MARYLAND'),
('20703','LANHAM SEABROOK','LANHAM','MD','ATLANTIC','MARYLAND'),
('20704','BELTSVILLE','BELTSVILLE','MD','ATLANTIC','MARYLAND');