INSERT INTO us_locations (zip_code, locale_name, city, state, area_name, district_name) VALUES
('16345','RUSSELL','RUSSELL','PA','ATLANTIC','PENNSYLVANIA 1'),
('16346','OIL CITY','OIL CITY','PA','ATLANTIC','PENNSYLVANIA 1'),
('16346','SENECA','SENECA','PA','ATLANTIC','PENNSYLVANIA 1'),
('16347','SHEFFIELD','SHEFFIELD','PA','ATLANTIC','PENNSYLVANIA 1'),
('16350','SUGAR GROVE','SUGAR GROVE','PA','ATLANTIC','PENNSYLVANIA 1'),
('16351','TIDIOUTE','TIDIOUTE','PA','ATLANTIC','PENNSYLVANIA 1'),
('16352','TIONA','TIONA','PA','ATLANTIC','PENNSYLVANIA 1'),
('16353','TIONESTA','TIONESTA','PA','ATLANTIC','PENNSYLVANIA 1'),
('16354','TITUSVILLE','TITUSVILLE','PA','ATLANTIC','PENNSYLVANIA 1'),
('16360','TITUSVILLE','TITUSVILLE','PA','ATLANTIC','PENNSYLVANIA 1'),
('16360','TOWNVILLE','TOWNVILLE','PA','ATLANTIC','PENNSYLVANIA 1'),
('16361','TYLERSBURG','TYLERSBURG','PA','ATLANTIC','PENNSYLVANIA 1'),
('16362','UTICA','UTICA','PA','ATLANTIC','PENNSYLVANIA 1'),
('16364','VENUS','VENUS','PA','ATLANTIC','PENNSYLVANIA 1'),
('16365','WARREN','WARREN','PA','ATLANTIC','PENNSYLVANIA 1'),
('16370','WEST HICKORY','WEST HICKORY','PA','ATLANTIC','PENNSYLVANIA 1'),
('16371','YOUNGSVILLE','YOUNGSVILLE','PA','ATLANTIC','PENNSYLVANIA 1'),
('16372','CLINTONVILLE','CLINTONVILLE','PA','ATLANTIC','PENNSYLVANIA 1'),
('16373','EMLENTON','EMLENTON','PA','ATLANTIC','PENNSYLVANIA 1'),
('16374','KENNERDELL','KENNERDELL','PA','ATLANTIC','PENNSYLVANIA 1'),
('16375','LAMARTINE','LAMARTINE','PA','ATLANTIC','PENNSYLVANIA 1'),
('16401','ALBION','ALBION','PA','ATLANTIC','PENNSYLVANIA 1'),
('16402','CORRY','CORRY','PA','ATLANTIC','PENNSYLVANIA 1'),
('16403','CAMBRIDGE SPRINGS','CAMBRIDGE SPRINGS','PA','ATLANTIC','PENNSYLVANIA 1'),
('16404','CENTERVILLE','CENTERVILLE','PA','ATLANTIC','PENNSYLVANIA 1'),
('16405','COLUMBUS','COLUMBUS','PA','ATLANTIC','PENNSYLVANIA 1'),
('16405','CORRY','CORRY','PA','ATLANTIC','PENNSYLVANIA 1'),
('16406','CONNEAUTVILLE','CONNEAUTVILLE','PA','ATLANTIC','PENNSYLVANIA 1'),
('16407','CORRY','CORRY','PA','ATLANTIC','PENNSYLVANIA 1'),
('16410','ALBION','ALBION','PA','ATLANTIC','PENNSYLVANIA 1'),
('16410','CRANESVILLE','CRANESVILLE','PA','ATLANTIC','PENNSYLVANIA 1'),
('16411','EAST SPRINGFIELD','EAST SPRINGFIELD','PA','ATLANTIC','PENNSYLVANIA 1'),
('16411','GIRARD','GIRARD','PA','ATLANTIC','PENNSYLVANIA 1'),
('16412','EDINBORO','EDINBORO','PA','ATLANTIC','PENNSYLVANIA 1'),
('16413','ELGIN','ELGIN','PA','ATLANTIC','PENNSYLVANIA 1'),
('16415','FAIRVIEW','FAIRVIEW','PA','ATLANTIC','PENNSYLVANIA 1'),
('16416','GARLAND','GARLAND','PA','ATLANTIC','PENNSYLVANIA 1'),
('16417','GIRARD','GIRARD','PA','ATLANTIC','PENNSYLVANIA 1'),
('16420','GRAND VALLEY','GRAND VALLEY','PA','ATLANTIC','PENNSYLVANIA 1'),
('16421','ERIE PA S&DC','ERIE','PA','ATLANTIC','PENNSYLVANIA 1'),
('16421','HARBORCREEK','HARBORCREEK','PA','ATLANTIC','PENNSYLVANIA 1'),
('16422','HARMONSBURG','HARMONSBURG','PA','ATLANTIC','PENNSYLVANIA 1'),
('16423','GIRARD','GIRARD','PA','ATLANTIC','PENNSYLVANIA 1'),
('16424','LINESVILLE','LINESVILLE','PA','ATLANTIC','PENNSYLVANIA 1'),
('16426','ERIE PA S&DC','ERIE','PA','ATLANTIC','PENNSYLVANIA 1'),
('16426','MC KEAN','MC KEAN','PA','ATLANTIC','PENNSYLVANIA 1'),
('16427','MILL VILLAGE','MILL VILLAGE','PA','ATLANTIC','PENNSYLVANIA 1'),
('16428','NORTH EAST','NORTH EAST','PA','ATLANTIC','PENNSYLVANIA 1'),
('16430','EAST SPRINGFIELD','EAST SPRINGFIELD','PA','ATLANTIC','PENNSYLVANIA 1'),
('16433','SAEGERTOWN','SAEGERTOWN','PA','ATLANTIC','PENNSYLVANIA 1');