INSERT INTO us_locations (zip_code, locale_name, city, state, area_name, district_name) VALUES
('86042','POLACCA','POLACCA','AZ','WESTPAC','AZ-NM'),
('86043','SECOND MESA','SECOND MESA','AZ','WESTPAC','AZ-NM'),
('86044','CPU NAVAJO MTN CHAPTER HOUSE','NAVAJO MOUNTAIN','UT','WESTPAC','AZ-NM'),
('86044','TONALEA','TONALEA','AZ','WESTPAC','AZ-NM'),
('86045','TUBA CITY','TUBA CITY','AZ','WESTPAC','AZ-NM'),
('86046','WILLIAMS','WILLIAMS','AZ','WESTPAC','AZ-NM'),
('86047','CPU TEESTO CHAPTER HOUSE','WINSLOW','AZ','WESTPAC','AZ-NM'),
('86047','WINSLOW','WINSLOW','AZ','WESTPAC','AZ-NM'),
('86053','CPU KAIBETO','KAIBETO','AZ','WESTPAC','AZ-NM'),
('86054','CPU SHONTO','SHONTO','AZ','WESTPAC','AZ-NM'),
('86301','PRESCOTT','PRESCOTT','AZ','WESTPAC','AZ-NM'),
('86302','PRESCOTT GOODWIN','PRESCOTT','AZ','WESTPAC','AZ-NM'),
('86303','PRESCOTT','PRESCOTT','AZ','WESTPAC','AZ-NM'),
('86304','PRESCOTT','PRESCOTT','AZ','WESTPAC','AZ-NM'),
('86305','PRESCOTT','PRESCOTT','AZ','WESTPAC','AZ-NM'),
('86312','PRESCOTT VALLEY','PRESCOTT VALLEY','AZ','WESTPAC','AZ-NM'),
('86314','PRESCOTT VALLEY ANNEX','PRESCOTT VALLEY','AZ','WESTPAC','AZ-NM'),
('86315','PRESCOTT VALLEY ANNEX','PRESCOTT VALLEY','AZ','WESTPAC','AZ-NM'),
('86320','ASH FORK','ASH FORK','AZ','WESTPAC','AZ-NM'),
('86321','BAGDAD','BAGDAD','AZ','WESTPAC','AZ-NM'),
('86322','CAMP VERDE','CAMP VERDE','AZ','WESTPAC','AZ-NM'),
('86323','CHINO VALLEY','CHINO VALLEY','AZ','WESTPAC','AZ-NM'),
('86324','CLARKDALE','CLARKDALE','AZ','WESTPAC','AZ-NM'),
('86325','CORNVILLE','CORNVILLE','AZ','WESTPAC','AZ-NM'),
('86326','COTTONWOOD','COTTONWOOD','AZ','WESTPAC','AZ-NM'),
('86327','DEWEY','DEWEY','AZ','WESTPAC','AZ-NM'),
('86329','HUMBOLDT','HUMBOLDT','AZ','WESTPAC','AZ-NM'),
('86331','JEROME','JEROME','AZ','WESTPAC','AZ-NM'),
('86332','KIRKLAND','KIRKLAND','AZ','WESTPAC','AZ-NM'),
('86333','MAYER','MAYER','AZ','WESTPAC','AZ-NM'),
('86334','PAULDEN','PAULDEN','AZ','WESTPAC','AZ-NM'),
('86335','RIMROCK','RIMROCK','AZ','WESTPAC','AZ-NM'),
('86336','SEDONA','SEDONA','AZ','WESTPAC','AZ-NM'),
('86337','SELIGMAN','SELIGMAN','AZ','WESTPAC','AZ-NM'),
('86338','SKULL VALLEY','SKULL VALLEY','AZ','WESTPAC','AZ-NM'),
('86339','SEDONA','SEDONA','AZ','WESTPAC','AZ-NM'),
('86340','WEST SEDONA','SEDONA','AZ','WESTPAC','AZ-NM'),
('86341','SEDONA VILLAGE OF OAK CREEK','SEDONA','AZ','WESTPAC','AZ-NM'),
('86343','CPU CROWN KING','CROWN KING','AZ','WESTPAC','AZ-NM'),
('86351','SEDONA VILLAGE OF OAK CREEK','SEDONA','AZ','WESTPAC','AZ-NM'),
('86401','KINGMAN','KINGMAN','AZ','WESTPAC','AZ-NM'),
('86402','CPU KINGMAN DOWNTOWN','KINGMAN','AZ','WESTPAC','AZ-NM'),
('86402','KINGMAN','KINGMAN','AZ','WESTPAC','AZ-NM'),
('86403','LAKE HAVASU CITY','LAKE HAVASU CITY','AZ','WESTPAC','AZ-NM'),
('86404','LAKE HAVASU CITY','LAKE HAVASU CITY','AZ','WESTPAC','AZ-NM'),
('86405','LAKE HAVASU CITY','LAKE HAVASU CITY','AZ','WESTPAC','AZ-NM'),
('86406','LAKE HAVASU CITY','LAKE HAVASU CITY','AZ','WESTPAC','AZ-NM'),
('86409','KINGMAN','KINGMAN','AZ','WESTPAC','AZ-NM'),
('86411','KINGMAN','KINGMAN','AZ','WESTPAC','AZ-NM'),
('86412','CPU HUALAPAI','HUALAPAI','AZ','WESTPAC','AZ-NM');