INSERT INTO us_locations (zip_code, locale_name, city, state, area_name, district_name) VALUES
('78265','GMF SAN ANTONIO','SAN ANTONIO','TX','SOUTHERN','TEXAS 3'),
('78266','NORTHEAST CARR ANNEX','SAN ANTONIO','TX','SOUTHERN','TEXAS 3'),
('78268','LEON VALLEY','SAN ANTONIO','TX','SOUTHERN','TEXAS 3'),
('78269','CEDAR ELM','SAN ANTONIO','TX','SOUTHERN','TEXAS 3'),
('78270','THOUSAND OAKS','SAN ANTONIO','TX','SOUTHERN','TEXAS 3'),
('78278','LOCKHILL','SAN ANTONIO','TX','SOUTHERN','TEXAS 3'),
('78279','AIRPORT STATION  SAT','SAN ANTONIO','TX','SOUTHERN','TEXAS 3'),
('78280','CPU COUNTRYSIDE PLAZA','SAN ANTONIO','TX','SOUTHERN','TEXAS 3'),
('78283','ARSENAL','SAN ANTONIO','TX','SOUTHERN','TEXAS 3'),
('78291','DOWNTOWN SAN ANTONIO','SAN ANTONIO','TX','SOUTHERN','TEXAS 3'),
('78292','DOWNTOWN SAN ANTONIO','SAN ANTONIO','TX','SOUTHERN','TEXAS 3'),
('78293','DOWNTOWN SAN ANTONIO','SAN ANTONIO','TX','SOUTHERN','TEXAS 3'),
('78294','DOWNTOWN SAN ANTONIO','SAN ANTONIO','TX','SOUTHERN','TEXAS 3'),
('78295','DOWNTOWN SAN ANTONIO','SAN ANTONIO','TX','SOUTHERN','TEXAS 3'),
('78296','DOWNTOWN SAN ANTONIO','SAN ANTONIO','TX','SOUTHERN','TEXAS 3'),
('78297','DOWNTOWN SAN ANTONIO','SAN ANTONIO','TX','SOUTHERN','TEXAS 3'),
('78298','DOWNTOWN SAN ANTONIO','SAN ANTONIO','TX','SOUTHERN','TEXAS 3'),
('78299','DOWNTOWN SAN ANTONIO','SAN ANTONIO','TX','SOUTHERN','TEXAS 3'),
('78330','AGUA DULCE','AGUA DULCE','TX','SOUTHERN','TEXAS 2'),
('78332','ALICE','ALICE','TX','SOUTHERN','TEXAS 2'),
('78333','ALICE','ALICE','TX','SOUTHERN','TEXAS 2'),
('78335','ARANSAS PASS','ARANSAS PASS','TX','SOUTHERN','TEXAS 2'),
('78336','ARANSAS PASS','ARANSAS PASS','TX','SOUTHERN','TEXAS 2'),
('78338','SARITA','SARITA','TX','SOUTHERN','TEXAS 2'),
('78339','BANQUETE','BANQUETE','TX','SOUTHERN','TEXAS 2'),
('78340','BAYSIDE','BAYSIDE','TX','SOUTHERN','TEXAS 2'),
('78341','BENAVIDES','BENAVIDES','TX','SOUTHERN','TEXAS 2'),
('78342','ALICE','ALICE','TX','SOUTHERN','TEXAS 2'),
('78343','BISHOP','BISHOP','TX','SOUTHERN','TEXAS 2'),
('78343','KINGSVILLE','KINGSVILLE','TX','SOUTHERN','TEXAS 2'),
('78344','BRUNI','BRUNI','TX','SOUTHERN','TEXAS 2'),
('78347','CHAPMAN RANCH','CHAPMAN RANCH','TX','SOUTHERN','TEXAS 2'),
('78349','CONCEPCION','CONCEPCION','TX','SOUTHERN','TEXAS 2'),
('78351','DRISCOLL','DRISCOLL','TX','SOUTHERN','TEXAS 2'),
('78352','EDROY','EDROY','TX','SOUTHERN','TEXAS 2'),
('78353','ENCINO','ENCINO','TX','SOUTHERN','TEXAS 2'),
('78355','FALFURRIAS','FALFURRIAS','TX','SOUTHERN','TEXAS 2'),
('78357','FREER','FREER','TX','SOUTHERN','TEXAS 2'),
('78358','FULTON','FULTON','TX','SOUTHERN','TEXAS 2'),
('78359','GREGORY','GREGORY','TX','SOUTHERN','TEXAS 2'),
('78360','HEBBRONVILLE','HEBBRONVILLE','TX','SOUTHERN','TEXAS 2'),
('78361','HEBBRONVILLE','HEBBRONVILLE','TX','SOUTHERN','TEXAS 2'),
('78362','INGLESIDE','INGLESIDE','TX','SOUTHERN','TEXAS 2'),
('78363','KINGSVILLE','KINGSVILLE','TX','SOUTHERN','TEXAS 2'),
('78363','KINGSVILLE NAS DOPBU','KINGSVILLE','TX','SOUTHERN','TEXAS 2'),
('78364','KINGSVILLE','KINGSVILLE','TX','SOUTHERN','TEXAS 2'),
('78368','MATHIS','MATHIS','TX','SOUTHERN','TEXAS 2'),
('78369','BRUNI','BRUNI','TX','SOUTHERN','TEXAS 2'),
('78370','ODEM','ODEM','TX','SOUTHERN','TEXAS 2'),
('78371','OILTON','OILTON','TX','SOUTHERN','TEXAS 2');