INSERT INTO us_locations (zip_code, locale_name, city, state, area_name, district_name) VALUES
('03585','LISBON','LISBON','NH','ATLANTIC','ME-NH-VT'),
('03586','SUGAR HILL NPU','SUGAR HILL','NH','ATLANTIC','ME-NH-VT'),
('03588','BERLIN','BERLIN','NH','ATLANTIC','ME-NH-VT'),
('03588','MILAN','MILAN','NH','ATLANTIC','ME-NH-VT'),
('03590','NORTH STRATFORD','NORTH STRATFORD','NH','ATLANTIC','ME-NH-VT'),
('03592','PITTSBURG','PITTSBURG','NH','ATLANTIC','ME-NH-VT'),
('03593','GORHAM','GORHAM','NH','ATLANTIC','ME-NH-VT'),
('03595','TWIN MOUNTAIN','TWIN MOUNTAIN','NH','ATLANTIC','ME-NH-VT'),
('03597','WEST STEWARTSTOWN','WEST STEWARTSTOWN','NH','ATLANTIC','ME-NH-VT'),
('03598','WHITEFIELD','WHITEFIELD','NH','ATLANTIC','ME-NH-VT'),
('03601','ACWORTH','ACWORTH','NH','ATLANTIC','ME-NH-VT'),
('03602','ALSTEAD','ALSTEAD','NH','ATLANTIC','ME-NH-VT'),
('03603','CHARLESTOWN','CHARLESTOWN','NH','ATLANTIC','ME-NH-VT'),
('03604','WALPOLE','WALPOLE','NH','ATLANTIC','ME-NH-VT'),
('03605','LEMPSTER','LEMPSTER','NH','ATLANTIC','ME-NH-VT'),
('03607','ALSTEAD','ALSTEAD','NH','ATLANTIC','ME-NH-VT'),
('03608','WALPOLE','WALPOLE','NH','ATLANTIC','ME-NH-VT'),
('03740','BATH','BATH','NH','ATLANTIC','ME-NH-VT'),
('03740','WOODSVILLE','WOODSVILLE','NH','ATLANTIC','ME-NH-VT'),
('03741','CANAAN','CANAAN','NH','ATLANTIC','ME-NH-VT'),
('03743','CLAREMONT','CLAREMONT','NH','ATLANTIC','ME-NH-VT'),
('03745','CORNISH FLAT','CORNISH FLAT','NH','ATLANTIC','ME-NH-VT'),
('03746','CORNISH FLAT','CORNISH FLAT','NH','ATLANTIC','ME-NH-VT'),
('03748','ENFIELD','ENFIELD','NH','ATLANTIC','ME-NH-VT'),
('03749','ENFIELD CENTER','ENFIELD CENTER','NH','ATLANTIC','ME-NH-VT'),
('03750','ETNA','ETNA','NH','ATLANTIC','ME-NH-VT'),
('03751','GEORGES MILLS','GEORGES MILLS','NH','ATLANTIC','ME-NH-VT'),
('03752','GOSHEN','GOSHEN','NH','ATLANTIC','ME-NH-VT'),
('03753','GRANTHAM','GRANTHAM','NH','ATLANTIC','ME-NH-VT'),
('03754','GUILD','GUILD','NH','ATLANTIC','ME-NH-VT'),
('03755','HANOVER','HANOVER','NH','ATLANTIC','ME-NH-VT'),
('03765','HAVERHILL','HAVERHILL','NH','ATLANTIC','ME-NH-VT'),
('03766','LEBANON','LEBANON','NH','ATLANTIC','ME-NH-VT'),
('03766','WEST LEBANON','WEST LEBANON','NH','ATLANTIC','ME-NH-VT'),
('03768','LYME','LYME','NH','ATLANTIC','ME-NH-VT'),
('03769','LYME CENTER','LYME CENTER','NH','ATLANTIC','ME-NH-VT'),
('03770','MERIDEN','MERIDEN','NH','ATLANTIC','ME-NH-VT'),
('03771','MONROE','MONROE','NH','ATLANTIC','ME-NH-VT'),
('03773','NEWPORT','NEWPORT','NH','ATLANTIC','ME-NH-VT'),
('03774','NORTH HAVERHILL','NORTH HAVERHILL','NH','ATLANTIC','ME-NH-VT'),
('03777','ORFORD','ORFORD','NH','ATLANTIC','ME-NH-VT'),
('03779','PIERMONT','PIERMONT','NH','ATLANTIC','ME-NH-VT'),
('03780','PIKE','PIKE','NH','ATLANTIC','ME-NH-VT'),
('03781','PLAINFIELD','PLAINFIELD','NH','ATLANTIC','ME-NH-VT'),
('03782','NEWPORT','NEWPORT','NH','ATLANTIC','ME-NH-VT'),
('03782','SUNAPEE','SUNAPEE','NH','ATLANTIC','ME-NH-VT'),
('03784','WEST LEBANON','WEST LEBANON','NH','ATLANTIC','ME-NH-VT'),
('03785','WOODSVILLE','WOODSVILLE','NH','ATLANTIC','ME-NH-VT'),
('03801','PORTSMOUTH NH SDC','PORTSMOUTH','NH','ATLANTIC','ME-NH-VT'),
('03802','PORTSMOUTH DPOBU','PORTSMOUTH','NH','ATLANTIC','ME-NH-VT');