INSERT INTO zip_coordinates (zip_code, city, state_name, state_code, county, latitude, longitude) VALUES
('03802','Portsmouth','New Hampshire','NH','Rockingham',43.0718,-70.7626),
('03803','Portsmouth','New Hampshire','NH','Rockingham',43.0718,-70.7626),
('03804','Portsmouth','New Hampshire','NH','Rockingham',43.0718,-70.7626),
('03811','Atkinson','New Hampshire','NH','Rockingham',42.837,-71.1603),
('03819','Danville','New Hampshire','NH','Rockingham',42.9234,-71.121),
('03826','East Hampstead','New Hampshire','NH','Rockingham',42.8877,-71.128),
('03827','East Kingston','New Hampshire','NH','Rockingham',42.907,-70.9876),
('03833','Exeter','New Hampshire','NH','Rockingham',42.9815,-70.9478),
('03840','Greenland','New Hampshire','NH','Rockingham',43.0353,-70.8475),
('03841','Hampstead','New Hampshire','NH','Rockingham',42.882,-71.1758),
('03842','Hampton','New Hampshire','NH','Rockingham',42.9359,-70.8243),
('03843','Hampton','New Hampshire','NH','Rockingham',43.0059,-71.0132),
('03844','Hampton Falls','New Hampshire','NH','Rockingham',42.9263,-70.8876),
('03848','Kingston','New Hampshire','NH','Rockingham',42.9133,-71.0639),
('03854','New Castle','New Hampshire','NH','Rockingham',43.0681,-70.7199),
('03856','Newfields','New Hampshire','NH','Rockingham',43.0374,-70.9782),
('03857','Newmarket','New Hampshire','NH','Rockingham',43.0726,-70.9553),
('03858','Newton','New Hampshire','NH','Rockingham',42.8678,-71.042),
('03859','Newton Junction','New Hampshire','NH','Rockingham',42.8619,-71.04),
('03862','North Hampton','New Hampshire','NH','Rockingham',42.9776,-70.8267),
('03865','Plaistow','New Hampshire','NH','Rockingham',42.8356,-71.0934),
('03870','Rye','New Hampshire','NH','Rockingham',43.0095,-70.7652),
('03871','Rye Beach','New Hampshire','NH','Rockingham',42.9806,-70.7719),
('03873','Sandown','New Hampshire','NH','Rockingham',42.9308,-71.1861),
('03874','Seabrook','New Hampshire','NH','Rockingham',42.8854,-70.8646),
('03885','Stratham','New Hampshire','NH','Rockingham',43.0194,-70.8997),
('03815','Center Strafford','New Hampshire','NH','Strafford',43.2629,-71.1071),
('03820','Dover','New Hampshire','NH','Strafford',43.1888,-70.8868),
('03821','Dover','New Hampshire','NH','Strafford',43.1979,-70.8737),
('03822','Dover','New Hampshire','NH','Strafford',43.1979,-70.8737),
('03823','Madbury','New Hampshire','NH','Strafford',43.1729,-70.9412),
('03824','Durham','New Hampshire','NH','Strafford',43.1174,-70.9197),
('03825','Barrington','New Hampshire','NH','Strafford',43.2027,-71.0377),
('03835','Farmington','New Hampshire','NH','Strafford',43.3884,-71.0647),
('03839','Rochester','New Hampshire','NH','Strafford',43.262,-70.9837),
('03851','Milton','New Hampshire','NH','Strafford',43.4229,-71.0114),
('03852','Milton Mills','New Hampshire','NH','Strafford',43.5025,-70.9697),
('03855','New Durham','New Hampshire','NH','Strafford',43.443,-71.1408),
('03866','Rochester','New Hampshire','NH','Strafford',43.3045,-70.9756),
('03867','Rochester','New Hampshire','NH','Strafford',43.3045,-70.9756),
('03868','Rochester','New Hampshire','NH','Strafford',43.32,-70.9413),
('03869','Rollinsford','New Hampshire','NH','Strafford',43.2269,-70.8332),
('03878','Somersworth','New Hampshire','NH','Strafford',43.2525,-70.8756),
('03884','Strafford','New Hampshire','NH','Strafford',43.2506,-71.1625),
('03887','Union','New Hampshire','NH','Strafford',43.4861,-71.063),
('03280','Washington','New Hampshire','NH','Sullivan',43.1747,-72.0824),
('03284','Springfield','New Hampshire','NH','Sullivan',43.4938,-72.047),
('03601','Acworth','New Hampshire','NH','Sullivan',43.196,-72.3001),
('03603','Charlestown','New Hampshire','NH','Sullivan',43.2573,-72.4064),
('03605','Lempster','New Hampshire','NH','Sullivan',43.2136,-72.1968),
('03607','South Acworth','New Hampshire','NH','Sullivan',43.1956,-72.2686),
('03743','Claremont','New Hampshire','NH','Sullivan',43.3679,-72.3422),
('03745','Cornish','New Hampshire','NH','Sullivan',43.4963,-72.3394),
('03746','Cornish Flat','New Hampshire','NH','Sullivan',43.4973,-72.2795),
('03751','Georges Mills','New Hampshire','NH','Sullivan',43.4317,-72.0673),
('03752','Goshen','New Hampshire','NH','Sullivan',43.3026,-72.1241),
('03753','Grantham','New Hampshire','NH','Sullivan',43.5103,-72.1334),
('03754','Guild','New Hampshire','NH','Sullivan',43.3767,-72.1381),
('03770','Meriden','New Hampshire','NH','Sullivan',43.5299,-72.2756),
('03773','Newport','New Hampshire','NH','Sullivan',43.3532,-72.1838),
('03781','Plainfield','New Hampshire','NH','Sullivan',43.5519,-72.2704),
('03782','Sunapee','New Hampshire','NH','Sullivan',43.3868,-72.095),
('08037','Hammonton','New Jersey','NJ','Atlantic',39.638,-74.7728),
('08201','Absecon','New Jersey','NJ','Atlantic',39.4218,-74.4949),
('08203','Brigantine','New Jersey','NJ','Atlantic',39.4101,-74.3646),
('08205','Absecon','New Jersey','NJ','Atlantic',39.4745,-74.4575),
('08213','Cologne','New Jersey','NJ','Atlantic',39.5092,-74.6086),
('08215','Egg Harbor City','New Jersey','NJ','Atlantic',39.5331,-74.6177),
('08217','Elwood','New Jersey','NJ','Atlantic',39.5737,-74.72),
('08220','Leeds Point','New Jersey','NJ','Atlantic',39.4921,-74.429),
('08221','Linwood','New Jersey','NJ','Atlantic',39.3469,-74.5807),
('08225','Northfield','New Jersey','NJ','Atlantic',39.3703,-74.5552),
('08231','Oceanville','New Jersey','NJ','Atlantic',39.4712,-74.4604),
('08232','Pleasantville','New Jersey','NJ','Atlantic',39.3876,-74.5149),
('08234','Egg Harbor Township','New Jersey','NJ','Atlantic',39.3741,-74.6118),
('08240','Pomona','New Jersey','NJ','Atlantic',39.4877,-74.5543),
('08241','Port Republic','New Jersey','NJ','Atlantic',39.5272,-74.4903),
('08244','Somers Point','New Jersey','NJ','Atlantic',39.3223,-74.6008),
('08310','Buena','New Jersey','NJ','Atlantic',39.537,-74.8895),
('08317','Dorothy','New Jersey','NJ','Atlantic',39.4031,-74.8316),
('08319','Estell Manor','New Jersey','NJ','Atlantic',39.3783,-74.8165),
('08326','Landisville','New Jersey','NJ','Atlantic',39.5239,-74.9377),
('08330','Mays Landing','New Jersey','NJ','Atlantic',39.432,-74.6962),
('08340','Milmay','New Jersey','NJ','Atlantic',39.4451,-74.8667),
('08341','Minotola','New Jersey','NJ','Atlantic',39.5155,-74.9467),
('08342','Mizpah','New Jersey','NJ','Atlantic',39.5021,-74.8335),
('08346','Newtonville','New Jersey','NJ','Atlantic',39.5645,-74.859),
('08350','Richland','New Jersey','NJ','Atlantic',39.485,-74.8776),
('08401','Atlantic City','New Jersey','NJ','Atlantic',39.3664,-74.4317),
('08402','Margate City','New Jersey','NJ','Atlantic',39.3286,-74.509),
('08403','Longport','New Jersey','NJ','Atlantic',39.3194,-74.5356),
('08404','Atlantic City','New Jersey','NJ','Atlantic',39.3643,-74.4229),
('08405','Atlantic City','New Jersey','NJ','Atlantic',39.3643,-74.4229),
('08406','Ventnor City','New Jersey','NJ','Atlantic',39.346,-74.4723),
('07010','Cliffside Park','New Jersey','NJ','Bergen',40.8222,-73.988),
('07020','Edgewater','New Jersey','NJ','Bergen',40.8317,-73.9738),
('07022','Fairview','New Jersey','NJ','Bergen',40.817,-74),
('07024','Fort Lee','New Jersey','NJ','Bergen',40.8503,-73.9745),
('07026','Garfield','New Jersey','NJ','Bergen',40.8789,-74.1081),
('07031','North Arlington','New Jersey','NJ','Bergen',40.7898,-74.1343);