INSERT INTO zip_coordinates (zip_code, city, state_name, state_code, county, latitude, longitude) VALUES
('03227','Center Sandwich','New Hampshire','NH','Carroll',43.8162,-71.4506),
('03254','Moultonborough','New Hampshire','NH','Carroll',43.7281,-71.3922),
('03259','North Sandwich','New Hampshire','NH','Carroll',43.8452,-71.385),
('03812','Bartlett','New Hampshire','NH','Carroll',44.0802,-71.292),
('03813','Center Conway','New Hampshire','NH','Carroll',43.9878,-71.0607),
('03814','Center Ossipee','New Hampshire','NH','Carroll',43.7682,-71.1349),
('03816','Center Tuftonboro','New Hampshire','NH','Carroll',43.6849,-71.2551),
('03817','Chocorua','New Hampshire','NH','Carroll',43.8909,-71.2407),
('03818','Conway','New Hampshire','NH','Carroll',43.9742,-71.1503),
('03830','East Wakefield','New Hampshire','NH','Carroll',43.6142,-71.0051),
('03832','Eaton Center','New Hampshire','NH','Carroll',43.9092,-71.0837),
('03836','Freedom','New Hampshire','NH','Carroll',43.8172,-71.0628),
('03838','Glen','New Hampshire','NH','Carroll',44.1018,-71.1925),
('03845','Intervale','New Hampshire','NH','Carroll',44.0955,-71.1194),
('03846','Jackson','New Hampshire','NH','Carroll',44.167,-71.1878),
('03847','Kearsarge','New Hampshire','NH','Carroll',44.0753,-71.1176),
('03849','Madison','New Hampshire','NH','Carroll',43.9152,-71.1254),
('03850','Melvin Village','New Hampshire','NH','Carroll',43.7077,-71.3017),
('03853','Mirror Lake','New Hampshire','NH','Carroll',43.6366,-71.2729),
('03860','North Conway','New Hampshire','NH','Carroll',44.0336,-71.1238),
('03861','Lee','New Hampshire','NH','Carroll',43.1192,-70.9969),
('03864','Ossipee','New Hampshire','NH','Carroll',43.6945,-71.1129),
('03872','Sanbornville','New Hampshire','NH','Carroll',43.5513,-71.02),
('03875','Silver Lake','New Hampshire','NH','Carroll',43.879,-71.1905),
('03882','Effingham','New Hampshire','NH','Carroll',43.7012,-70.9834),
('03883','South Tamworth','New Hampshire','NH','Carroll',43.8077,-71.308),
('03886','Tamworth','New Hampshire','NH','Carroll',43.862,-71.2645),
('03890','West Ossipee','New Hampshire','NH','Carroll',43.8118,-71.1946),
('03894','Wolfeboro','New Hampshire','NH','Carroll',43.595,-71.1908),
('03896','Wolfeboro Falls','New Hampshire','NH','Carroll',43.5892,-71.2189),
('03897','Wonalancet','New Hampshire','NH','Carroll',43.9073,-71.3506),
('03431','Keene','New Hampshire','NH','Cheshire',42.9627,-72.2955),
('03435','Keene','New Hampshire','NH','Cheshire',42.9337,-72.2781),
('03441','Ashuelot','New Hampshire','NH','Cheshire',42.7851,-72.4349),
('03443','Chesterfield','New Hampshire','NH','Cheshire',42.8839,-72.4548),
('03444','Dublin','New Hampshire','NH','Cheshire',42.8972,-72.0505),
('03445','Sullivan','New Hampshire','NH','Cheshire',42.9982,-72.2019),
('03446','Swanzey','New Hampshire','NH','Cheshire',42.8411,-72.3301),
('03447','Fitzwilliam','New Hampshire','NH','Cheshire',42.7611,-72.145),
('03448','Gilsum','New Hampshire','NH','Cheshire',43.0399,-72.2719),
('03450','Harrisville','New Hampshire','NH','Cheshire',42.9399,-72.0972),
('03451','Hinsdale','New Hampshire','NH','Cheshire',42.8027,-72.5015),
('03452','Jaffrey','New Hampshire','NH','Cheshire',42.8178,-72.0275),
('03455','Marlborough','New Hampshire','NH','Cheshire',42.8988,-72.2013),
('03456','Marlow','New Hampshire','NH','Cheshire',43.1326,-72.2109),
('03457','Nelson','New Hampshire','NH','Cheshire',42.9906,-72.1309),
('03461','Rindge','New Hampshire','NH','Cheshire',42.7544,-72.019),
('03462','Spofford','New Hampshire','NH','Cheshire',42.912,-72.4103),
('03464','Stoddard','New Hampshire','NH','Cheshire',43.0739,-72.1088),
('03465','Troy','New Hampshire','NH','Cheshire',42.827,-72.1848),
('03466','West Chesterfield','New Hampshire','NH','Cheshire',42.8956,-72.5097),
('03467','Westmoreland','New Hampshire','NH','Cheshire',42.969,-72.4358),
('03469','West Swanzey','New Hampshire','NH','Cheshire',42.8734,-72.3151),
('03470','Winchester','New Hampshire','NH','Cheshire',42.7788,-72.344),
('03602','Alstead','New Hampshire','NH','Cheshire',43.1265,-72.3281),
('03604','Drewsville','New Hampshire','NH','Cheshire',43.1281,-72.392),
('03608','Walpole','New Hampshire','NH','Cheshire',43.0765,-72.4155),
('03609','North Walpole','New Hampshire','NH','Cheshire',43.1428,-72.4483),
('03570','Berlin','New Hampshire','NH','Coos',44.4811,-71.1892),
('03575','Bretton Woods','New Hampshire','NH','Coos',44.2581,-71.4412),
('03576','Colebrook','New Hampshire','NH','Coos',44.9078,-71.4793),
('03579','Errol','New Hampshire','NH','Coos',44.8003,-71.1436),
('03581','Gorham','New Hampshire','NH','Coos',44.4048,-71.1548),
('03582','Groveton','New Hampshire','NH','Coos',44.5984,-71.5064),
('03583','Jefferson','New Hampshire','NH','Coos',44.3999,-71.4518),
('03584','Lancaster','New Hampshire','NH','Coos',44.4921,-71.5591),
('03588','Milan','New Hampshire','NH','Coos',44.587,-71.181),
('03589','Mount Washington','New Hampshire','NH','Coos',44.6956,-71.3874),
('03590','North Stratford','New Hampshire','NH','Coos',44.7149,-71.5644),
('03592','Pittsburg','New Hampshire','NH','Coos',45.0866,-71.3636),
('03593','Randolph','New Hampshire','NH','Coos',44.3753,-71.2798),
('03595','Twin Mountain','New Hampshire','NH','Coos',44.2689,-71.5471),
('03597','West Stewartstown','New Hampshire','NH','Coos',44.6956,-71.3874),
('03598','Whitefield','New Hampshire','NH','Coos',44.3681,-71.6035),
('03215','Waterville Valley','New Hampshire','NH','Grafton',43.9501,-71.4995),
('03217','Ashland','New Hampshire','NH','Grafton',43.7034,-71.6121),
('03222','Bristol','New Hampshire','NH','Grafton',43.612,-71.7507),
('03223','Campton','New Hampshire','NH','Grafton',43.8418,-71.6652),
('03238','Glencliff','New Hampshire','NH','Grafton',43.9828,-71.8934),
('03240','Grafton','New Hampshire','NH','Grafton',43.5727,-71.9634),
('03241','Hebron','New Hampshire','NH','Grafton',43.7186,-71.827),
('03245','Holderness','New Hampshire','NH','Grafton',43.7378,-71.6044),
('03251','Lincoln','New Hampshire','NH','Grafton',44.0582,-71.6727),
('03258','Chichester','New Hampshire','NH','Grafton',43.244,-71.4105),
('03262','North Woodstock','New Hampshire','NH','Grafton',44.0354,-71.6863),
('03264','Plymouth','New Hampshire','NH','Grafton',43.757,-71.6881),
('03266','Rumney','New Hampshire','NH','Grafton',43.8044,-71.848),
('03279','Warren','New Hampshire','NH','Grafton',43.9447,-71.8901),
('03282','Wentworth','New Hampshire','NH','Grafton',43.8685,-71.9097),
('03285','Thornton','New Hampshire','NH','Grafton',43.905,-71.647),
('03293','Woodstock','New Hampshire','NH','Grafton',43.9776,-71.6851),
('03561','Littleton','New Hampshire','NH','Grafton',44.3112,-71.7768),
('03574','Bethlehem','New Hampshire','NH','Grafton',44.2808,-71.6829),
('03580','Franconia','New Hampshire','NH','Grafton',44.2053,-71.7518),
('03585','Lisbon','New Hampshire','NH','Grafton',44.2148,-71.8966),
('03586','Sugar Hill','New Hampshire','NH','Grafton',44.2203,-71.7964),
('03740','Bath','New Hampshire','NH','Grafton',44.1808,-71.9828),
('03741','Canaan','New Hampshire','NH','Grafton',43.6601,-72.0297),
('03748','Enfield','New Hampshire','NH','Grafton',43.6256,-72.127),
('03749','Enfield Center','New Hampshire','NH','Grafton',43.5796,-72.0854);