INSERT INTO zip_coordinates (zip_code, city, state_name, state_code, county, latitude, longitude) VALUES
('14736','Findley Lake','New York','NY','Chautauqua',42.1204,-79.7349),
('14738','Frewsburg','New York','NY','Chautauqua',42.0528,-79.1318),
('14740','Gerry','New York','NY','Chautauqua',42.2147,-79.1649),
('14742','Greenhurst','New York','NY','Chautauqua',42.1205,-79.3096),
('14747','Kennedy','New York','NY','Chautauqua',42.1508,-79.0964),
('14750','Lakewood','New York','NY','Chautauqua',42.0973,-79.3291),
('14752','Lily Dale','New York','NY','Chautauqua',42.3524,-79.3235),
('14756','Maple Springs','New York','NY','Chautauqua',42.1967,-79.4239),
('14757','Mayville','New York','NY','Chautauqua',42.2409,-79.4963),
('14758','Niobe','New York','NY','Chautauqua',42.0126,-79.4495),
('14767','Panama','New York','NY','Chautauqua',42.057,-79.4815),
('14769','Portland','New York','NY','Chautauqua',42.3858,-79.4589),
('14775','Ripley','New York','NY','Chautauqua',42.2482,-79.7121),
('14781','Sherman','New York','NY','Chautauqua',42.1631,-79.5857),
('14782','Sinclairville','New York','NY','Chautauqua',42.2455,-79.2673),
('14784','Stockton','New York','NY','Chautauqua',42.3182,-79.3758),
('14785','Stow','New York','NY','Chautauqua',42.1557,-79.4122),
('14787','Westfield','New York','NY','Chautauqua',42.322,-79.5726),
('14814','Big Flats','New York','NY','Chemung',42.1455,-76.9527),
('14816','Breesport','New York','NY','Chemung',42.1939,-76.7361),
('14825','Chemung','New York','NY','Chemung',42.0392,-76.6202),
('14838','Erin','New York','NY','Chemung',42.1859,-76.6819),
('14845','Horseheads','New York','NY','Chemung',42.1805,-76.8345),
('14861','Lowman','New York','NY','Chemung',42.0694,-76.693),
('14864','Millport','New York','NY','Chemung',42.2581,-76.8392),
('14871','Pine City','New York','NY','Chemung',42.0419,-76.8815),
('14872','Pine Valley','New York','NY','Chemung',42.2348,-76.8652),
('14889','Van Etten','New York','NY','Chemung',42.2085,-76.5717),
('14894','Wellsburg','New York','NY','Chemung',42.0273,-76.7723),
('14901','Elmira','New York','NY','Chemung',42.1008,-76.812),
('14902','Elmira','New York','NY','Chemung',42.1473,-76.7509),
('14903','Elmira','New York','NY','Chemung',42.1198,-76.8877),
('14904','Elmira','New York','NY','Chemung',42.0729,-76.8037),
('14905','Elmira','New York','NY','Chemung',42.0869,-76.8397),
('13124','North Pitcher','New York','NY','Chenango',42.6372,-75.8164),
('13136','Pitcher','New York','NY','Chenango',42.5969,-75.8465),
('13155','South Otselic','New York','NY','Chenango',42.6626,-75.7669),
('13332','Earlville','New York','NY','Chenango',42.7197,-75.5589),
('13411','New Berlin','New York','NY','Chenango',42.6224,-75.3474),
('13460','Sherburne','New York','NY','Chenango',42.6859,-75.483),
('13464','Smyrna','New York','NY','Chenango',42.6896,-75.6121),
('13730','Afton','New York','NY','Chenango',42.2417,-75.5366),
('13733','Bainbridge','New York','NY','Chenango',42.312,-75.4894),
('13758','East Pharsalia','New York','NY','Chenango',42.5835,-75.7219),
('13778','Greene','New York','NY','Chenango',42.3401,-75.7342),
('13780','Guilford','New York','NY','Chenango',42.4269,-75.4823),
('13801','Mc Donough','New York','NY','Chenango',42.5068,-75.7623),
('13809','Mount Upton','New York','NY','Chenango',42.4081,-75.4003),
('13814','North Norwich','New York','NY','Chenango',42.6036,-75.5282),
('13815','Norwich','New York','NY','Chenango',42.5414,-75.5274),
('13830','Oxford','New York','NY','Chenango',42.4379,-75.5673),
('13832','Plymouth','New York','NY','Chenango',42.6336,-75.6172),
('13841','Smithville Flats','New York','NY','Chenango',42.3989,-75.8237),
('13843','South New Berlin','New York','NY','Chenango',42.5295,-75.3852),
('13844','South Plymouth','New York','NY','Chenango',42.6053,-75.633),
('12901','Plattsburgh','New York','NY','Clinton',44.6927,-73.466),
('12903','Plattsburgh','New York','NY','Clinton',44.6854,-73.4474),
('12910','Altona','New York','NY','Clinton',44.8816,-73.6408),
('12911','Keeseville','New York','NY','Clinton',44.505,-73.4801),
('12912','Au Sable Forks','New York','NY','Clinton',44.4499,-73.6857),
('12918','Cadyville','New York','NY','Clinton',44.6862,-73.6702),
('12919','Champlain','New York','NY','Clinton',44.9773,-73.4466),
('12921','Chazy','New York','NY','Clinton',44.8884,-73.4501),
('12923','Churubusco','New York','NY','Clinton',44.9432,-73.9355),
('12924','Keeseville','New York','NY','Clinton',44.4777,-73.5843),
('12929','Dannemora','New York','NY','Clinton',44.72,-73.7192),
('12933','Ellenburg','New York','NY','Clinton',44.8939,-73.8365),
('12934','Ellenburg Center','New York','NY','Clinton',44.8444,-73.8685),
('12935','Ellenburg Depot','New York','NY','Clinton',44.9163,-73.7876),
('12952','Lyon Mountain','New York','NY','Clinton',44.7255,-73.9195),
('12955','Lyon Mountain','New York','NY','Clinton',44.8043,-73.973),
('12958','Mooers','New York','NY','Clinton',44.9592,-73.5834),
('12959','Mooers Forks','New York','NY','Clinton',44.9602,-73.673),
('12962','Morrisonville','New York','NY','Clinton',44.6894,-73.5772),
('12972','Peru','New York','NY','Clinton',44.5851,-73.5293),
('12978','Redford','New York','NY','Clinton',44.6164,-73.8087),
('12979','Rouses Point','New York','NY','Clinton',44.9884,-73.3691),
('12981','Saranac','New York','NY','Clinton',44.7032,-73.7481),
('12985','Schuyler Falls','New York','NY','Clinton',44.6287,-73.5579),
('12992','West Chazy','New York','NY','Clinton',44.797,-73.5112),
('12017','Austerlitz','New York','NY','Columbia',42.3223,-73.455),
('12029','Canaan','New York','NY','Columbia',42.4132,-73.4159),
('12037','Chatham','New York','NY','Columbia',42.3496,-73.5873),
('12050','Columbiaville','New York','NY','Columbia',42.3172,-73.7486),
('12060','East Chatham','New York','NY','Columbia',42.433,-73.4903),
('12075','Ghent','New York','NY','Columbia',42.3036,-73.6486),
('12106','Kinderhook','New York','NY','Columbia',42.3767,-73.7183),
('12115','Malden Bridge','New York','NY','Columbia',42.4725,-73.5807),
('12125','New Lebanon','New York','NY','Columbia',42.4759,-73.3773),
('12130','Niverville','New York','NY','Columbia',42.44,-73.6663),
('12132','North Chatham','New York','NY','Columbia',42.4705,-73.63),
('12136','Old Chatham','New York','NY','Columbia',42.4357,-73.5545),
('12165','Spencertown','New York','NY','Columbia',42.3091,-73.5008),
('12172','Stottville','New York','NY','Columbia',42.2857,-73.7335),
('12173','Stuyvesant','New York','NY','Columbia',42.3596,-73.7613),
('12174','Stuyvesant Falls','New York','NY','Columbia',42.344,-73.7348),
('12184','Valatie','New York','NY','Columbia',42.4321,-73.6683),
('12195','West Lebanon','New York','NY','Columbia',42.4862,-73.4662),
('12502','Ancram','New York','NY','Columbia',42.0851,-73.6424),
('12503','Ancramdale','New York','NY','Columbia',42.0381,-73.5819);