INSERT INTO zip_coordinates (zip_code, city, state_name, state_code, county, latitude, longitude) VALUES
('03750','Etna','New Hampshire','NH','Grafton',43.7113,-72.2125),
('03755','Hanover','New Hampshire','NH','Grafton',43.7045,-72.285),
('03756','Lebanon','New Hampshire','NH','Grafton',43.6423,-72.2518),
('03765','Haverhill','New Hampshire','NH','Grafton',44.0394,-72.0573),
('03766','Lebanon','New Hampshire','NH','Grafton',43.6447,-72.2428),
('03768','Lyme','New Hampshire','NH','Grafton',43.7913,-72.162),
('03769','Lyme Center','New Hampshire','NH','Grafton',43.7863,-72.1205),
('03771','Monroe','New Hampshire','NH','Grafton',44.2734,-72.025),
('03774','North Haverhill','New Hampshire','NH','Grafton',44.0978,-72.0191),
('03777','Orford','New Hampshire','NH','Grafton',43.8941,-72.0978),
('03779','Piermont','New Hampshire','NH','Grafton',43.9906,-72.0813),
('03780','Pike','New Hampshire','NH','Grafton',44.0255,-72.0096),
('03784','West Lebanon','New Hampshire','NH','Grafton',43.644,-72.3007),
('03785','Woodsville','New Hampshire','NH','Grafton',44.1523,-72.0373),
('03031','Amherst','New Hampshire','NH','Hillsborough',42.8569,-71.6075),
('03033','Brookline','New Hampshire','NH','Hillsborough',42.7384,-71.6663),
('03043','Francestown','New Hampshire','NH','Hillsborough',42.992,-71.8113),
('03045','Goffstown','New Hampshire','NH','Hillsborough',43.0201,-71.5697),
('03047','Greenfield','New Hampshire','NH','Hillsborough',42.9493,-71.8728),
('03048','Greenville','New Hampshire','NH','Hillsborough',42.7482,-71.7619),
('03049','Hollis','New Hampshire','NH','Hillsborough',42.7485,-71.5772),
('03051','Hudson','New Hampshire','NH','Hillsborough',42.769,-71.4121),
('03052','Litchfield','New Hampshire','NH','Hillsborough',42.843,-71.455),
('03054','Merrimack','New Hampshire','NH','Hillsborough',42.8667,-71.5128),
('03055','Milford','New Hampshire','NH','Hillsborough',42.8285,-71.6606),
('03057','Mont Vernon','New Hampshire','NH','Hillsborough',42.8976,-71.6762),
('03060','Nashua','New Hampshire','NH','Hillsborough',42.7564,-71.4667),
('03061','Nashua','New Hampshire','NH','Hillsborough',42.7654,-71.4676),
('03062','Nashua','New Hampshire','NH','Hillsborough',42.7235,-71.4893),
('03063','Nashua','New Hampshire','NH','Hillsborough',42.7717,-71.5132),
('03064','Nashua','New Hampshire','NH','Hillsborough',42.779,-71.4748),
('03070','New Boston','New Hampshire','NH','Hillsborough',42.9722,-71.6864),
('03071','New Ipswich','New Hampshire','NH','Hillsborough',42.7511,-71.8703),
('03076','Pelham','New Hampshire','NH','Hillsborough',42.7288,-71.3046),
('03082','Lyndeborough','New Hampshire','NH','Hillsborough',42.8954,-71.7744),
('03084','Temple','New Hampshire','NH','Hillsborough',42.82,-71.8523),
('03086','Wilton','New Hampshire','NH','Hillsborough',42.8368,-71.7541),
('03101','Manchester','New Hampshire','NH','Hillsborough',42.9929,-71.4633),
('03102','Manchester','New Hampshire','NH','Hillsborough',42.9944,-71.4884),
('03103','Manchester','New Hampshire','NH','Hillsborough',42.9656,-71.4493),
('03104','Manchester','New Hampshire','NH','Hillsborough',43.0073,-71.4482),
('03105','Manchester','New Hampshire','NH','Hillsborough',42.9956,-71.4548),
('03108','Manchester','New Hampshire','NH','Hillsborough',42.9956,-71.4548),
('03109','Manchester','New Hampshire','NH','Hillsborough',42.9713,-71.4135),
('03110','Bedford','New Hampshire','NH','Hillsborough',42.9403,-71.5213),
('03111','Manchester','New Hampshire','NH','Hillsborough',42.9956,-71.4548),
('03244','Hillsborough','New Hampshire','NH','Hillsborough',43.1141,-71.8992),
('03281','Weare','New Hampshire','NH','Hillsborough',43.0714,-71.7038),
('03440','Antrim','New Hampshire','NH','Hillsborough',43.0595,-71.9387),
('03442','Bennington','New Hampshire','NH','Hillsborough',43.0103,-71.9153),
('03449','Hancock','New Hampshire','NH','Hillsborough',42.9768,-71.9819),
('03458','Peterborough','New Hampshire','NH','Hillsborough',42.8856,-71.947),
('03468','West Peterborough','New Hampshire','NH','Hillsborough',42.8908,-71.9334),
('03046','Dunbarton','New Hampshire','NH','Merrimack',43.1025,-71.6169),
('03106','Hooksett','New Hampshire','NH','Merrimack',43.0617,-71.4444),
('03216','Andover','New Hampshire','NH','Merrimack',43.4287,-71.783),
('03221','Bradford','New Hampshire','NH','Merrimack',43.2517,-71.9617),
('03224','Canterbury','New Hampshire','NH','Merrimack',43.357,-71.557),
('03229','Contoocook','New Hampshire','NH','Merrimack',43.1978,-71.6968),
('03230','Danbury','New Hampshire','NH','Merrimack',43.5115,-71.8691),
('03231','East Andover','New Hampshire','NH','Merrimack',43.4595,-71.7476),
('03233','Elkins','New Hampshire','NH','Merrimack',43.4209,-71.9373),
('03234','Epsom','New Hampshire','NH','Merrimack',43.2174,-71.3546),
('03235','Franklin','New Hampshire','NH','Merrimack',43.4426,-71.6491),
('03242','Henniker','New Hampshire','NH','Merrimack',43.1791,-71.8159),
('03243','Hill','New Hampshire','NH','Merrimack',43.5274,-71.7292),
('03255','Newbury','New Hampshire','NH','Merrimack',43.3217,-72.0118),
('03257','New London','New Hampshire','NH','Merrimack',43.4145,-71.9857),
('03260','North Sutton','New Hampshire','NH','Merrimack',43.3653,-71.9341),
('03263','Pittsfield','New Hampshire','NH','Merrimack',43.2874,-71.333),
('03268','Salisbury','New Hampshire','NH','Merrimack',43.4067,-71.7045),
('03272','South Newbury','New Hampshire','NH','Merrimack',43.2956,-71.9967),
('03273','South Sutton','New Hampshire','NH','Merrimack',43.3042,-71.9289),
('03275','Suncook','New Hampshire','NH','Merrimack',43.1604,-71.4179),
('03278','Warner','New Hampshire','NH','Merrimack',43.3035,-71.8353),
('03287','Wilmot','New Hampshire','NH','Merrimack',43.4485,-71.9158),
('03301','Concord','New Hampshire','NH','Merrimack',43.2185,-71.5277),
('03302','Concord','New Hampshire','NH','Merrimack',43.3103,-71.6629),
('03303','Concord','New Hampshire','NH','Merrimack',43.2817,-71.6595),
('03304','Bow','New Hampshire','NH','Merrimack',43.1388,-71.5448),
('03305','Concord','New Hampshire','NH','Merrimack',43.2134,-71.5172),
('03307','Loudon','New Hampshire','NH','Merrimack',43.3193,-71.467),
('03032','Auburn','New Hampshire','NH','Rockingham',42.9925,-71.3449),
('03034','Candia','New Hampshire','NH','Rockingham',43.0585,-71.3049),
('03036','Chester','New Hampshire','NH','Rockingham',42.9678,-71.245),
('03037','Deerfield','New Hampshire','NH','Rockingham',43.1378,-71.2513),
('03038','Derry','New Hampshire','NH','Rockingham',42.8874,-71.302),
('03040','East Candia','New Hampshire','NH','Rockingham',43.0481,-71.2487),
('03041','East Derry','New Hampshire','NH','Rockingham',42.8945,-71.2912),
('03042','Epping','New Hampshire','NH','Rockingham',43.0411,-71.0764),
('03044','Fremont','New Hampshire','NH','Rockingham',42.984,-71.1218),
('03053','Londonderry','New Hampshire','NH','Rockingham',42.8656,-71.3772),
('03073','North Salem','New Hampshire','NH','Rockingham',42.837,-71.2206),
('03077','Raymond','New Hampshire','NH','Rockingham',43.0325,-71.1912),
('03079','Salem','New Hampshire','NH','Rockingham',42.7846,-71.2176),
('03087','Windham','New Hampshire','NH','Rockingham',42.8051,-71.3067),
('03261','Northwood','New Hampshire','NH','Rockingham',43.207,-71.2004),
('03290','Nottingham','New Hampshire','NH','Rockingham',43.1196,-71.111),
('03291','West Nottingham','New Hampshire','NH','Rockingham',43.1823,-71.1396),
('03801','Portsmouth','New Hampshire','NH','Rockingham',43.0729,-70.8052);