INSERT INTO zip_coordinates (zip_code, city, state_name, state_code, county, latitude, longitude) VALUES
('70548','Kaplan','Louisiana','LA','Vermilion',29.9771,-92.3025),
('70555','Maurice','Louisiana','LA','Vermilion',30.0722,-92.107),
('70575','Perry','Louisiana','LA','Vermilion',29.9485,-92.1571),
('70639','Evans','Louisiana','LA','Vernon',30.9684,-93.5203),
('70656','Pitkin','Louisiana','LA','Vernon',30.933,-92.9548),
('70659','Rosepine','Louisiana','LA','Vernon',30.9243,-93.2749),
('71403','Anacoco','Louisiana','LA','Vernon',31.2149,-93.3829),
('71439','Hornbeck','Louisiana','LA','Vernon',31.3226,-93.3683),
('71443','Kurthwood','Louisiana','LA','Vernon',31.3374,-93.1657),
('71446','Leesville','Louisiana','LA','Vernon',31.1256,-93.1736),
('71459','Fort Polk','Louisiana','LA','Vernon',31.0466,-93.2054),
('71461','New Llano','Louisiana','LA','Vernon',31.1149,-93.2716),
('71474','Simpson','Louisiana','LA','Vernon',31.257,-93.017),
('71475','Slagle','Louisiana','LA','Vernon',31.2024,-93.1274),
('71496','Leesville','Louisiana','LA','Vernon',31.1435,-93.261),
('70426','Angie','Louisiana','LA','Washington',30.9224,-89.8567),
('70427','Bogalusa','Louisiana','LA','Washington',30.7733,-89.8653),
('70429','Bogalusa','Louisiana','LA','Washington',30.791,-89.8487),
('70438','Franklinton','Louisiana','LA','Washington',30.8577,-90.1155),
('70450','Mount Hermon','Louisiana','LA','Washington',30.9536,-90.2769),
('70467','Varnado','Louisiana','LA','Washington',30.8938,-89.8295),
('71018','Cotton Valley','Louisiana','LA','Webster',32.819,-93.4259),
('71021','Cullen','Louisiana','LA','Webster',32.9721,-93.4492),
('71023','Doyline','Louisiana','LA','Webster',32.49,-93.3996),
('71024','Dubberly','Louisiana','LA','Webster',32.5192,-93.2142),
('71039','Heflin','Louisiana','LA','Webster',32.447,-93.2852),
('71055','Minden','Louisiana','LA','Webster',32.6323,-93.2886),
('71058','Minden','Louisiana','LA','Webster',32.6154,-93.2868),
('71071','Sarepta','Louisiana','LA','Webster',32.9434,-93.4404),
('71072','Shongaloo','Louisiana','LA','Webster',32.9713,-93.2963),
('71073','Sibley','Louisiana','LA','Webster',32.5095,-93.3009),
('71075','Springhill','Louisiana','LA','Webster',33.0005,-93.4596),
('70710','Addis','Louisiana','LA','West Baton Rouge',30.3557,-91.2613),
('70719','Brusly','Louisiana','LA','West Baton Rouge',30.3877,-91.2526),
('70729','Erwinville','Louisiana','LA','West Baton Rouge',30.548,-91.4187),
('70767','Port Allen','Louisiana','LA','West Baton Rouge',30.472,-91.2541),
('71237','Epps','Louisiana','LA','West Carroll',32.6161,-91.4913),
('71242','Forest','Louisiana','LA','West Carroll',32.8239,-91.3989),
('71253','Kilbourne','Louisiana','LA','West Carroll',32.9946,-91.3162),
('71263','Oak Grove','Louisiana','LA','West Carroll',32.8731,-91.4302),
('71266','Pioneer','Louisiana','LA','West Carroll',32.7154,-91.4648),
('70712','Angola','Louisiana','LA','West Feliciana',30.9656,-91.5979),
('70775','Saint Francisville','Louisiana','LA','West Feliciana',30.8694,-91.4186),
('70782','Tunica','Louisiana','LA','West Feliciana',30.9601,-91.5396),
('70784','Wakefield','Louisiana','LA','West Feliciana',30.9175,-91.3581),
('70787','Weyanoke','Louisiana','LA','West Feliciana',30.9468,-91.4612),
('71404','Atlanta','Louisiana','LA','Winn',31.776,-92.7958),
('71410','Calvin','Louisiana','LA','Winn',31.9657,-92.7757),
('71422','Dodson','Louisiana','LA','Winn',32.0701,-92.6783),
('71440','Joyce','Louisiana','LA','Winn',31.9393,-92.5988),
('71471','Saint Maurice','Louisiana','LA','Winn',31.7596,-92.959),
('71473','Sikes','Louisiana','LA','Winn',32.0686,-92.4429),
('71483','Winnfield','Louisiana','LA','Winn',31.9214,-92.6366),
('02532','Buzzards Bay','Massachusetts','MA','Barnstable',41.7455,-70.5905),
('02534','Cataumet','Massachusetts','MA','Barnstable',41.6694,-70.6234),
('02536','East Falmouth','Massachusetts','MA','Barnstable',41.5968,-70.5671),
('02537','East Sandwich','Massachusetts','MA','Barnstable',41.7283,-70.44),
('02540','Falmouth','Massachusetts','MA','Barnstable',41.5648,-70.6217),
('02541','Falmouth','Massachusetts','MA','Barnstable',41.5515,-70.6148),
('02542','Buzzards Bay','Massachusetts','MA','Barnstable',41.6531,-70.5537),
('02543','Woods Hole','Massachusetts','MA','Barnstable',41.5263,-70.6643),
('02553','Monument Beach','Massachusetts','MA','Barnstable',41.7196,-70.612),
('02556','North Falmouth','Massachusetts','MA','Barnstable',41.6417,-70.623),
('02559','Pocasset','Massachusetts','MA','Barnstable',41.6881,-70.6105),
('02561','Sagamore','Massachusetts','MA','Barnstable',41.7703,-70.5337),
('02562','Sagamore Beach','Massachusetts','MA','Barnstable',41.7933,-70.5196),
('02563','Sandwich','Massachusetts','MA','Barnstable',41.7113,-70.4775),
('02574','West Falmouth','Massachusetts','MA','Barnstable',41.6039,-70.6382),
('02601','Hyannis','Massachusetts','MA','Barnstable',41.6601,-70.2967),
('02630','Barnstable','Massachusetts','MA','Barnstable',41.6983,-70.3001),
('02631','Brewster','Massachusetts','MA','Barnstable',41.7492,-70.0699),
('02632','Centerville','Massachusetts','MA','Barnstable',41.6606,-70.3532),
('02633','Chatham','Massachusetts','MA','Barnstable',41.6889,-69.9722),
('02634','Centerville','Massachusetts','MA','Barnstable',41.6487,-70.3481),
('02635','Cotuit','Massachusetts','MA','Barnstable',41.6243,-70.4364),
('02637','Cummaquid','Massachusetts','MA','Barnstable',41.7014,-70.2772),
('02638','Dennis','Massachusetts','MA','Barnstable',41.7322,-70.1911),
('02639','Dennis Port','Massachusetts','MA','Barnstable',41.6649,-70.1327),
('02641','East Dennis','Massachusetts','MA','Barnstable',41.7426,-70.162),
('02642','Eastham','Massachusetts','MA','Barnstable',41.8408,-69.9849),
('02643','East Orleans','Massachusetts','MA','Barnstable',41.7843,-69.962),
('02644','Forestdale','Massachusetts','MA','Barnstable',41.6827,-70.5143),
('02645','Harwich','Massachusetts','MA','Barnstable',41.7008,-70.0579),
('02646','Harwich Port','Massachusetts','MA','Barnstable',41.6703,-70.0722),
('02647','Hyannis Port','Massachusetts','MA','Barnstable',41.635,-70.3063),
('02648','Marstons Mills','Massachusetts','MA','Barnstable',41.6703,-70.4163),
('02649','Mashpee','Massachusetts','MA','Barnstable',41.6181,-70.4854),
('02650','North Chatham','Massachusetts','MA','Barnstable',41.703,-69.9666),
('02651','North Eastham','Massachusetts','MA','Barnstable',41.8243,-69.9818),
('02652','North Truro','Massachusetts','MA','Barnstable',42.0338,-70.0875),
('02653','Orleans','Massachusetts','MA','Barnstable',41.7792,-69.9822),
('02655','Osterville','Massachusetts','MA','Barnstable',41.63,-70.3837),
('02657','Provincetown','Massachusetts','MA','Barnstable',42.0534,-70.1865),
('02659','South Chatham','Massachusetts','MA','Barnstable',41.6801,-70.0241),
('02660','South Dennis','Massachusetts','MA','Barnstable',41.7097,-70.1585),
('02661','South Harwich','Massachusetts','MA','Barnstable',41.6862,-70.0329),
('02662','South Orleans','Massachusetts','MA','Barnstable',41.7567,-69.9841),
('02663','South Wellfleet','Massachusetts','MA','Barnstable',41.9182,-69.9953),
('02664','South Yarmouth','Massachusetts','MA','Barnstable',41.6739,-70.1949),
('02666','Truro','Massachusetts','MA','Barnstable',41.9988,-70.0564);