INSERT INTO us_locations (zip_code, locale_name, city, state, area_name, district_name) VALUES
('00601','ADJUNTAS','ADJUNTAS','PR','SOUTHERN','PUERTO RICO'),
('00602','AGUADA','AGUADA','PR','SOUTHERN','PUERTO RICO'),
('00603','AGUADILLA','AGUADILLA','PR','SOUTHERN','PUERTO RICO'),
('00604','RAMEY','AGUADILLA','PR','SOUTHERN','PUERTO RICO'),
('00605','AGUADILLA','AGUADILLA','PR','SOUTHERN','PUERTO RICO'),
('00605','VICTORIA','AGUADILLA','PR','SOUTHERN','PUERTO RICO'),
('00606','MARICAO','MARICAO','PR','SOUTHERN','PUERTO RICO'),
('00610','ANASCO','ANASCO','PR','SOUTHERN','PUERTO RICO'),
('00611','ANGELES','ANGELES','PR','SOUTHERN','PUERTO RICO'),
('00612','ARECIBO','ARECIBO','PR','SOUTHERN','PUERTO RICO'),
('00613','ARECIBO PUEBLO','ARECIBO','PR','SOUTHERN','PUERTO RICO'),
('00613','COTTO','ARECIBO','PR','SOUTHERN','PUERTO RICO'),
('00614','ARECIBO','ARECIBO','PR','SOUTHERN','PUERTO RICO'),
('00616','BAJADERO','BAJADERO','PR','SOUTHERN','PUERTO RICO'),
('00617','BARCELONETA','BARCELONETA','PR','SOUTHERN','PUERTO RICO'),
('00622','BOQUERON','BOQUERON','PR','SOUTHERN','PUERTO RICO'),
('00623','CABO ROJO','CABO ROJO','PR','SOUTHERN','PUERTO RICO'),
('00624','PENUELAS','PENUELAS','PR','SOUTHERN','PUERTO RICO'),
('00627','CAMUY','CAMUY','PR','SOUTHERN','PUERTO RICO'),
('00631','CPU CASTANER CONTRACT','CASTANER','PR','SOUTHERN','PUERTO RICO'),
('00637','SABANA GRANDE','SABANA GRANDE','PR','SOUTHERN','PUERTO RICO'),
('00638','CIALES','CIALES','PR','SOUTHERN','PUERTO RICO'),
('00641','UTUADO','UTUADO','PR','SOUTHERN','PUERTO RICO'),
('00646','DORADO','DORADO','PR','SOUTHERN','PUERTO RICO'),
('00647','ENSENADA','ENSENADA','PR','SOUTHERN','PUERTO RICO'),
('00650','FLORIDA','FLORIDA','PR','SOUTHERN','PUERTO RICO'),
('00652','GARROCHALES','GARROCHALES','PR','SOUTHERN','PUERTO RICO'),
('00653','GUANICA','GUANICA','PR','SOUTHERN','PUERTO RICO'),
('00656','GUAYANILLA','GUAYANILLA','PR','SOUTHERN','PUERTO RICO'),
('00659','HATILLO','HATILLO','PR','SOUTHERN','PUERTO RICO'),
('00660','HORMIGUEROS','HORMIGUEROS','PR','SOUTHERN','PUERTO RICO'),
('00662','ISABELA','ISABELA','PR','SOUTHERN','PUERTO RICO'),
('00664','JAYUYA','JAYUYA','PR','SOUTHERN','PUERTO RICO'),
('00667','LAJAS','LAJAS','PR','SOUTHERN','PUERTO RICO'),
('00669','LARES','LARES','PR','SOUTHERN','PUERTO RICO'),
('00670','LAS MARIAS','LAS MARIAS','PR','SOUTHERN','PUERTO RICO'),
('00674','MANATI','MANATI','PR','SOUTHERN','PUERTO RICO'),
('00676','CPU VOLADORAS CONTRACT','MOCA','PR','SOUTHERN','PUERTO RICO'),
('00676','MOCA','MOCA','PR','SOUTHERN','PUERTO RICO'),
('00677','RINCON','RINCON','PR','SOUTHERN','PUERTO RICO'),
('00678','QUEBRADILLAS','QUEBRADILLAS','PR','SOUTHERN','PUERTO RICO'),
('00680','MARINA','MAYAGUEZ','PR','SOUTHERN','PUERTO RICO'),
('00680','MAYAGUEZ','MAYAGUEZ','PR','SOUTHERN','PUERTO RICO'),
('00681','MARINA','MAYAGUEZ','PR','SOUTHERN','PUERTO RICO'),
('00681','MAYAGUEZ','MAYAGUEZ','PR','SOUTHERN','PUERTO RICO'),
('00682','MARINA','MAYAGUEZ','PR','SOUTHERN','PUERTO RICO'),
('00683','SAN GERMAN','SAN GERMAN','PR','SOUTHERN','PUERTO RICO'),
('00685','CPU HATO ARRIBA CONTRACT','SAN SEBASTIAN','PR','SOUTHERN','PUERTO RICO'),
('00685','CPU JUNCAL CONTRACT','SAN SEBASTIAN','PR','SOUTHERN','PUERTO RICO'),
('00685','SAN SEBASTIAN','SAN SEBASTIAN','PR','SOUTHERN','PUERTO RICO');

INSERT INTO us_locations (zip_code, locale_name, city, state, area_name, district_name) VALUES
('00687','MOROVIS','MOROVIS','PR','SOUTHERN','PUERTO RICO'),
('00688','SABANA HOYOS','SABANA HOYOS','PR','SOUTHERN','PUERTO RICO'),
('00690','SAN ANTONIO','SAN ANTONIO','PR','SOUTHERN','PUERTO RICO'),
('00692','BO MARICAO','VEGA ALTA','PR','SOUTHERN','PUERTO RICO'),
('00692','VEGA ALTA','VEGA ALTA','PR','SOUTHERN','PUERTO RICO'),
('00693','VEGA BAJA','VEGA BAJA','PR','SOUTHERN','PUERTO RICO'),
('00694','VEGA BAJA','VEGA BAJA','PR','SOUTHERN','PUERTO RICO'),
('00698','YAUCO','YAUCO','PR','SOUTHERN','PUERTO RICO'),
('00703','AGUAS BUENAS','AGUAS BUENAS','PR','SOUTHERN','PUERTO RICO'),
('00704','AGUIRRE','AGUIRRE','PR','SOUTHERN','PUERTO RICO'),
('00705','AIBONITO','AIBONITO','PR','SOUTHERN','PUERTO RICO'),
('00707','MAUNABO','MAUNABO','PR','SOUTHERN','PUERTO RICO'),
('00714','ARROYO','ARROYO','PR','SOUTHERN','PUERTO RICO'),
('00715','MERCEDITA','MERCEDITA','PR','SOUTHERN','PUERTO RICO'),
('00716','PONCE','PONCE','PR','SOUTHERN','PUERTO RICO'),
('00717','PONCE','PONCE','PR','SOUTHERN','PUERTO RICO'),
('00718','NAGUABO','NAGUABO','PR','SOUTHERN','PUERTO RICO'),
('00719','NARANJITO','NARANJITO','PR','SOUTHERN','PUERTO RICO'),
('00720','OROCOVIS','OROCOVIS','PR','SOUTHERN','PUERTO RICO'),
('00721','PALMER','PALMER','PR','SOUTHERN','PUERTO RICO'),
('00723','PATILLAS','PATILLAS','PR','SOUTHERN','PUERTO RICO'),
('00725','CAGUAS','CAGUAS','PR','SOUTHERN','PUERTO RICO'),
('00725','NORTH','CAGUAS','PR','SOUTHERN','PUERTO RICO'),
('00726','CAGUAS','CAGUAS','PR','SOUTHERN','PUERTO RICO'),
('00726','NORTH','CAGUAS','PR','SOUTHERN','PUERTO RICO'),
('00727','CAGUAS','CAGUAS','PR','SOUTHERN','PUERTO RICO'),
('00727','NORTH','CAGUAS','PR','SOUTHERN','PUERTO RICO'),
('00728','PONCE','PONCE','PR','SOUTHERN','PUERTO RICO'),
('00729','CANOVANAS','CANOVANAS','PR','SOUTHERN','PUERTO RICO'),
('00730','PONCE','PONCE','PR','SOUTHERN','PUERTO RICO'),
('00731','PONCE','PONCE','PR','SOUTHERN','PUERTO RICO'),
('00732','CPU UNIVERSIDAD CATOLICA','PONCE','PR','SOUTHERN','PUERTO RICO'),
('00732','PONCE','PONCE','PR','SOUTHERN','PUERTO RICO'),
('00733','ATOCHA','PONCE','PR','SOUTHERN','PUERTO RICO'),
('00735','CEIBA','CEIBA','PR','SOUTHERN','PUERTO RICO'),
('00736','CAYEY','CAYEY','PR','SOUTHERN','PUERTO RICO'),
('00737','CAYEY','CAYEY','PR','SOUTHERN','PUERTO RICO'),
('00738','FAJARDO','FAJARDO','PR','SOUTHERN','PUERTO RICO'),
('00739','CIDRA','CIDRA','PR','SOUTHERN','PUERTO RICO'),
('00740','FAJARDO','FAJARDO','PR','SOUTHERN','PUERTO RICO'),
('00740','PUERTO REAL','PUERTO REAL','PR','SOUTHERN','PUERTO RICO'),
('00741','HUMACAO','HUMACAO','PR','SOUTHERN','PUERTO RICO'),
('00741','PUNTA SANTIAGO','PUNTA SANTIAGO','PR','SOUTHERN','PUERTO RICO'),
('00744','RIO BLANCO','RIO BLANCO','PR','SOUTHERN','PUERTO RICO'),
('00745','RIO GRANDE','RIO GRANDE','PR','SOUTHERN','PUERTO RICO'),
('00751','ALBERGUE OLIMPICO','SALINAS','PR','SOUTHERN','PUERTO RICO'),
('00751','SALINAS','SALINAS','PR','SOUTHERN','PUERTO RICO'),
('00754','SAN LORENZO','SAN LORENZO','PR','SOUTHERN','PUERTO RICO'),
('00757','SANTA ISABEL','SANTA ISABEL','PR','SOUTHERN','PUERTO RICO'),
('00765','VIEQUES','VIEQUES','PR','SOUTHERN','PUERTO RICO');

INSERT INTO us_locations (zip_code, locale_name, city, state, area_name, district_name) VALUES
('00766','VILLALBA','VILLALBA','PR','SOUTHERN','PUERTO RICO'),
('00767','YABUCOA','YABUCOA','PR','SOUTHERN','PUERTO RICO'),
('00769','COAMO','COAMO','PR','SOUTHERN','PUERTO RICO'),
('00771','LAS PIEDRAS','LAS PIEDRAS','PR','SOUTHERN','PUERTO RICO'),
('00772','LOIZA','LOIZA','PR','SOUTHERN','PUERTO RICO'),
('00773','LUQUILLO','LUQUILLO','PR','SOUTHERN','PUERTO RICO'),
('00775','CULEBRA','CULEBRA','PR','SOUTHERN','PUERTO RICO'),
('00777','JUNCOS','JUNCOS','PR','SOUTHERN','PUERTO RICO'),
('00778','GURABO','GURABO','PR','SOUTHERN','PUERTO RICO'),
('00780','COTO LAUREL','COTO LAUREL','PR','SOUTHERN','PUERTO RICO'),
('00782','COMERIO','COMERIO','PR','SOUTHERN','PUERTO RICO'),
('00783','COROZAL','COROZAL','PR','SOUTHERN','PUERTO RICO'),
('00783','CPU PALMARITO CONTRACT','COROZAL','PR','SOUTHERN','PUERTO RICO'),
('00784','GUAYAMA','GUAYAMA','PR','SOUTHERN','PUERTO RICO'),
('00785','GUAYAMA','GUAYAMA','PR','SOUTHERN','PUERTO RICO'),
('00786','LA PLATA','LA PLATA','PR','SOUTHERN','PUERTO RICO'),
('00791','HUMACAO','HUMACAO','PR','SOUTHERN','PUERTO RICO'),
('00792','HUMACAO','HUMACAO','PR','SOUTHERN','PUERTO RICO'),
('00794','BARRANQUITAS','BARRANQUITAS','PR','SOUTHERN','PUERTO RICO'),
('00795','JUANA DIAZ','JUANA DIAZ','PR','SOUTHERN','PUERTO RICO'),
('00801','CHARLOTTE AMALIE','ST THOMAS','VI','SOUTHERN','PUERTO RICO'),
('00801','HAVENSIGHT','ST THOMAS','VI','SOUTHERN','PUERTO RICO'),
('00802','CHARLOTTE AMALIE','ST THOMAS','VI','SOUTHERN','PUERTO RICO'),
('00802','VETERANS ANNEX','ST THOMAS','VI','SOUTHERN','PUERTO RICO'),
('00803','VETERANS ANNEX','ST THOMAS','VI','SOUTHERN','PUERTO RICO'),
('00804','EMANCIPATION GARDENS','ST THOMAS','VI','SOUTHERN','PUERTO RICO'),
('00805','EAST END','ST THOMAS','VI','SOUTHERN','PUERTO RICO'),
('00820','CHRISTIANSTED','CHRISTIANSTED','VI','SOUTHERN','PUERTO RICO'),
('00821','CHRISTIANSTED','CHRISTIANSTED','VI','SOUTHERN','PUERTO RICO'),
('00822','DOWNTOWN','CHRISTIANSTED','VI','SOUTHERN','PUERTO RICO'),
('00823','SUNNY ISLE','CHRISTIANSTED','VI','SOUTHERN','PUERTO RICO'),
('00824','GALLOWS BAY','CHRISTIANSTED','VI','SOUTHERN','PUERTO RICO'),
('00830','CRUZ BAY','ST JOHN','VI','SOUTHERN','PUERTO RICO'),
('00831','CRUZ BAY','ST JOHN','VI','SOUTHERN','PUERTO RICO'),
('00840','FREDERIKSTED','FREDERIKSTED','VI','SOUTHERN','PUERTO RICO'),
('00841','FREDERIKSTED','FREDERIKSTED','VI','SOUTHERN','PUERTO RICO'),
('00850','KINGSHILL','KINGSHILL','VI','SOUTHERN','PUERTO RICO'),
('00851','KINGSHILL','KINGSHILL','VI','SOUTHERN','PUERTO RICO'),
('00901','OLD SAN JUAN','SAN JUAN','PR','SOUTHERN','PUERTO RICO'),
('00902','OLD SAN JUAN','SAN JUAN','PR','SOUTHERN','PUERTO RICO'),
('00907','LOIZA STREET','SAN JUAN','PR','SOUTHERN','PUERTO RICO'),
('00908','CPU CONDADO CONTRACT STA','SAN JUAN','PR','SOUTHERN','PUERTO RICO'),
('00908','SANTURCE','SAN JUAN','PR','SOUTHERN','PUERTO RICO'),
('00909','LOIZA STREET','SAN JUAN','PR','SOUTHERN','PUERTO RICO'),
('00910','FERNANDEZ JUNCOS','SAN JUAN','PR','SOUTHERN','PUERTO RICO'),
('00911','LOIZA STREET','SAN JUAN','PR','SOUTHERN','PUERTO RICO'),
('00912','LOIZA STREET','SAN JUAN','PR','SOUTHERN','PUERTO RICO'),
('00913','LOIZA STREET','SAN JUAN','PR','SOUTHERN','PUERTO RICO'),
('00914','LOIZA STREET','SAN JUAN','PR','SOUTHERN','PUERTO RICO'),
('00915','LOIZA STREET','SAN JUAN','PR','SOUTHERN','PUERTO RICO');

INSERT INTO us_locations (zip_code, locale_name, city, state, area_name, district_name) VALUES
('00916','BARRIO OBRERO','SAN JUAN','PR','SOUTHERN','PUERTO RICO'),
('00917','HATO REY','SAN JUAN','PR','SOUTHERN','PUERTO RICO'),
('00918','HATO REY','SAN JUAN','PR','SOUTHERN','PUERTO RICO'),
('00919','HATO REY','SAN JUAN','PR','SOUTHERN','PUERTO RICO'),
('00920','CAPARRA CARRIER SECTION','SAN JUAN','PR','SOUTHERN','PUERTO RICO'),
('00921','CAPARRA CARRIER SECTION','SAN JUAN','PR','SOUTHERN','PUERTO RICO'),
('00922','CAPARRA HEIGHTS','GUAYNABO','PR','SOUTHERN','PUERTO RICO'),
('00923','65TH INFANTRY','SAN JUAN','PR','SOUTHERN','PUERTO RICO'),
('00924','65TH INFANTRY','SAN JUAN','PR','SOUTHERN','PUERTO RICO'),
('00925','65TH INFANTRY','SAN JUAN','PR','SOUTHERN','PUERTO RICO'),
('00926','CUPEY','SAN JUAN','PR','SOUTHERN','PUERTO RICO'),
('00927','CUPEY','SAN JUAN','PR','SOUTHERN','PUERTO RICO'),
('00928','CPU SAN FRANCISCO','SAN JUAN','PR','SOUTHERN','PUERTO RICO'),
('00928','RIO PIEDRAS','SAN JUAN','PR','SOUTHERN','PUERTO RICO'),
('00929','65TH INFANTRY','SAN JUAN','PR','SOUTHERN','PUERTO RICO'),
('00931','RIO PIEDRAS','SAN JUAN','PR','SOUTHERN','PUERTO RICO'),
('00933','VETERANS PLZ','SAN JUAN','PR','SOUTHERN','PUERTO RICO'),
('00934','CAPARRA CARRIER SECTION','SAN JUAN','PR','SOUTHERN','PUERTO RICO'),
('00934','CAPARRA HEIGHTS','GUAYNABO','PR','SOUTHERN','PUERTO RICO'),
('00936','SAN JUAN','SAN JUAN','PR','SOUTHERN','PUERTO RICO'),
('00937','SAN JUAN AIRPORT RETAIL','CAROLINA','PR','SOUTHERN','PUERTO RICO'),
('00940','MINILLAS CENTER','SAN JUAN','PR','SOUTHERN','PUERTO RICO'),
('00949','TOA BAJA','TOA BAJA','PR','SOUTHERN','PUERTO RICO'),
('00950','TOA BAJA','TOA BAJA','PR','SOUTHERN','PUERTO RICO'),
('00951','TOA BAJA PUEBLO','TOA BAJA','PR','SOUTHERN','PUERTO RICO'),
('00952','SABANA SECA','SABANA SECA','PR','SOUTHERN','PUERTO RICO'),
('00953','TOA ALTA','TOA ALTA','PR','SOUTHERN','PUERTO RICO'),
('00954','TOA ALTA','TOA ALTA','PR','SOUTHERN','PUERTO RICO'),
('00955','SAN JUAN','SAN JUAN','PR','SOUTHERN','PUERTO RICO'),
('00956','BAYAMON','BAYAMON','PR','SOUTHERN','PUERTO RICO'),
('00957','BAYAMON GDNS','BAYAMON','PR','SOUTHERN','PUERTO RICO'),
('00958','BAYAMON GDNS','BAYAMON','PR','SOUTHERN','PUERTO RICO'),
('00959','BAYAMON','BAYAMON','PR','SOUTHERN','PUERTO RICO'),
('00960','BAYAMON','BAYAMON','PR','SOUTHERN','PUERTO RICO'),
('00960','CPU BAYAMON','BAYAMON','PR','SOUTHERN','PUERTO RICO'),
('00961','BAYAMON','BAYAMON','PR','SOUTHERN','PUERTO RICO'),
('00962','CATANO','CATANO','PR','SOUTHERN','PUERTO RICO'),
('00963','CATANO','CATANO','PR','SOUTHERN','PUERTO RICO'),
('00965','CATANO','CATANO','PR','SOUTHERN','PUERTO RICO'),
('00966','GUAYNABO','GUAYNABO','PR','SOUTHERN','PUERTO RICO'),
('00968','GUAYNABO','GUAYNABO','PR','SOUTHERN','PUERTO RICO'),
('00969','GUAYNABO','GUAYNABO','PR','SOUTHERN','PUERTO RICO'),
('00970','GUAYNABO','GUAYNABO','PR','SOUTHERN','PUERTO RICO'),
('00971','GUAYNABO','GUAYNABO','PR','SOUTHERN','PUERTO RICO'),
('00976','TRUJILLO ALTO','TRUJILLO ALTO','PR','SOUTHERN','PUERTO RICO'),
('00977','TRUJILLO ALTO','TRUJILLO ALTO','PR','SOUTHERN','PUERTO RICO'),
('00978','CUPEY','SAN JUAN','PR','SOUTHERN','PUERTO RICO'),
('00979','CAROLINA','CAROLINA','PR','SOUTHERN','PUERTO RICO'),
('00981','SAN JUAN AIRPORT RETAIL','CAROLINA','PR','SOUTHERN','PUERTO RICO'),
('00982','CAROLINA','CAROLINA','PR','SOUTHERN','PUERTO RICO');

INSERT INTO us_locations (zip_code, locale_name, city, state, area_name, district_name) VALUES
('00983','CAROLINA','CAROLINA','PR','SOUTHERN','PUERTO RICO'),
('00984','CAROLINA','CAROLINA','PR','SOUTHERN','PUERTO RICO'),
('00984','CPU ISLA VERDE CONTRACT','CAROLINA','PR','SOUTHERN','PUERTO RICO'),
('00985','CAROLINA','CAROLINA','PR','SOUTHERN','PUERTO RICO'),
('00986','CAROLINA PUEBLO','CAROLINA','PR','SOUTHERN','PUERTO RICO'),
('00987','CAROLINA','CAROLINA','PR','SOUTHERN','PUERTO RICO'),
('00988','PLAZA CAROLINA','CAROLINA','PR','SOUTHERN','PUERTO RICO'),
('01001','AGAWAM','AGAWAM','MA','ATLANTIC','MA-RI'),
('01002','AMHERST','AMHERST','MA','ATLANTIC','MA-RI'),
('01004','AMHERST','AMHERST','MA','ATLANTIC','MA-RI'),
('01004','NORTH PLEASANT ST','AMHERST','MA','ATLANTIC','MA-RI'),
('01005','BARRE','BARRE','MA','ATLANTIC','MA-RI'),
('01007','BELCHERTOWN','BELCHERTOWN','MA','ATLANTIC','MA-RI'),
('01008','BLANDFORD','BLANDFORD','MA','ATLANTIC','MA-RI'),
('01009','BONDSVILLE','BONDSVILLE','MA','ATLANTIC','MA-RI'),
('01010','BRIMFIELD','BRIMFIELD','MA','ATLANTIC','MA-RI'),
('01011','CHESTER','CHESTER','MA','ATLANTIC','MA-RI'),
('01011','HUNTINGTON','HUNTINGTON','MA','ATLANTIC','MA-RI'),
('01012','CHESTERFIELD','CHESTERFIELD','MA','ATLANTIC','MA-RI'),
('01013','CHICOPEE','CHICOPEE','MA','ATLANTIC','MA-RI'),
('01014','CHICOPEE CENTER','CHICOPEE','MA','ATLANTIC','MA-RI'),
('01020','CHICOPEE','CHICOPEE','MA','ATLANTIC','MA-RI'),
('01021','CHICOPEE','CHICOPEE','MA','ATLANTIC','MA-RI'),
('01022','CHICOPEE','CHICOPEE','MA','ATLANTIC','MA-RI'),
('01026','CUMMINGTON','CUMMINGTON','MA','ATLANTIC','MA-RI'),
('01027','EASTHAMPTON','EASTHAMPTON','MA','ATLANTIC','MA-RI'),
('01028','EAST LONGMEADOW','EAST LONGMEADOW','MA','ATLANTIC','MA-RI'),
('01029','EAST OTIS','EAST OTIS','MA','ATLANTIC','MA-RI'),
('01030','AGAWAM','AGAWAM','MA','ATLANTIC','MA-RI'),
('01030','FEEDING HILLS','FEEDING HILLS','MA','ATLANTIC','MA-RI'),
('01031','GILBERTVILLE','GILBERTVILLE','MA','ATLANTIC','MA-RI'),
('01032','GOSHEN','GOSHEN','MA','ATLANTIC','MA-RI'),
('01033','GRANBY','GRANBY','MA','ATLANTIC','MA-RI'),
('01033','SPRINGFIELD MA S&DC','SPRINGFIELD','MA','ATLANTIC','MA-RI'),
('01034','GRANVILLE','GRANVILLE','MA','ATLANTIC','MA-RI'),
('01035','AMHERST','AMHERST','MA','ATLANTIC','MA-RI'),
('01035','HADLEY','HADLEY','MA','ATLANTIC','MA-RI'),
('01036','HAMPDEN','HAMPDEN','MA','ATLANTIC','MA-RI'),
('01037','HARDWICK','HARDWICK','MA','ATLANTIC','MA-RI'),
('01038','HATFIELD','HATFIELD','MA','ATLANTIC','MA-RI'),
('01039','HAYDENVILLE','HAYDENVILLE','MA','ATLANTIC','MA-RI'),
('01039','WILLIAMSBURG','WILLIAMSBURG','MA','ATLANTIC','MA-RI'),
('01040','HOLYOKE','HOLYOKE','MA','ATLANTIC','MA-RI'),
('01041','HOLYOKE','HOLYOKE','MA','ATLANTIC','MA-RI'),
('01041','INGLESIDE MALL','HOLYOKE','MA','ATLANTIC','MA-RI'),
('01050','HUNTINGTON','HUNTINGTON','MA','ATLANTIC','MA-RI'),
('01053','LEEDS','LEEDS','MA','ATLANTIC','MA-RI'),
('01054','LEVERETT','LEVERETT','MA','ATLANTIC','MA-RI'),
('01056','LUDLOW','LUDLOW','MA','ATLANTIC','MA-RI'),
('01056','WILBRAHAM','WILBRAHAM','MA','ATLANTIC','MA-RI');

INSERT INTO us_locations (zip_code, locale_name, city, state, area_name, district_name) VALUES
('01057','MONSON','MONSON','MA','ATLANTIC','MA-RI'),
('01059','NORTH AMHERST','NORTH AMHERST','MA','ATLANTIC','MA-RI'),
('01060','NORTHAMPTON','NORTHAMPTON','MA','ATLANTIC','MA-RI'),
('01061','NORTHAMPTON','NORTHAMPTON','MA','ATLANTIC','MA-RI'),
('01062','EASTHAMPTON','EASTHAMPTON','MA','ATLANTIC','MA-RI'),
('01062','FLORENCE','FLORENCE','MA','ATLANTIC','MA-RI'),
('01066','NORTH HATFIELD','NORTH HATFIELD','MA','ATLANTIC','MA-RI'),
('01068','OAKHAM','OAKHAM','MA','ATLANTIC','MA-RI'),
('01069','PALMER','PALMER','MA','ATLANTIC','MA-RI'),
('01070','CUMMINGTON','CUMMINGTON','MA','ATLANTIC','MA-RI'),
('01070','PLAINFIELD','PLAINFIELD','MA','ATLANTIC','MA-RI'),
('01071','RUSSELL','RUSSELL','MA','ATLANTIC','MA-RI'),
('01072','AMHERST','AMHERST','MA','ATLANTIC','MA-RI'),
('01072','SHUTESBURY','SHUTESBURY','MA','ATLANTIC','MA-RI'),
('01073','SOUTHAMPTON','SOUTHAMPTON','MA','ATLANTIC','MA-RI'),
('01074','SOUTH BARRE','SOUTH BARRE','MA','ATLANTIC','MA-RI'),
('01075','SOUTH HADLEY','SOUTH HADLEY','MA','ATLANTIC','MA-RI'),
('01077','SOUTHWICK','SOUTHWICK','MA','ATLANTIC','MA-RI'),
('01079','THORNDIKE','THORNDIKE','MA','ATLANTIC','MA-RI'),
('01080','PALMER','PALMER','MA','ATLANTIC','MA-RI'),
('01080','THREE RIVERS','THREE RIVERS','MA','ATLANTIC','MA-RI'),
('01081','WALES','WALES','MA','ATLANTIC','MA-RI'),
('01082','WARE','WARE','MA','ATLANTIC','MA-RI'),
('01083','WARREN','WARREN','MA','ATLANTIC','MA-RI'),
('01083','WARREN DETACHED BOX','WARREN','MA','ATLANTIC','MA-RI'),
('01084','CHESTERFIELD','CHESTERFIELD','MA','ATLANTIC','MA-RI'),
('01085','WESTFIELD','WESTFIELD','MA','ATLANTIC','MA-RI'),
('01086','WESTFIELD','WESTFIELD','MA','ATLANTIC','MA-RI'),
('01089','AGAWAM','AGAWAM','MA','ATLANTIC','MA-RI'),
('01090','WEST SPRINGFIELD','WEST SPRINGFIELD','MA','ATLANTIC','MA-RI'),
('01092','WEST WARREN','WEST WARREN','MA','ATLANTIC','MA-RI'),
('01093','WHATELY','WHATELY','MA','ATLANTIC','MA-RI'),
('01094','WHEELWRIGHT','WHEELWRIGHT','MA','ATLANTIC','MA-RI'),
('01095','WILBRAHAM','WILBRAHAM','MA','ATLANTIC','MA-RI'),
('01096','WILLIAMSBURG','WILLIAMSBURG','MA','ATLANTIC','MA-RI'),
('01097','WORONOCO NPU','RUSSELL','MA','ATLANTIC','MA-RI'),
('01098','WORTHINGTON','WORTHINGTON','MA','ATLANTIC','MA-RI'),
('01101','SPRINGFIELD MA S&DC','SPRINGFIELD','MA','ATLANTIC','MA-RI'),
('01102','SPRINGFIELD MA S&DC','SPRINGFIELD','MA','ATLANTIC','MA-RI'),
('01103','COLONIAL STATION','SPRINGFIELD','MA','ATLANTIC','MA-RI'),
('01103','SPRINGFIELD MA S&DC','SPRINGFIELD','MA','ATLANTIC','MA-RI'),
('01104','SPRINGFIELD MA S&DC','SPRINGFIELD','MA','ATLANTIC','MA-RI'),
('01105','SPRINGFIELD MA S&DC','SPRINGFIELD','MA','ATLANTIC','MA-RI'),
('01106','EAST LONGMEADOW','EAST LONGMEADOW','MA','ATLANTIC','MA-RI'),
('01107','BRIGHTWOOD','SPRINGFIELD','MA','ATLANTIC','MA-RI'),
('01107','SPRINGFIELD MA S&DC','SPRINGFIELD','MA','ATLANTIC','MA-RI'),
('01108','FOREST PARK','SPRINGFIELD','MA','ATLANTIC','MA-RI'),
('01109','SPRINGFIELD MA S&DC','SPRINGFIELD','MA','ATLANTIC','MA-RI'),
('01115','TOWER SQUARE','SPRINGFIELD','MA','ATLANTIC','MA-RI'),
('01116','LONGMEADOW','LONGMEADOW','MA','ATLANTIC','MA-RI');

INSERT INTO us_locations (zip_code, locale_name, city, state, area_name, district_name) VALUES
('01118','EAST LONGMEADOW','EAST LONGMEADOW','MA','ATLANTIC','MA-RI'),
('01119','SPRINGFIELD MA S&DC','SPRINGFIELD','MA','ATLANTIC','MA-RI'),
('01128','EAST LONGMEADOW','EAST LONGMEADOW','MA','ATLANTIC','MA-RI'),
('01129','SPRINGFIELD MA S&DC','SPRINGFIELD','MA','ATLANTIC','MA-RI'),
('01138','FOREST PARK','SPRINGFIELD','MA','ATLANTIC','MA-RI'),
('01139','MASON SQUARE','SPRINGFIELD','MA','ATLANTIC','MA-RI'),
('01151','INDIAN ORCHARD','INDIAN ORCHARD','MA','ATLANTIC','MA-RI'),
('01151','WILBRAHAM','WILBRAHAM','MA','ATLANTIC','MA-RI'),
('01201','PITTSFIELD','PITTSFIELD','MA','ATLANTIC','MA-RI'),
('01202','PITTSFIELD','PITTSFIELD','MA','ATLANTIC','MA-RI'),
('01220','ADAMS','ADAMS','MA','ATLANTIC','MA-RI'),
('01222','ASHLEY FALLS','ASHLEY FALLS','MA','ATLANTIC','MA-RI'),
('01223','BECKET','BECKET','MA','ATLANTIC','MA-RI'),
('01224','LANESBOROUGH','LANESBOROUGH','MA','ATLANTIC','MA-RI'),
('01225','CHESHIRE','CHESHIRE','MA','ATLANTIC','MA-RI'),
('01226','PITTSFIELD','PITTSFIELD','MA','ATLANTIC','MA-RI'),
('01227','DALTON','DALTON','MA','ATLANTIC','MA-RI'),
('01229','STOCKBRIDGE','STOCKBRIDGE','MA','ATLANTIC','MA-RI'),
('01230','GREAT BARRINGTON','GREAT BARRINGTON','MA','ATLANTIC','MA-RI'),
('01235','HINSDALE','HINSDALE','MA','ATLANTIC','MA-RI'),
('01236','HOUSATONIC','HOUSATONIC','MA','ATLANTIC','MA-RI'),
('01237','HANCOCK','HANCOCK','MA','ATLANTIC','MA-RI'),
('01237','LANESBOROUGH','LANESBOROUGH','MA','ATLANTIC','MA-RI'),
('01238','LEE','LEE','MA','ATLANTIC','MA-RI'),
('01240','LENOX','LENOX','MA','ATLANTIC','MA-RI'),
('01240','PITTSFIELD','PITTSFIELD','MA','ATLANTIC','MA-RI'),
('01242','LENOX DALE','LENOX DALE','MA','ATLANTIC','MA-RI'),
('01243','MIDDLEFIELD','MIDDLEFIELD','MA','ATLANTIC','MA-RI'),
('01244','SOUTHFIELD','SOUTHFIELD','MA','ATLANTIC','MA-RI'),
('01245','MONTEREY','MONTEREY','MA','ATLANTIC','MA-RI'),
('01247','NORTH ADAMS','NORTH ADAMS','MA','ATLANTIC','MA-RI'),
('01253','OTIS','OTIS','MA','ATLANTIC','MA-RI'),
('01254','RICHMOND','RICHMOND','MA','ATLANTIC','MA-RI'),
('01255','OTIS','OTIS','MA','ATLANTIC','MA-RI'),
('01255','SANDISFIELD','SANDISFIELD','MA','ATLANTIC','MA-RI'),
('01257','SHEFFIELD','SHEFFIELD','MA','ATLANTIC','MA-RI'),
('01258','SOUTH EGREMONT','SOUTH EGREMONT','MA','ATLANTIC','MA-RI'),
('01259','SOUTHFIELD','SOUTHFIELD','MA','ATLANTIC','MA-RI'),
('01260','SOUTH LEE','SOUTH LEE','MA','ATLANTIC','MA-RI'),
('01262','STOCKBRIDGE','STOCKBRIDGE','MA','ATLANTIC','MA-RI'),
('01264','LEE','LEE','MA','ATLANTIC','MA-RI'),
('01266','WEST STOCKBRIDGE','WEST STOCKBRIDGE','MA','ATLANTIC','MA-RI'),
('01267','WILLIAMSTOWN','WILLIAMSTOWN','MA','ATLANTIC','MA-RI'),
('01270','DALTON','DALTON','MA','ATLANTIC','MA-RI'),
('01270','HINSDALE','HINSDALE','MA','ATLANTIC','MA-RI'),
('01301','GREENFIELD ANNEX','GREENFIELD','MA','ATLANTIC','MA-RI'),
('01302','GREENFIELD','GREENFIELD','MA','ATLANTIC','MA-RI'),
('01330','ASHFIELD','ASHFIELD','MA','ATLANTIC','MA-RI'),
('01331','ATHOL','ATHOL','MA','ATLANTIC','MA-RI'),
('01337','BERNARDSTON','BERNARDSTON','MA','ATLANTIC','MA-RI');

INSERT INTO us_locations (zip_code, locale_name, city, state, area_name, district_name) VALUES
('01338','BUCKLAND','BUCKLAND','MA','ATLANTIC','MA-RI'),
('01339','CHARLEMONT','CHARLEMONT','MA','ATLANTIC','MA-RI'),
('01340','COLRAIN','COLRAIN','MA','ATLANTIC','MA-RI'),
('01341','CONWAY','CONWAY','MA','ATLANTIC','MA-RI'),
('01342','DEERFIELD','DEERFIELD','MA','ATLANTIC','MA-RI'),
('01342','SOUTH DEERFIELD','SOUTH DEERFIELD','MA','ATLANTIC','MA-RI'),
('01344','ERVING','ERVING','MA','ATLANTIC','MA-RI'),
('01344','TURNERS FALLS','TURNERS FALLS','MA','ATLANTIC','MA-RI'),
('01346','HEATH','HEATH','MA','ATLANTIC','MA-RI'),
('01347','LAKE PLEASANT','LAKE PLEASANT','MA','ATLANTIC','MA-RI'),
('01349','ERVING','ERVING','MA','ATLANTIC','MA-RI'),
('01349','TURNERS FALLS','TURNERS FALLS','MA','ATLANTIC','MA-RI'),
('01351','MONTAGUE','MONTAGUE','MA','ATLANTIC','MA-RI'),
('01351','TURNERS FALLS','TURNERS FALLS','MA','ATLANTIC','MA-RI'),
('01354','TURNERS FALLS','TURNERS FALLS','MA','ATLANTIC','MA-RI'),
('01355','NEW SALEM','NEW SALEM','MA','ATLANTIC','MA-RI'),
('01360','NORTHFIELD','NORTHFIELD','MA','ATLANTIC','MA-RI'),
('01364','ORANGE','ORANGE','MA','ATLANTIC','MA-RI'),
('01366','ATHOL','ATHOL','MA','ATLANTIC','MA-RI'),
('01366','PETERSHAM','PETERSHAM','MA','ATLANTIC','MA-RI'),
('01367','CHARLEMONT','CHARLEMONT','MA','ATLANTIC','MA-RI'),
('01367','ROWE','ROWE','MA','ATLANTIC','MA-RI'),
('01368','ATHOL','ATHOL','MA','ATLANTIC','MA-RI'),
('01370','SHELBURNE FALLS','SHELBURNE FALLS','MA','ATLANTIC','MA-RI'),
('01373','SOUTH DEERFIELD','SOUTH DEERFIELD','MA','ATLANTIC','MA-RI'),
('01375','SOUTH DEERFIELD','SOUTH DEERFIELD','MA','ATLANTIC','MA-RI'),
('01375','SUNDERLAND','SUNDERLAND','MA','ATLANTIC','MA-RI'),
('01376','TURNERS FALLS','TURNERS FALLS','MA','ATLANTIC','MA-RI'),
('01379','WENDELL','WENDELL','MA','ATLANTIC','MA-RI'),
('01420','FITCHBURG','FITCHBURG','MA','ATLANTIC','MA-RI'),
('01420','PRICHARD PLAZA','FITCHBURG','MA','ATLANTIC','MA-RI'),
('01430','ASHBURNHAM','ASHBURNHAM','MA','ATLANTIC','MA-RI'),
('01431','ASHBY','ASHBY','MA','ATLANTIC','MA-RI'),
('01432','AYER','AYER','MA','ATLANTIC','MA-RI'),
('01434','AYER','AYER','MA','ATLANTIC','MA-RI'),
('01434','DEVENS','DEVENS','MA','ATLANTIC','MA-RI'),
('01436','BALDWINVILLE','BALDWINVILLE','MA','ATLANTIC','MA-RI'),
('01438','EAST TEMPLETON','EAST TEMPLETON','MA','ATLANTIC','MA-RI'),
('01440','GARDNER','GARDNER','MA','ATLANTIC','MA-RI'),
('01450','GROTON','GROTON','MA','ATLANTIC','MA-RI'),
('01451','HARVARD','HARVARD','MA','ATLANTIC','MA-RI'),
('01452','HUBBARDSTON','HUBBARDSTON','MA','ATLANTIC','MA-RI'),
('01453','LEOMINSTER','LEOMINSTER','MA','ATLANTIC','MA-RI'),
('01460','LITTLETON','LITTLETON','MA','ATLANTIC','MA-RI'),
('01462','LUNENBURG','LUNENBURG','MA','ATLANTIC','MA-RI'),
('01463','PEPPERELL','PEPPERELL','MA','ATLANTIC','MA-RI'),
('01464','SHIRLEY','SHIRLEY','MA','ATLANTIC','MA-RI'),
('01467','HARVARD','HARVARD','MA','ATLANTIC','MA-RI'),
('01468','TEMPLETON','TEMPLETON','MA','ATLANTIC','MA-RI'),
('01469','TOWNSEND','TOWNSEND','MA','ATLANTIC','MA-RI');

INSERT INTO us_locations (zip_code, locale_name, city, state, area_name, district_name) VALUES
('01472','WEST GROTON','WEST GROTON','MA','ATLANTIC','MA-RI'),
('01473','WESTMINSTER','WESTMINSTER','MA','ATLANTIC','MA-RI'),
('01474','TOWNSEND','TOWNSEND','MA','ATLANTIC','MA-RI'),
('01475','WINCHENDON','WINCHENDON','MA','ATLANTIC','MA-RI'),
('01501','AUBURN','AUBURN','MA','ATLANTIC','MA-RI'),
('01503','BERLIN','BERLIN','MA','ATLANTIC','MA-RI'),
('01504','BLACKSTONE','BLACKSTONE','MA','ATLANTIC','MA-RI'),
('01505','BOYLSTON','BOYLSTON','MA','ATLANTIC','MA-RI'),
('01506','BROOKFIELD','BROOKFIELD','MA','ATLANTIC','MA-RI'),
('01507','CHARLTON','CHARLTON','MA','ATLANTIC','MA-RI'),
('01508','CHARLTON CITY','CHARLTON CITY','MA','ATLANTIC','MA-RI'),
('01509','CHARLTON','CHARLTON','MA','ATLANTIC','MA-RI'),
('01510','CLINTON','CLINTON','MA','ATLANTIC','MA-RI'),
('01515','EAST BROOKFIELD','EAST BROOKFIELD','MA','ATLANTIC','MA-RI'),
('01516','DOUGLAS','DOUGLAS','MA','ATLANTIC','MA-RI'),
('01518','FISKDALE','FISKDALE','MA','ATLANTIC','MA-RI'),
('01519','GRAFTON','GRAFTON','MA','ATLANTIC','MA-RI'),
('01520','HOLDEN','HOLDEN','MA','ATLANTIC','MA-RI'),
('01521','FISKDALE','FISKDALE','MA','ATLANTIC','MA-RI'),
('01522','JEFFERSON','JEFFERSON','MA','ATLANTIC','MA-RI'),
('01523','LANCASTER','LANCASTER','MA','ATLANTIC','MA-RI'),
('01524','LEICESTER','LEICESTER','MA','ATLANTIC','MA-RI'),
('01525','LINWOOD','LINWOOD','MA','ATLANTIC','MA-RI'),
('01526','MANCHAUG','MANCHAUG','MA','ATLANTIC','MA-RI'),
('01527','MILLBURY','MILLBURY','MA','ATLANTIC','MA-RI'),
('01529','MILLVILLE','MILLVILLE','MA','ATLANTIC','MA-RI'),
('01531','NEW BRAINTREE','NEW BRAINTREE','MA','ATLANTIC','MA-RI'),
('01531','WEST BROOKFIELD','WEST BROOKFIELD','MA','ATLANTIC','MA-RI'),
('01532','NORTHBOROUGH','NORTHBOROUGH','MA','ATLANTIC','MA-RI'),
('01534','NORTHBRIDGE','NORTHBRIDGE','MA','ATLANTIC','MA-RI'),
('01535','NORTH BROOKFIELD','NORTH BROOKFIELD','MA','ATLANTIC','MA-RI'),
('01536','NORTH GRAFTON','NORTH GRAFTON','MA','ATLANTIC','MA-RI'),
('01537','NORTH OXFORD','NORTH OXFORD','MA','ATLANTIC','MA-RI'),
('01537','OXFORD','OXFORD','MA','ATLANTIC','MA-RI'),
('01538','NORTH UXBRIDGE','NORTH UXBRIDGE','MA','ATLANTIC','MA-RI'),
('01540','OXFORD','OXFORD','MA','ATLANTIC','MA-RI'),
('01541','PRINCETON','PRINCETON','MA','ATLANTIC','MA-RI'),
('01542','ROCHDALE','ROCHDALE','MA','ATLANTIC','MA-RI'),
('01543','RUTLAND','RUTLAND','MA','ATLANTIC','MA-RI'),
('01545','SHREWSBURY','SHREWSBURY','MA','ATLANTIC','MA-RI'),
('01545','SHREWSBURY ANNEX','SHREWSBURY','MA','ATLANTIC','MA-RI'),
('01545','TURNPIKE','SHREWSBURY','MA','ATLANTIC','MA-RI'),
('01550','SOUTHBRIDGE','SOUTHBRIDGE','MA','ATLANTIC','MA-RI'),
('01560','SOUTH GRAFTON','SOUTH GRAFTON','MA','ATLANTIC','MA-RI'),
('01561','SOUTH LANCASTER','SOUTH LANCASTER','MA','ATLANTIC','MA-RI'),
('01562','SPENCER','SPENCER','MA','ATLANTIC','MA-RI'),
('01564','STERLING','STERLING','MA','ATLANTIC','MA-RI'),
('01566','STURBRIDGE','STURBRIDGE','MA','ATLANTIC','MA-RI'),
('01568','UPTON','UPTON','MA','ATLANTIC','MA-RI'),
('01569','UXBRIDGE','UXBRIDGE','MA','ATLANTIC','MA-RI');

INSERT INTO us_locations (zip_code, locale_name, city, state, area_name, district_name) VALUES
('01570','WEBSTER','WEBSTER','MA','ATLANTIC','MA-RI'),
('01571','DUDLEY','DUDLEY','MA','ATLANTIC','MA-RI'),
('01571','WEBSTER','WEBSTER','MA','ATLANTIC','MA-RI'),
('01581','WESTBOROUGH','WESTBOROUGH','MA','ATLANTIC','MA-RI'),
('01583','WEST BOYLSTON','WEST BOYLSTON','MA','ATLANTIC','MA-RI'),
('01585','WEST BROOKFIELD','WEST BROOKFIELD','MA','ATLANTIC','MA-RI'),
('01586','MILLBURY','MILLBURY','MA','ATLANTIC','MA-RI'),
('01588','WHITINSVILLE','WHITINSVILLE','MA','ATLANTIC','MA-RI'),
('01590','SUTTON','SUTTON','MA','ATLANTIC','MA-RI'),
('01602','WEST SIDE','WORCESTER','MA','ATLANTIC','MA-RI'),
('01602','WORCESTER','WORCESTER','MA','ATLANTIC','MA-RI'),
('01603','WEBSTER SQUARE','WORCESTER','MA','ATLANTIC','MA-RI'),
('01603','WORCESTER','WORCESTER','MA','ATLANTIC','MA-RI'),
('01604','WORCESTER','WORCESTER','MA','ATLANTIC','MA-RI'),
('01605','LINCOLN MALL','WORCESTER','MA','ATLANTIC','MA-RI'),
('01605','WORCESTER','WORCESTER','MA','ATLANTIC','MA-RI'),
('01606','GREENDALE','WORCESTER','MA','ATLANTIC','MA-RI'),
('01606','WORCESTER','WORCESTER','MA','ATLANTIC','MA-RI'),
('01607','QUINSIGAMOND VILLAGE','WORCESTER','MA','ATLANTIC','MA-RI'),
('01607','WORCESTER','WORCESTER','MA','ATLANTIC','MA-RI'),
('01608','WORCESTER','WORCESTER','MA','ATLANTIC','MA-RI'),
('01609','WORCESTER','WORCESTER','MA','ATLANTIC','MA-RI'),
('01610','WORCESTER','WORCESTER','MA','ATLANTIC','MA-RI'),
('01611','WORCESTER','WORCESTER','MA','ATLANTIC','MA-RI'),
('01612','CPU PAXTON','PAXTON','MA','ATLANTIC','MA-RI'),
('01612','WORCESTER','WORCESTER','MA','ATLANTIC','MA-RI'),
('01613','WORCESTER','WORCESTER','MA','ATLANTIC','MA-RI'),
('01615','WORCESTER','WORCESTER','MA','ATLANTIC','MA-RI'),
('01701','FRAMINGHAM','FRAMINGHAM','MA','ATLANTIC','MA-RI'),
('01702','FRAMINGHAM','FRAMINGHAM','MA','ATLANTIC','MA-RI'),
('01703','FRAMINGHAM CENTER','FRAMINGHAM','MA','ATLANTIC','MA-RI'),
('01704','FRAMINGHAM SOUTH','FRAMINGHAM','MA','ATLANTIC','MA-RI'),
('01705','SAXONVILLE','FRAMINGHAM','MA','ATLANTIC','MA-RI'),
('01718','ACTON','ACTON','MA','ATLANTIC','MA-RI'),
('01719','ACTON','ACTON','MA','ATLANTIC','MA-RI'),
('01720','ACTON','ACTON','MA','ATLANTIC','MA-RI'),
('01720','WEST ACTON','ACTON','MA','ATLANTIC','MA-RI'),
('01721','ASHLAND','ASHLAND','MA','ATLANTIC','MA-RI'),
('01730','BEDFORD','BEDFORD','MA','ATLANTIC','MA-RI'),
('01730','BURLINGTON','BURLINGTON','MA','ATLANTIC','MA-RI'),
('01731','BURLINGTON','BURLINGTON','MA','ATLANTIC','MA-RI'),
('01740','BOLTON','BOLTON','MA','ATLANTIC','MA-RI'),
('01741','CARLISLE','CARLISLE','MA','ATLANTIC','MA-RI'),
('01742','CONCORD','CONCORD','MA','ATLANTIC','MA-RI'),
('01742','WEST CONCORD','CONCORD','MA','ATLANTIC','MA-RI'),
('01745','FAYVILLE','FAYVILLE','MA','ATLANTIC','MA-RI'),
('01746','HOLLISTON','HOLLISTON','MA','ATLANTIC','MA-RI'),
('01747','HOPEDALE','HOPEDALE','MA','ATLANTIC','MA-RI'),
('01748','HOPKINTON','HOPKINTON','MA','ATLANTIC','MA-RI'),
('01749','HUDSON','HUDSON','MA','ATLANTIC','MA-RI');

