INSERT INTO us_locations (zip_code, locale_name, city, state, area_name, district_name) VALUES
('06332','CENTRAL VILLAGE','CENTRAL VILLAGE','CT','ATLANTIC','CONNECTICUT'),
('06333','EAST LYME','EAST LYME','CT','ATLANTIC','CONNECTICUT'),
('06334','BOZRAH','BOZRAH','CT','ATLANTIC','CONNECTICUT'),
('06334','ROSE CITY CARRIER ANNEX','NORWICH','CT','ATLANTIC','CONNECTICUT'),
('06335','GALES FERRY','GALES FERRY','CT','ATLANTIC','CONNECTICUT'),
('06335','LEDYARD','LEDYARD','CT','ATLANTIC','CONNECTICUT'),
('06336','GILMAN','GILMAN','CT','ATLANTIC','CONNECTICUT'),
('06338','CPU MASHANTUCKET','MASHANTUCKET','CT','ATLANTIC','CONNECTICUT'),
('06339','LEDYARD','LEDYARD','CT','ATLANTIC','CONNECTICUT'),
('06340','BOROUGH','GROTON','CT','ATLANTIC','CONNECTICUT'),
('06340','GROTON','GROTON','CT','ATLANTIC','CONNECTICUT'),
('06340','NOANK','GROTON','CT','ATLANTIC','CONNECTICUT'),
('06349','GROTON NAVAL BASE','GROTON','CT','ATLANTIC','CONNECTICUT'),
('06350','HANOVER','HANOVER','CT','ATLANTIC','CONNECTICUT'),
('06351','JEWETT CITY','JEWETT CITY','CT','ATLANTIC','CONNECTICUT'),
('06353','MONTVILLE','MONTVILLE','CT','ATLANTIC','CONNECTICUT'),
('06354','MOOSUP','MOOSUP','CT','ATLANTIC','CONNECTICUT'),
('06355','MYSTIC','MYSTIC','CT','ATLANTIC','CONNECTICUT'),
('06357','NIANTIC','NIANTIC','CT','ATLANTIC','CONNECTICUT'),
('06357','WATERFORD','WATERFORD','CT','ATLANTIC','CONNECTICUT'),
('06359','NORTH STONINGTON','NORTH STONINGTON','CT','ATLANTIC','CONNECTICUT'),
('06360','NORWICH','NORWICH','CT','ATLANTIC','CONNECTICUT'),
('06360','ROSE CITY CARRIER ANNEX','NORWICH','CT','ATLANTIC','CONNECTICUT'),
('06365','ROSE CITY CARRIER ANNEX','NORWICH','CT','ATLANTIC','CONNECTICUT'),
('06370','OAKDALE','OAKDALE','CT','ATLANTIC','CONNECTICUT'),
('06370','UNCASVILLE','UNCASVILLE','CT','ATLANTIC','CONNECTICUT'),
('06371','OLD LYME','OLD LYME','CT','ATLANTIC','CONNECTICUT'),
('06372','OLD MYSTIC','OLD MYSTIC','CT','ATLANTIC','CONNECTICUT'),
('06373','ONECO','ONECO','CT','ATLANTIC','CONNECTICUT'),
('06374','PLAINFIELD','PLAINFIELD','CT','ATLANTIC','CONNECTICUT'),
('06375','QUAKER HILL','QUAKER HILL','CT','ATLANTIC','CONNECTICUT'),
('06376','SOUTH LYME','SOUTH LYME','CT','ATLANTIC','CONNECTICUT'),
('06377','MOOSUP','MOOSUP','CT','ATLANTIC','CONNECTICUT'),
('06377','STERLING','STERLING','CT','ATLANTIC','CONNECTICUT'),
('06378','PAWCATUCK','PAWCATUCK','CT','ATLANTIC','CONNECTICUT'),
('06378','STONINGTON','STONINGTON','CT','ATLANTIC','CONNECTICUT'),
('06379','PAWCATUCK','PAWCATUCK','CT','ATLANTIC','CONNECTICUT'),
('06380','TAFTVILLE','TAFTVILLE','CT','ATLANTIC','CONNECTICUT'),
('06382','UNCASVILLE','UNCASVILLE','CT','ATLANTIC','CONNECTICUT'),
('06383','VERSAILLES','VERSAILLES','CT','ATLANTIC','CONNECTICUT'),
('06384','VOLUNTOWN','VOLUNTOWN','CT','ATLANTIC','CONNECTICUT'),
('06385','WATERFORD','WATERFORD','CT','ATLANTIC','CONNECTICUT'),
('06387','WAUREGAN','WAUREGAN','CT','ATLANTIC','CONNECTICUT'),
('06388','WEST MYSTIC','WEST MYSTIC','CT','ATLANTIC','CONNECTICUT'),
('06389','BOZRAH','BOZRAH','CT','ATLANTIC','CONNECTICUT'),
('06390','FISHERS ISLAND','FISHERS ISLAND','NY','ATLANTIC','CONNECTICUT'),
('06401','ANSONIA','ANSONIA','CT','ATLANTIC','CONNECTICUT'),
('06403','BEACON FALLS','BEACON FALLS','CT','ATLANTIC','CONNECTICUT'),
('06404','BOTSFORD','BOTSFORD','CT','ATLANTIC','CONNECTICUT'),
('06405','BRANFORD','BRANFORD','CT','ATLANTIC','CONNECTICUT');

INSERT INTO us_locations (zip_code, locale_name, city, state, area_name, district_name) VALUES
('06405','SHORT BEACH','BRANFORD','CT','ATLANTIC','CONNECTICUT'),
('06405','STONY CREEK','BRANFORD','CT','ATLANTIC','CONNECTICUT'),
('06409','CENTERBROOK','CENTERBROOK','CT','ATLANTIC','CONNECTICUT'),
('06410','CHESHIRE','CHESHIRE','CT','ATLANTIC','CONNECTICUT'),
('06410','WALLINGFORD CT S&DC','WALLINGFORD','CT','ATLANTIC','CONNECTICUT'),
('06412','CHESTER','CHESTER','CT','ATLANTIC','CONNECTICUT'),
('06413','CLINTON','CLINTON','CT','ATLANTIC','CONNECTICUT'),
('06414','COBALT','COBALT','CT','ATLANTIC','CONNECTICUT'),
('06415','COLCHESTER','COLCHESTER','CT','ATLANTIC','CONNECTICUT'),
('06416','CROMWELL','CROMWELL','CT','ATLANTIC','CONNECTICUT'),
('06417','DEEP RIVER','DEEP RIVER','CT','ATLANTIC','CONNECTICUT'),
('06418','DERBY','DERBY','CT','ATLANTIC','CONNECTICUT'),
('06419','CPU KILLINGWORTH','KILLINGWORTH','CT','ATLANTIC','CONNECTICUT'),
('06419','DEEP RIVER','DEEP RIVER','CT','ATLANTIC','CONNECTICUT'),
('06420','COLCHESTER','COLCHESTER','CT','ATLANTIC','CONNECTICUT'),
('06422','DURHAM','DURHAM','CT','ATLANTIC','CONNECTICUT'),
('06423','EAST HADDAM','EAST HADDAM','CT','ATLANTIC','CONNECTICUT'),
('06424','EAST HAMPTON','EAST HAMPTON','CT','ATLANTIC','CONNECTICUT'),
('06426','ESSEX','ESSEX','CT','ATLANTIC','CONNECTICUT'),
('06437','GUILFORD','GUILFORD','CT','ATLANTIC','CONNECTICUT'),
('06437','GUILFORD/MADISON CAR ANNEX','GUILFORD','CT','ATLANTIC','CONNECTICUT'),
('06438','HADDAM','HADDAM','CT','ATLANTIC','CONNECTICUT'),
('06439','HADLYME','HADLYME','CT','ATLANTIC','CONNECTICUT'),
('06440','HAWLEYVILLE','HAWLEYVILLE','CT','ATLANTIC','CONNECTICUT'),
('06441','HIGGANUM','HIGGANUM','CT','ATLANTIC','CONNECTICUT'),
('06442','IVORYTON','IVORYTON','CT','ATLANTIC','CONNECTICUT'),
('06443','GUILFORD/MADISON CAR ANNEX','GUILFORD','CT','ATLANTIC','CONNECTICUT'),
('06443','MADISON','MADISON','CT','ATLANTIC','CONNECTICUT'),
('06444','MARION','MARION','CT','ATLANTIC','CONNECTICUT'),
('06447','MARLBOROUGH','MARLBOROUGH','CT','ATLANTIC','CONNECTICUT'),
('06450','MERIDEN','MERIDEN','CT','ATLANTIC','CONNECTICUT'),
('06450','WALLINGFORD CT S&DC','WALLINGFORD','CT','ATLANTIC','CONNECTICUT'),
('06451','WALLINGFORD CT S&DC','WALLINGFORD','CT','ATLANTIC','CONNECTICUT'),
('06455','MIDDLEFIELD','MIDDLEFIELD','CT','ATLANTIC','CONNECTICUT'),
('06456','MIDDLE HADDAM','MIDDLE HADDAM','CT','ATLANTIC','CONNECTICUT'),
('06457','MIDDLETOWN','MIDDLETOWN','CT','ATLANTIC','CONNECTICUT'),
('06457','WALLINGFORD CT S&DC','WALLINGFORD','CT','ATLANTIC','CONNECTICUT'),
('06460','DEVON','MILFORD','CT','ATLANTIC','CONNECTICUT'),
('06460','DOWNTOWN MILFORD','MILFORD','CT','ATLANTIC','CONNECTICUT'),
('06460','MILFORD','MILFORD','CT','ATLANTIC','CONNECTICUT'),
('06461','MILFORD','MILFORD','CT','ATLANTIC','CONNECTICUT'),
('06467','MILLDALE','MILLDALE','CT','ATLANTIC','CONNECTICUT'),
('06468','MONROE','MONROE','CT','ATLANTIC','CONNECTICUT'),
('06469','MOODUS','MOODUS','CT','ATLANTIC','CONNECTICUT'),
('06470','NEWTOWN','NEWTOWN','CT','ATLANTIC','CONNECTICUT'),
('06471','NORTH BRANFORD','NORTH BRANFORD','CT','ATLANTIC','CONNECTICUT'),
('06472','NORTHFORD','NORTHFORD','CT','ATLANTIC','CONNECTICUT'),
('06473','NORTH HAVEN','NORTH HAVEN','CT','ATLANTIC','CONNECTICUT'),
('06473','WALLINGFORD CT S&DC','WALLINGFORD','CT','ATLANTIC','CONNECTICUT'),
('06475','OLD SAYBROOK','OLD SAYBROOK','CT','ATLANTIC','CONNECTICUT');

INSERT INTO us_locations (zip_code, locale_name, city, state, area_name, district_name) VALUES
('06477','MILFORD','MILFORD','CT','ATLANTIC','CONNECTICUT'),
('06477','ORANGE','ORANGE','CT','ATLANTIC','CONNECTICUT'),
('06478','CPU HAYNES MATERIAL','OXFORD','CT','ATLANTIC','CONNECTICUT'),
('06478','SEYMOUR','SEYMOUR','CT','ATLANTIC','CONNECTICUT'),
('06479','PLANTSVILLE','PLANTSVILLE','CT','ATLANTIC','CONNECTICUT'),
('06480','PORTLAND','PORTLAND','CT','ATLANTIC','CONNECTICUT'),
('06481','MIDDLEFIELD','MIDDLEFIELD','CT','ATLANTIC','CONNECTICUT'),
('06481','ROCKFALL','ROCKFALL','CT','ATLANTIC','CONNECTICUT'),
('06482','NEWTOWN','NEWTOWN','CT','ATLANTIC','CONNECTICUT'),
('06483','SEYMOUR','SEYMOUR','CT','ATLANTIC','CONNECTICUT'),
('06484','HUNTINGTON','SHELTON','CT','ATLANTIC','CONNECTICUT'),
('06484','SHELTON','SHELTON','CT','ATLANTIC','CONNECTICUT'),
('06484','SHELTON CARRIER ANNEX','SHELTON','CT','ATLANTIC','CONNECTICUT'),
('06487','SOUTHBURY','SOUTHBURY','CT','ATLANTIC','CONNECTICUT'),
('06488','SOUTHBURY','SOUTHBURY','CT','ATLANTIC','CONNECTICUT'),
('06489','SOUTHINGTON','SOUTHINGTON','CT','ATLANTIC','CONNECTICUT'),
('06491','STEVENSON','MONROE','CT','ATLANTIC','CONNECTICUT'),
('06492','WALLINGFORD','WALLINGFORD','CT','ATLANTIC','CONNECTICUT'),
('06492','WALLINGFORD CT S&DC','WALLINGFORD','CT','ATLANTIC','CONNECTICUT'),
('06492','YALESVILLE','WALLINGFORD','CT','ATLANTIC','CONNECTICUT'),
('06498','WESTBROOK','WESTBROOK','CT','ATLANTIC','CONNECTICUT'),
('06501','NEW HAVEN','NEW HAVEN','CT','ATLANTIC','CONNECTICUT'),
('06502','NEW HAVEN','NEW HAVEN','CT','ATLANTIC','CONNECTICUT'),
('06503','NEW HAVEN','NEW HAVEN','CT','ATLANTIC','CONNECTICUT'),
('06504','NEW HAVEN','NEW HAVEN','CT','ATLANTIC','CONNECTICUT'),
('06505','NEW HAVEN','NEW HAVEN','CT','ATLANTIC','CONNECTICUT'),
('06506','NEW HAVEN','NEW HAVEN','CT','ATLANTIC','CONNECTICUT'),
('06507','NEW HAVEN','NEW HAVEN','CT','ATLANTIC','CONNECTICUT'),
('06508','NEW HAVEN','NEW HAVEN','CT','ATLANTIC','CONNECTICUT'),
('06509','NEW HAVEN','NEW HAVEN','CT','ATLANTIC','CONNECTICUT'),
('06510','NEW HAVEN','NEW HAVEN','CT','ATLANTIC','CONNECTICUT'),
('06511','NEW HAVEN','NEW HAVEN','CT','ATLANTIC','CONNECTICUT'),
('06512','NEW HAVEN','NEW HAVEN','CT','ATLANTIC','CONNECTICUT'),
('06512','TROLLEY SQUARE','EAST HAVEN','CT','ATLANTIC','CONNECTICUT'),
('06513','FAIR HAVEN','NEW HAVEN','CT','ATLANTIC','CONNECTICUT'),
('06513','NEW HAVEN','NEW HAVEN','CT','ATLANTIC','CONNECTICUT'),
('06514','HAMDEN','HAMDEN','CT','ATLANTIC','CONNECTICUT'),
('06515','WESTVILLE','NEW HAVEN','CT','ATLANTIC','CONNECTICUT'),
('06516','ALLINGTOWN','WEST HAVEN','CT','ATLANTIC','CONNECTICUT'),
('06516','BAYBROOK STATION','WEST HAVEN','CT','ATLANTIC','CONNECTICUT'),
('06516','WEST HAVEN','WEST HAVEN','CT','ATLANTIC','CONNECTICUT'),
('06517','NEW HAVEN','NEW HAVEN','CT','ATLANTIC','CONNECTICUT'),
('06517','WHITNEYVILLE','HAMDEN','CT','ATLANTIC','CONNECTICUT'),
('06518','MOUNT CARMEL','HAMDEN','CT','ATLANTIC','CONNECTICUT'),
('06518','MOUNT CARMEL CARRIER ANNEX','HAMDEN','CT','ATLANTIC','CONNECTICUT'),
('06519','KILBY','NEW HAVEN','CT','ATLANTIC','CONNECTICUT'),
('06519','NEW HAVEN','NEW HAVEN','CT','ATLANTIC','CONNECTICUT'),
('06520','YALE','NEW HAVEN','CT','ATLANTIC','CONNECTICUT'),
('06521','NEW HAVEN','NEW HAVEN','CT','ATLANTIC','CONNECTICUT'),
('06524','NEW HAVEN','NEW HAVEN','CT','ATLANTIC','CONNECTICUT');

INSERT INTO us_locations (zip_code, locale_name, city, state, area_name, district_name) VALUES
('06525','AMITY RETAIL STORE','NEW HAVEN','CT','ATLANTIC','CONNECTICUT'),
('06525','NEW HAVEN','NEW HAVEN','CT','ATLANTIC','CONNECTICUT'),
('06530','NEW HAVEN','NEW HAVEN','CT','ATLANTIC','CONNECTICUT'),
('06531','NEW HAVEN','NEW HAVEN','CT','ATLANTIC','CONNECTICUT'),
('06532','NEW HAVEN','NEW HAVEN','CT','ATLANTIC','CONNECTICUT'),
('06533','NEW HAVEN','NEW HAVEN','CT','ATLANTIC','CONNECTICUT'),
('06534','NEW HAVEN','NEW HAVEN','CT','ATLANTIC','CONNECTICUT'),
('06535','NEW HAVEN','NEW HAVEN','CT','ATLANTIC','CONNECTICUT'),
('06536','NEW HAVEN','NEW HAVEN','CT','ATLANTIC','CONNECTICUT'),
('06601','BRIDGEPORT CT S&DC','BRIDGEPORT','CT','ATLANTIC','CONNECTICUT'),
('06604','BRIDGEPORT CT S&DC','BRIDGEPORT','CT','ATLANTIC','CONNECTICUT'),
('06605','BRIDGEPORT CT S&DC','BRIDGEPORT','CT','ATLANTIC','CONNECTICUT'),
('06606','BAYVIEW','BRIDGEPORT','CT','ATLANTIC','CONNECTICUT'),
('06607','BRIDGEPORT CT S&DC','BRIDGEPORT','CT','ATLANTIC','CONNECTICUT'),
('06608','BRIDGEPORT CT S&DC','BRIDGEPORT','CT','ATLANTIC','CONNECTICUT'),
('06608','NOBLE','BRIDGEPORT','CT','ATLANTIC','CONNECTICUT'),
('06610','BAYVIEW','BRIDGEPORT','CT','ATLANTIC','CONNECTICUT'),
('06611','MONROE','MONROE','CT','ATLANTIC','CONNECTICUT'),
('06611','TRUMBULL','TRUMBULL','CT','ATLANTIC','CONNECTICUT'),
('06612','EASTON','EASTON','CT','ATLANTIC','CONNECTICUT'),
('06612','MONROE','MONROE','CT','ATLANTIC','CONNECTICUT'),
('06614','STRATFORD','STRATFORD','CT','ATLANTIC','CONNECTICUT'),
('06615','STRATFORD','STRATFORD','CT','ATLANTIC','CONNECTICUT'),
('06615','STRATFORD RETAIL STORE','STRATFORD','CT','ATLANTIC','CONNECTICUT'),
('06702','WATERBURY','WATERBURY','CT','ATLANTIC','CONNECTICUT'),
('06703','LAKEWOOD','WATERBURY','CT','ATLANTIC','CONNECTICUT'),
('06704','PLAZA','WATERBURY','CT','ATLANTIC','CONNECTICUT'),
('06705','EAST END','WATERBURY','CT','ATLANTIC','CONNECTICUT'),
('06705','LAKEWOOD','WATERBURY','CT','ATLANTIC','CONNECTICUT'),
('06706','WATERBURY','WATERBURY','CT','ATLANTIC','CONNECTICUT'),
('06708','WATERBURY','WATERBURY','CT','ATLANTIC','CONNECTICUT'),
('06710','PLAZA','WATERBURY','CT','ATLANTIC','CONNECTICUT'),
('06712','PROSPECT','PROSPECT','CT','ATLANTIC','CONNECTICUT'),
('06716','LAKEWOOD','WATERBURY','CT','ATLANTIC','CONNECTICUT'),
('06716','WOLCOTT','WOLCOTT','CT','ATLANTIC','CONNECTICUT'),
('06720','WATERBURY','WATERBURY','CT','ATLANTIC','CONNECTICUT'),
('06721','WATERBURY','WATERBURY','CT','ATLANTIC','CONNECTICUT'),
('06722','WATERBURY','WATERBURY','CT','ATLANTIC','CONNECTICUT'),
('06723','WATERBURY','WATERBURY','CT','ATLANTIC','CONNECTICUT'),
('06724','WATERBURY','WATERBURY','CT','ATLANTIC','CONNECTICUT'),
('06725','WATERBURY','WATERBURY','CT','ATLANTIC','CONNECTICUT'),
('06726','WATERBURY','WATERBURY','CT','ATLANTIC','CONNECTICUT'),
('06750','BANTAM','BANTAM','CT','ATLANTIC','CONNECTICUT'),
('06751','BETHLEHEM','BETHLEHEM','CT','ATLANTIC','CONNECTICUT'),
('06752','BRIDGEWATER','BRIDGEWATER','CT','ATLANTIC','CONNECTICUT'),
('06753','CORNWALL','CORNWALL','CT','ATLANTIC','CONNECTICUT'),
('06754','CORNWALL BRIDGE','CORNWALL BRIDGE','CT','ATLANTIC','CONNECTICUT'),
('06755','GAYLORDSVILLE','GAYLORDSVILLE','CT','ATLANTIC','CONNECTICUT'),
('06756','GOSHEN','GOSHEN','CT','ATLANTIC','CONNECTICUT'),
('06757','KENT','KENT','CT','ATLANTIC','CONNECTICUT');

INSERT INTO us_locations (zip_code, locale_name, city, state, area_name, district_name) VALUES
('06758','THOMASTON','THOMASTON','CT','ATLANTIC','CONNECTICUT'),
('06759','LITCHFIELD','LITCHFIELD','CT','ATLANTIC','CONNECTICUT'),
('06762','MIDDLEBURY','MIDDLEBURY','CT','ATLANTIC','CONNECTICUT'),
('06762','NAUGATUCK','NAUGATUCK','CT','ATLANTIC','CONNECTICUT'),
('06763','MORRIS CARRIERS','THOMASTON','CT','ATLANTIC','CONNECTICUT'),
('06763','THOMASTON','THOMASTON','CT','ATLANTIC','CONNECTICUT'),
('06770','NAUGATUCK','NAUGATUCK','CT','ATLANTIC','CONNECTICUT'),
('06770','UNION CITY','NAUGATUCK','CT','ATLANTIC','CONNECTICUT'),
('06776','NEW MILFORD','NEW MILFORD','CT','ATLANTIC','CONNECTICUT'),
('06777','NEW PRESTON MARBLE DALE','NEW PRESTON MARBLE DALE','CT','ATLANTIC','CONNECTICUT'),
('06777','WASHINGTON DEPOT','WASHINGTON DEPOT','CT','ATLANTIC','CONNECTICUT'),
('06778','THOMASTON','THOMASTON','CT','ATLANTIC','CONNECTICUT'),
('06779','OAKVILLE','OAKVILLE','CT','ATLANTIC','CONNECTICUT'),
('06779','WATERTOWN','WATERTOWN','CT','ATLANTIC','CONNECTICUT'),
('06781','PEQUABUCK','PEQUABUCK','CT','ATLANTIC','CONNECTICUT'),
('06782','PLYMOUTH','PLYMOUTH','CT','ATLANTIC','CONNECTICUT'),
('06783','ROXBURY','ROXBURY','CT','ATLANTIC','CONNECTICUT'),
('06784','SHERMAN','SHERMAN','CT','ATLANTIC','CONNECTICUT'),
('06785','KENT','KENT','CT','ATLANTIC','CONNECTICUT'),
('06785','SOUTH KENT','SOUTH KENT','CT','ATLANTIC','CONNECTICUT'),
('06786','TERRYVILLE','TERRYVILLE','CT','ATLANTIC','CONNECTICUT'),
('06787','THOMASTON','THOMASTON','CT','ATLANTIC','CONNECTICUT'),
('06790','TORRINGTON','TORRINGTON','CT','ATLANTIC','CONNECTICUT'),
('06791','HARWINTON','HARWINTON','CT','ATLANTIC','CONNECTICUT'),
('06791','TORRINGTON','TORRINGTON','CT','ATLANTIC','CONNECTICUT'),
('06793','WASHINGTON DEPOT','WASHINGTON DEPOT','CT','ATLANTIC','CONNECTICUT'),
('06793','WASHINGTON GREEN','WASHINGTON','CT','ATLANTIC','CONNECTICUT'),
('06794','WASHINGTON DEPOT','WASHINGTON DEPOT','CT','ATLANTIC','CONNECTICUT'),
('06795','WATERTOWN','WATERTOWN','CT','ATLANTIC','CONNECTICUT'),
('06796','WEST CORNWALL','WEST CORNWALL','CT','ATLANTIC','CONNECTICUT'),
('06798','WOODBURY','WOODBURY','CT','ATLANTIC','CONNECTICUT'),
('06801','BETHEL','BETHEL','CT','ATLANTIC','CONNECTICUT'),
('06804','BROOKFIELD','BROOKFIELD','CT','ATLANTIC','CONNECTICUT'),
('06807','COS COB','COS COB','CT','ATLANTIC','CONNECTICUT'),
('06810','DANBURY','DANBURY','CT','ATLANTIC','CONNECTICUT'),
('06811','DANBURY','DANBURY','CT','ATLANTIC','CONNECTICUT'),
('06812','CANDLEWOOD ISLE DPOBU','NEW FAIRFIELD','CT','ATLANTIC','CONNECTICUT'),
('06812','DANBURY','DANBURY','CT','ATLANTIC','CONNECTICUT'),
('06812','NEW FAIRFIELD','NEW FAIRFIELD','CT','ATLANTIC','CONNECTICUT'),
('06813','DANBURY','DANBURY','CT','ATLANTIC','CONNECTICUT'),
('06813','MAIN STREET','DANBURY','CT','ATLANTIC','CONNECTICUT'),
('06820','DARIEN','DARIEN','CT','ATLANTIC','CONNECTICUT'),
('06820','NOROTON HEIGHTS','DARIEN','CT','ATLANTIC','CONNECTICUT'),
('06820','STAMFORD CT SDC','STAMFORD','CT','ATLANTIC','CONNECTICUT'),
('06824','COMMERCE','FAIRFIELD','CT','ATLANTIC','CONNECTICUT'),
('06824','FAIRFIELD','FAIRFIELD','CT','ATLANTIC','CONNECTICUT'),
('06825','COMMERCE','FAIRFIELD','CT','ATLANTIC','CONNECTICUT'),
('06829','GEORGETOWN','GEORGETOWN','CT','ATLANTIC','CONNECTICUT'),
('06830','GREENWICH','GREENWICH','CT','ATLANTIC','CONNECTICUT'),
('06831','GREENWICH','GREENWICH','CT','ATLANTIC','CONNECTICUT');

INSERT INTO us_locations (zip_code, locale_name, city, state, area_name, district_name) VALUES
('06836','DOWNTOWN GREENWICH','GREENWICH','CT','ATLANTIC','CONNECTICUT'),
('06838','GREENS FARMS','GREENS FARMS','CT','ATLANTIC','CONNECTICUT'),
('06840','NEW CANAAN','NEW CANAAN','CT','ATLANTIC','CONNECTICUT'),
('06840','STAMFORD CT SDC','STAMFORD','CT','ATLANTIC','CONNECTICUT'),
('06850','NORWALK','NORWALK','CT','ATLANTIC','CONNECTICUT'),
('06851','BELDEN','NORWALK','CT','ATLANTIC','CONNECTICUT'),
('06852','BELDEN','NORWALK','CT','ATLANTIC','CONNECTICUT'),
('06853','NORWALK','NORWALK','CT','ATLANTIC','CONNECTICUT'),
('06853','ROWAYTON','NORWALK','CT','ATLANTIC','CONNECTICUT'),
('06854','NORWALK','NORWALK','CT','ATLANTIC','CONNECTICUT'),
('06855','NORWALK','NORWALK','CT','ATLANTIC','CONNECTICUT'),
('06856','NORWALK','NORWALK','CT','ATLANTIC','CONNECTICUT'),
('06870','OLD GREENWICH','OLD GREENWICH','CT','ATLANTIC','CONNECTICUT'),
('06875','REDDING CENTER','REDDING CENTER','CT','ATLANTIC','CONNECTICUT'),
('06876','REDDING RIDGE','REDDING RIDGE','CT','ATLANTIC','CONNECTICUT'),
('06877','DANBURY','DANBURY','CT','ATLANTIC','CONNECTICUT'),
('06877','RIDGEFIELD','RIDGEFIELD','CT','ATLANTIC','CONNECTICUT'),
('06878','OLD GREENWICH','OLD GREENWICH','CT','ATLANTIC','CONNECTICUT'),
('06878','RIVERSIDE','RIVERSIDE','CT','ATLANTIC','CONNECTICUT'),
('06880','SAUGATUCK DPOBU','WESTPORT','CT','ATLANTIC','CONNECTICUT'),
('06880','WESTPORT CARRIER ANNEX','NORWALK','CT','ATLANTIC','CONNECTICUT'),
('06881','WESTPORT','WESTPORT','CT','ATLANTIC','CONNECTICUT'),
('06883','WESTON','WESTON','CT','ATLANTIC','CONNECTICUT'),
('06883','WESTPORT CARRIER ANNEX','NORWALK','CT','ATLANTIC','CONNECTICUT'),
('06890','SOUTHPORT','SOUTHPORT','CT','ATLANTIC','CONNECTICUT'),
('06896','WEST REDDING','REDDING','CT','ATLANTIC','CONNECTICUT'),
('06897','WILTON','WILTON','CT','ATLANTIC','CONNECTICUT'),
('06901','WEST AVE CARRIER UNIT','STAMFORD','CT','ATLANTIC','CONNECTICUT'),
('06902','WEST AVE CARRIER UNIT','STAMFORD','CT','ATLANTIC','CONNECTICUT'),
('06903','STAMFORD CT SDC','STAMFORD','CT','ATLANTIC','CONNECTICUT'),
('06904','SUMMER ATLANTIC','STAMFORD','CT','ATLANTIC','CONNECTICUT'),
('06905','BULLS HEAD','STAMFORD','CT','ATLANTIC','CONNECTICUT'),
('06905','STAMFORD CT SDC','STAMFORD','CT','ATLANTIC','CONNECTICUT'),
('06906','GLENBROOK','STAMFORD','CT','ATLANTIC','CONNECTICUT'),
('06906','STAMFORD CT SDC','STAMFORD','CT','ATLANTIC','CONNECTICUT'),
('06907','STAMFORD CT SDC','STAMFORD','CT','ATLANTIC','CONNECTICUT'),
('06911','WEST AVE','STAMFORD','CT','ATLANTIC','CONNECTICUT'),
('06912','STAMFORD CT SDC','STAMFORD','CT','ATLANTIC','CONNECTICUT'),
('07001','AVENEL','AVENEL','NJ','ATLANTIC','NEW JERSEY'),
('07002','BAYONNE','BAYONNE','NJ','ATLANTIC','NEW JERSEY'),
('07002','BERGEN POINT','BAYONNE','NJ','ATLANTIC','NEW JERSEY'),
('07002','PAMRAPO','BAYONNE','NJ','ATLANTIC','NEW JERSEY'),
('07003','BLOOMFIELD','BLOOMFIELD','NJ','ATLANTIC','NEW JERSEY'),
('07003','BROOKDALE','BLOOMFIELD','NJ','ATLANTIC','NEW JERSEY'),
('07004','FAIRFIELD','FAIRFIELD','NJ','ATLANTIC','NEW JERSEY'),
('07004','WEST CALDWELL','CALDWELL','NJ','ATLANTIC','NEW JERSEY'),
('07005','BOONTON','BOONTON','NJ','ATLANTIC','NEW JERSEY'),
('07006','CALDWELL','CALDWELL','NJ','ATLANTIC','NEW JERSEY'),
('07006','WEST CALDWELL','CALDWELL','NJ','ATLANTIC','NEW JERSEY'),
('07007','WEST CALDWELL','CALDWELL','NJ','ATLANTIC','NEW JERSEY');

INSERT INTO us_locations (zip_code, locale_name, city, state, area_name, district_name) VALUES
('07008','CARTERET','CARTERET','NJ','ATLANTIC','NEW JERSEY'),
('07009','CEDAR GROVE','CEDAR GROVE','NJ','ATLANTIC','NEW JERSEY'),
('07010','CLIFF PARK','CLIFFSIDE PARK','NJ','ATLANTIC','NEW JERSEY'),
('07010','CLIFFSIDE PARK','CLIFFSIDE PARK','NJ','ATLANTIC','NEW JERSEY'),
('07011','CLIFTON','CLIFTON','NJ','ATLANTIC','NEW JERSEY'),
('07012','ALLWOOD','CLIFTON','NJ','ATLANTIC','NEW JERSEY'),
('07012','CLIFTON','CLIFTON','NJ','ATLANTIC','NEW JERSEY'),
('07013','CLIFTON','CLIFTON','NJ','ATLANTIC','NEW JERSEY'),
('07014','CLIFTON','CLIFTON','NJ','ATLANTIC','NEW JERSEY'),
('07014','DELAWANNA','CLIFTON','NJ','ATLANTIC','NEW JERSEY'),
('07015','MAIN AVENUE','CLIFTON','NJ','ATLANTIC','NEW JERSEY'),
('07016','CRANFORD','CRANFORD','NJ','ATLANTIC','NEW JERSEY'),
('07017','EAST ORANGE','EAST ORANGE','NJ','ATLANTIC','NEW JERSEY'),
('07018','EAST ORANGE','EAST ORANGE','NJ','ATLANTIC','NEW JERSEY'),
('07019','AMPERE','EAST ORANGE','NJ','ATLANTIC','NEW JERSEY'),
('07019','DODDTOWN','EAST ORANGE','NJ','ATLANTIC','NEW JERSEY'),
('07019','EAST ORANGE','EAST ORANGE','NJ','ATLANTIC','NEW JERSEY'),
('07019','EVERGREEN','EAST ORANGE','NJ','ATLANTIC','NEW JERSEY'),
('07020','EDGEWATER','EDGEWATER','NJ','ATLANTIC','NEW JERSEY'),
('07021','ESSEX FELLS','ESSEX FELLS','NJ','ATLANTIC','NEW JERSEY'),
('07021','WEST CALDWELL','CALDWELL','NJ','ATLANTIC','NEW JERSEY'),
('07022','CLIFFSIDE PARK','CLIFFSIDE PARK','NJ','ATLANTIC','NEW JERSEY'),
('07022','FAIRVIEW','FAIRVIEW','NJ','ATLANTIC','NEW JERSEY'),
('07023','FANWOOD','FANWOOD','NJ','ATLANTIC','NEW JERSEY'),
('07024','FORT LEE','FORT LEE','NJ','ATLANTIC','NEW JERSEY'),
('07024','FORT LEE ANNEX','ENGLEWOOD CLIFFS','NJ','ATLANTIC','NEW JERSEY'),
('07024','PALISADE','FORT LEE','NJ','ATLANTIC','NEW JERSEY'),
('07026','GARFIELD','GARFIELD','NJ','ATLANTIC','NEW JERSEY'),
('07026','OUTWATER','GARFIELD','NJ','ATLANTIC','NEW JERSEY'),
('07027','CRANFORD','CRANFORD','NJ','ATLANTIC','NEW JERSEY'),
('07027','GARWOOD','GARWOOD','NJ','ATLANTIC','NEW JERSEY'),
('07028','GLEN RIDGE','GLEN RIDGE','NJ','ATLANTIC','NEW JERSEY'),
('07029','HARRISON','HARRISON','NJ','ATLANTIC','NEW JERSEY'),
('07030','HOBOKEN','HOBOKEN','NJ','ATLANTIC','NEW JERSEY'),
('07030','UPTOWN','HOBOKEN','NJ','ATLANTIC','NEW JERSEY'),
('07030','WASHINGTON STREET','HOBOKEN','NJ','ATLANTIC','NEW JERSEY'),
('07030','WEST SIDE HOBOKEN','HOBOKEN','NJ','ATLANTIC','NEW JERSEY'),
('07031','KEARNY','KEARNY','NJ','ATLANTIC','NEW JERSEY'),
('07031','NORTH ARLINGTON','NORTH ARLINGTON','NJ','ATLANTIC','NEW JERSEY'),
('07032','KEARNY','KEARNY','NJ','ATLANTIC','NEW JERSEY'),
('07033','KENILWORTH','KENILWORTH','NJ','ATLANTIC','NEW JERSEY'),
('07034','LAKE HIAWATHA','LAKE HIAWATHA','NJ','ATLANTIC','NEW JERSEY'),
('07035','LINCOLN PARK','LINCOLN PARK','NJ','ATLANTIC','NEW JERSEY'),
('07036','GRASSELLI','LINDEN','NJ','ATLANTIC','NEW JERSEY'),
('07036','LINDEN','LINDEN','NJ','ATLANTIC','NEW JERSEY'),
('07039','LIVINGSTON','LIVINGSTON','NJ','ATLANTIC','NEW JERSEY'),
('07039','SOUTH LIVINGSTON','LIVINGSTON','NJ','ATLANTIC','NEW JERSEY'),
('07040','MAPLECREST','MAPLEWOOD','NJ','ATLANTIC','NEW JERSEY'),
('07040','MAPLEWOOD','MAPLEWOOD','NJ','ATLANTIC','NEW JERSEY'),
('07040','UNION','UNION','NJ','ATLANTIC','NEW JERSEY');

INSERT INTO us_locations (zip_code, locale_name, city, state, area_name, district_name) VALUES
('07041','MILLBURN','MILLBURN','NJ','ATLANTIC','NEW JERSEY'),
('07042','MONTCLAIR','MONTCLAIR','NJ','ATLANTIC','NEW JERSEY'),
('07043','MEMORIAL','MONTCLAIR','NJ','ATLANTIC','NEW JERSEY'),
('07043','MONTCLAIR','MONTCLAIR','NJ','ATLANTIC','NEW JERSEY'),
('07043','UPPER MONTCLAIR','MONTCLAIR','NJ','ATLANTIC','NEW JERSEY'),
('07044','MONTCLAIR','MONTCLAIR','NJ','ATLANTIC','NEW JERSEY'),
('07044','VERONA','VERONA','NJ','ATLANTIC','NEW JERSEY'),
('07045','MONTVILLE','MONTVILLE','NJ','ATLANTIC','NEW JERSEY'),
('07046','MOUNTAIN LAKES','MOUNTAIN LAKES','NJ','ATLANTIC','NEW JERSEY'),
('07046','PARSIPPANY','PARSIPPANY','NJ','ATLANTIC','NEW JERSEY'),
('07047','NORTH BERGEN','NORTH BERGEN','NJ','ATLANTIC','NEW JERSEY'),
('07047','TYLER PARK','NORTH BERGEN','NJ','ATLANTIC','NEW JERSEY'),
('07047','WOODCLIFF','NORTH BERGEN','NJ','ATLANTIC','NEW JERSEY'),
('07050','ORANGE','ORANGE','NJ','ATLANTIC','NEW JERSEY'),
('07051','ORANGE','ORANGE','NJ','ATLANTIC','NEW JERSEY'),
('07052','ORANGE','ORANGE','NJ','ATLANTIC','NEW JERSEY'),
('07052','TOWN CENTER','WEST ORANGE','NJ','ATLANTIC','NEW JERSEY'),
('07052','WEST ORANGE','WEST ORANGE','NJ','ATLANTIC','NEW JERSEY'),
('07054','PARSIPPANY','PARSIPPANY','NJ','ATLANTIC','NEW JERSEY'),
('07055','PASSAIC','PASSAIC','NJ','ATLANTIC','NEW JERSEY'),
('07055','PASSAIC PARK','PASSAIC','NJ','ATLANTIC','NEW JERSEY'),
('07057','PASSAIC','PASSAIC','NJ','ATLANTIC','NEW JERSEY'),
('07057','WALLINGTON','WALLINGTON','NJ','ATLANTIC','NEW JERSEY'),
('07058','MONTVILLE','MONTVILLE','NJ','ATLANTIC','NEW JERSEY'),
('07058','PINE BROOK','PINE BROOK','NJ','ATLANTIC','NEW JERSEY'),
('07059','WARREN','WARREN','NJ','ATLANTIC','NEW JERSEY'),
('07060','MUHLENBERG','PLAINFIELD','NJ','ATLANTIC','NEW JERSEY'),
('07060','PLAINFIELD','PLAINFIELD','NJ','ATLANTIC','NEW JERSEY'),
('07061','PLAINFIELD','PLAINFIELD','NJ','ATLANTIC','NEW JERSEY'),
('07062','NETHERWOOD','PLAINFIELD','NJ','ATLANTIC','NEW JERSEY'),
('07063','MUHLENBERG','PLAINFIELD','NJ','ATLANTIC','NEW JERSEY'),
('07063','STA A PLAINFIELD','PLAINFIELD','NJ','ATLANTIC','NEW JERSEY'),
('07064','PORT READING','PORT READING','NJ','ATLANTIC','NEW JERSEY'),
('07064','WOODBRIDGE','WOODBRIDGE','NJ','ATLANTIC','NEW JERSEY'),
('07065','RAHWAY','RAHWAY','NJ','ATLANTIC','NEW JERSEY'),
('07066','CLARK','CLARK','NJ','ATLANTIC','NEW JERSEY'),
('07066','RAHWAY','RAHWAY','NJ','ATLANTIC','NEW JERSEY'),
('07067','COLONIA','COLONIA','NJ','ATLANTIC','NEW JERSEY'),
('07067','RAHWAY','RAHWAY','NJ','ATLANTIC','NEW JERSEY'),
('07068','ROSELAND','ROSELAND','NJ','ATLANTIC','NEW JERSEY'),
('07069','PLAINFIELD','PLAINFIELD','NJ','ATLANTIC','NEW JERSEY'),
('07069','WATCHUNG','WATCHUNG','NJ','ATLANTIC','NEW JERSEY'),
('07070','RUTHERFORD','RUTHERFORD','NJ','ATLANTIC','NEW JERSEY'),
('07071','LYNDHURST','LYNDHURST','NJ','ATLANTIC','NEW JERSEY'),
('07072','CARLSTADT','CARLSTADT','NJ','ATLANTIC','NEW JERSEY'),
('07073','EAST RUTHERFORD','EAST RUTHERFORD','NJ','ATLANTIC','NEW JERSEY'),
('07074','WOOD RIDGE','WOOD RIDGE','NJ','ATLANTIC','NEW JERSEY'),
('07075','WOOD RIDGE','WOOD RIDGE','NJ','ATLANTIC','NEW JERSEY'),
('07076','SCOTCH PLAINS','SCOTCH PLAINS','NJ','ATLANTIC','NEW JERSEY'),
('07077','SEWAREN','SEWAREN','NJ','ATLANTIC','NEW JERSEY');

INSERT INTO us_locations (zip_code, locale_name, city, state, area_name, district_name) VALUES
('07077','WOODBRIDGE','WOODBRIDGE','NJ','ATLANTIC','NEW JERSEY'),
('07078','SHORT HILLS','SHORT HILLS','NJ','ATLANTIC','NEW JERSEY'),
('07079','SOUTH ORANGE','SOUTH ORANGE','NJ','ATLANTIC','NEW JERSEY'),
('07080','SOUTH PLAINFIELD','SOUTH PLAINFIELD','NJ','ATLANTIC','NEW JERSEY'),
('07081','SPRINGFIELD','SPRINGFIELD','NJ','ATLANTIC','NEW JERSEY'),
('07082','MONTVILLE','MONTVILLE','NJ','ATLANTIC','NEW JERSEY'),
('07082','TOWACO','TOWACO','NJ','ATLANTIC','NEW JERSEY'),
('07083','CHESTNUT','UNION','NJ','ATLANTIC','NEW JERSEY'),
('07083','UNION','UNION','NJ','ATLANTIC','NEW JERSEY'),
('07083','UNION CENTER','UNION','NJ','ATLANTIC','NEW JERSEY'),
('07086','UNION CITY','UNION CITY','NJ','ATLANTIC','NEW JERSEY'),
('07086','WEEHAWKEN','WEEHAWKEN','NJ','ATLANTIC','NEW JERSEY'),
('07087','BERGENLINE','UNION CITY','NJ','ATLANTIC','NEW JERSEY'),
('07087','FORTY FIFTH STREET','UNION CITY','NJ','ATLANTIC','NEW JERSEY'),
('07087','UNION CITY','UNION CITY','NJ','ATLANTIC','NEW JERSEY'),
('07088','UNION','UNION','NJ','ATLANTIC','NEW JERSEY'),
('07088','VAUXHALL','VAUXHALL','NJ','ATLANTIC','NEW JERSEY'),
('07090','WESTFIELD','WESTFIELD','NJ','ATLANTIC','NEW JERSEY'),
('07091','WESTFIELD','WESTFIELD','NJ','ATLANTIC','NEW JERSEY'),
('07092','MOUNTAINSIDE','MOUNTAINSIDE','NJ','ATLANTIC','NEW JERSEY'),
('07093','GUTTENBERG','WEST NEW YORK','NJ','ATLANTIC','NEW JERSEY'),
('07093','MONITOR','WEST NEW YORK','NJ','ATLANTIC','NEW JERSEY'),
('07093','TAURUS','WEST NEW YORK','NJ','ATLANTIC','NEW JERSEY'),
('07093','WEST NEW YORK','WEST NEW YORK','NJ','ATLANTIC','NEW JERSEY'),
('07094','SECAUCUS','SECAUCUS','NJ','ATLANTIC','NEW JERSEY'),
('07095','WOODBRIDGE','WOODBRIDGE','NJ','ATLANTIC','NEW JERSEY'),
('07096','MEADOWS','SECAUCUS','NJ','ATLANTIC','NEW JERSEY'),
('07096','PLAZA','SECAUCUS','NJ','ATLANTIC','NEW JERSEY'),
('07096','SECAUCUS','SECAUCUS','NJ','ATLANTIC','NEW JERSEY'),
('07101','NEWARK NJ S&DC','NEWARK','NJ','ATLANTIC','NEW JERSEY'),
('07102','MIDTOWN','NEWARK','NJ','ATLANTIC','NEW JERSEY'),
('07102','NEWARK NJ S&DC','NEWARK','NJ','ATLANTIC','NEW JERSEY'),
('07103','SPRINGFIELD AVE','NEWARK','NJ','ATLANTIC','NEW JERSEY'),
('07104','BELLEVILLE ANNEX','BELLEVILLE','NJ','ATLANTIC','NEW JERSEY'),
('07104','NORTH','NEWARK','NJ','ATLANTIC','NEW JERSEY'),
('07105','IRONBOUND','NEWARK','NJ','ATLANTIC','NEW JERSEY'),
('07105','NEWARK NJ S&DC','NEWARK','NJ','ATLANTIC','NEW JERSEY'),
('07106','VAILSBURG','NEWARK','NJ','ATLANTIC','NEW JERSEY'),
('07107','ROSEVILLE','NEWARK','NJ','ATLANTIC','NEW JERSEY'),
('07108','SPRINGFIELD AVE','NEWARK','NJ','ATLANTIC','NEW JERSEY'),
('07109','BELLEVILLE','BELLEVILLE','NJ','ATLANTIC','NEW JERSEY'),
('07109','BELLEVILLE ANNEX','BELLEVILLE','NJ','ATLANTIC','NEW JERSEY'),
('07110','BELLEVILLE ANNEX','BELLEVILLE','NJ','ATLANTIC','NEW JERSEY'),
('07110','NUTLEY','NUTLEY','NJ','ATLANTIC','NEW JERSEY'),
('07111','IRVINGTON','IRVINGTON','NJ','ATLANTIC','NEW JERSEY'),
('07112','SOUTH','NEWARK','NJ','ATLANTIC','NEW JERSEY'),
('07114','SOUTH','NEWARK','NJ','ATLANTIC','NEW JERSEY'),
('07201','ELIZABETH','ELIZABETH','NJ','ATLANTIC','NEW JERSEY'),
('07201','UNION SQUARE','ELIZABETH','NJ','ATLANTIC','NEW JERSEY'),
('07202','BAYWAY','ELIZABETH','NJ','ATLANTIC','NEW JERSEY');

INSERT INTO us_locations (zip_code, locale_name, city, state, area_name, district_name) VALUES
('07202','ELIZABETH','ELIZABETH','NJ','ATLANTIC','NEW JERSEY'),
('07202','ELMORA','ELIZABETH','NJ','ATLANTIC','NEW JERSEY'),
('07203','ROSELLE','ROSELLE','NJ','ATLANTIC','NEW JERSEY'),
('07204','ELIZABETH','ELIZABETH','NJ','ATLANTIC','NEW JERSEY'),
('07204','ROSELLE PARK','ROSELLE PARK','NJ','ATLANTIC','NEW JERSEY'),
('07205','ELIZABETH','ELIZABETH','NJ','ATLANTIC','NEW JERSEY'),
('07205','HILLSIDE','HILLSIDE','NJ','ATLANTIC','NEW JERSEY'),
('07205','INDUSTRIAL HILLSIDE','HILLSIDE','NJ','ATLANTIC','NEW JERSEY'),
('07206','BAYWAY','ELIZABETH','NJ','ATLANTIC','NEW JERSEY'),
('07206','ELIZABETH','ELIZABETH','NJ','ATLANTIC','NEW JERSEY'),
('07207','ELIZABETH','ELIZABETH','NJ','ATLANTIC','NEW JERSEY'),
('07208','ELIZABETH','ELIZABETH','NJ','ATLANTIC','NEW JERSEY'),
('07208','NORTH ELIZABETH','ELIZABETH','NJ','ATLANTIC','NEW JERSEY'),
('07302','JERSEY CITY','JERSEY CITY','NJ','ATLANTIC','NEW JERSEY'),
('07303','JERSEY CITY','JERSEY CITY','NJ','ATLANTIC','NEW JERSEY'),
('07304','BERGEN NORTH','JERSEY CITY','NJ','ATLANTIC','NEW JERSEY'),
('07304','WEST SIDE JERSEY CITY','JERSEY CITY','NJ','ATLANTIC','NEW JERSEY'),
('07305','BERGEN SOUTH','JERSEY CITY','NJ','ATLANTIC','NEW JERSEY'),
('07305','GREENVILLE','JERSEY CITY','NJ','ATLANTIC','NEW JERSEY'),
('07306','JOURNAL SQUARE','JERSEY CITY','NJ','ATLANTIC','NEW JERSEY'),
('07307','HUDSON CITY','JERSEY CITY','NJ','ATLANTIC','NEW JERSEY'),
('07308','FIVE CORNERS','JERSEY CITY','NJ','ATLANTIC','NEW JERSEY'),
('07310','JERSEY CITY','JERSEY CITY','NJ','ATLANTIC','NEW JERSEY'),
('07311','JERSEY CITY','JERSEY CITY','NJ','ATLANTIC','NEW JERSEY'),
('07401','ALLENDALE','ALLENDALE','NJ','ATLANTIC','NEW JERSEY'),
('07401','MAHWAH CARRIER ANNEX','MAHWAH','NJ','ATLANTIC','NEW JERSEY'),
('07403','BLOOMINGDALE','BLOOMINGDALE','NJ','ATLANTIC','NEW JERSEY'),
('07405','BUTLER','BUTLER','NJ','ATLANTIC','NEW JERSEY'),
('07405','WAYNE','WAYNE','NJ','ATLANTIC','NEW JERSEY'),
('07407','ELMWOOD PARK','ELMWOOD PARK','NJ','ATLANTIC','NEW JERSEY'),
('07410','FAIR LAWN','FAIR LAWN','NJ','ATLANTIC','NEW JERSEY'),
('07410','RIVER ROAD','FAIR LAWN','NJ','ATLANTIC','NEW JERSEY'),
('07410','WARREN POINT','FAIR LAWN','NJ','ATLANTIC','NEW JERSEY'),
('07416','FRANKLIN','FRANKLIN','NJ','ATLANTIC','NEW JERSEY'),
('07417','FRANKLIN LAKES','FRANKLIN LAKES','NJ','ATLANTIC','NEW JERSEY'),
('07418','GLENWOOD','GLENWOOD','NJ','ATLANTIC','NEW JERSEY'),
('07418','VERNON','VERNON','NJ','ATLANTIC','NEW JERSEY'),
('07419','HAMBURG','HAMBURG','NJ','ATLANTIC','NEW JERSEY'),
('07420','HASKELL','HASKELL','NJ','ATLANTIC','NEW JERSEY'),
('07421','HEWITT','HEWITT','NJ','ATLANTIC','NEW JERSEY'),
('07422','HIGHLAND LAKES','HIGHLAND LAKES','NJ','ATLANTIC','NEW JERSEY'),
('07423','HO HO KUS','HO HO KUS','NJ','ATLANTIC','NEW JERSEY'),
('07424','LITTLE FALLS','LITTLE FALLS','NJ','ATLANTIC','NEW JERSEY'),
('07424','WEST PATERSON','WOODLAND PARK','NJ','ATLANTIC','NEW JERSEY'),
('07428','MC AFEE','MC AFEE','NJ','ATLANTIC','NEW JERSEY'),
('07430','MAHWAH','MAHWAH','NJ','ATLANTIC','NEW JERSEY'),
('07430','MAHWAH CARRIER ANNEX','MAHWAH','NJ','ATLANTIC','NEW JERSEY'),
('07432','MIDLAND PARK','MIDLAND PARK','NJ','ATLANTIC','NEW JERSEY'),
('07435','NEWFOUNDLAND','NEWFOUNDLAND','NJ','ATLANTIC','NEW JERSEY'),
('07435','OAK RIDGE','OAK RIDGE','NJ','ATLANTIC','NEW JERSEY');

