INSERT INTO us_locations (zip_code, locale_name, city, state, area_name, district_name) VALUES
('71138','MERIWETHER','SHREVEPORT','LA','SOUTHERN','LOUISIANA'),
('71148','MERIWETHER','SHREVEPORT','LA','SOUTHERN','LOUISIANA'),
('71149','HUNTINGTON STATION','SHREVEPORT','LA','SOUTHERN','LOUISIANA'),
('71161','DOWNTOWN SHREVEPORT','SHREVEPORT','LA','SOUTHERN','LOUISIANA'),
('71162','DOWNTOWN SHREVEPORT','SHREVEPORT','LA','SOUTHERN','LOUISIANA'),
('71163','DOWNTOWN SHREVEPORT','SHREVEPORT','LA','SOUTHERN','LOUISIANA'),
('71164','DOWNTOWN SHREVEPORT','SHREVEPORT','LA','SOUTHERN','LOUISIANA'),
('71165','DOWNTOWN SHREVEPORT','SHREVEPORT','LA','SOUTHERN','LOUISIANA'),
('71166','DOWNTOWN SHREVEPORT','SHREVEPORT','LA','SOUTHERN','LOUISIANA'),
('71171','BOSSIER CITY','BOSSIER CITY','LA','SOUTHERN','LOUISIANA'),
('71172','BOSSIER CITY','BOSSIER CITY','LA','SOUTHERN','LOUISIANA'),
('71201','NORTHSIDE STATION','MONROE','LA','SOUTHERN','LOUISIANA'),
('71202','MONROE','MONROE','LA','SOUTHERN','LOUISIANA'),
('71203','MONROE','MONROE','LA','SOUTHERN','LOUISIANA'),
('71207','NORTHSIDE STATION','MONROE','LA','SOUTHERN','LOUISIANA'),
('71210','DOWNTOWN MONROE','MONROE','LA','SOUTHERN','LOUISIANA'),
('71211','MONROE','MONROE','LA','SOUTHERN','LOUISIANA'),
('71213','MONROE','MONROE','LA','SOUTHERN','LOUISIANA'),
('71218','ARCHIBALD','ARCHIBALD','LA','SOUTHERN','LOUISIANA'),
('71219','BASKIN','BASKIN','LA','SOUTHERN','LOUISIANA'),
('71220','BASTROP','BASTROP','LA','SOUTHERN','LOUISIANA'),
('71221','BASTROP','BASTROP','LA','SOUTHERN','LOUISIANA'),
('71222','BERNICE','BERNICE','LA','SOUTHERN','LOUISIANA'),
('71223','BONITA','BONITA','LA','SOUTHERN','LOUISIANA'),
('71225','CALHOUN','CALHOUN','LA','SOUTHERN','LOUISIANA'),
('71226','CHATHAM','CHATHAM','LA','SOUTHERN','LOUISIANA'),
('71227','CHOUDRANT','CHOUDRANT','LA','SOUTHERN','LOUISIANA'),
('71227','RUSTON','RUSTON','LA','SOUTHERN','LOUISIANA'),
('71229','BASTROP','BASTROP','LA','SOUTHERN','LOUISIANA'),
('71229','COLLINSTON','COLLINSTON','LA','SOUTHERN','LOUISIANA'),
('71230','CROWVILLE','CROWVILLE','LA','SOUTHERN','LOUISIANA'),
('71232','DELHI','DELHI','LA','SOUTHERN','LOUISIANA'),
('71233','DELTA','DELTA','LA','SOUTHERN','LOUISIANA'),
('71234','DOWNSVILLE','DOWNSVILLE','LA','SOUTHERN','LOUISIANA'),
('71235','DUBACH','DUBACH','LA','SOUTHERN','LOUISIANA'),
('71237','EPPS','EPPS','LA','SOUTHERN','LOUISIANA'),
('71238','EROS','EROS','LA','SOUTHERN','LOUISIANA'),
('71240','FAIRBANKS','FAIRBANKS','LA','SOUTHERN','LOUISIANA'),
('71241','FARMERVILLE','FARMERVILLE','LA','SOUTHERN','LOUISIANA'),
('71242','FOREST','FOREST','LA','SOUTHERN','LOUISIANA'),
('71243','FORT NECESSITY','FORT NECESSITY','LA','SOUTHERN','LOUISIANA'),
('71245','GRAMBLING','GRAMBLING','LA','SOUTHERN','LOUISIANA'),
('71247','HODGE','HODGE','LA','SOUTHERN','LOUISIANA'),
('71249','JIGGER','JIGGER','LA','SOUTHERN','LOUISIANA'),
('71250','JONES','JONES','LA','SOUTHERN','LOUISIANA'),
('71251','JONESBORO','JONESBORO','LA','SOUTHERN','LOUISIANA'),
('71253','KILBOURNE','KILBOURNE','LA','SOUTHERN','LOUISIANA'),
('71254','LAKE PROVIDENCE','LAKE PROVIDENCE','LA','SOUTHERN','LOUISIANA'),
('71256','BERNICE','BERNICE','LA','SOUTHERN','LOUISIANA'),
('71256','LILLIE','LILLIE','LA','SOUTHERN','LOUISIANA');

INSERT INTO us_locations (zip_code, locale_name, city, state, area_name, district_name) VALUES
('71259','MANGHAM','MANGHAM','LA','SOUTHERN','LOUISIANA'),
('71260','MARION','MARION','LA','SOUTHERN','LOUISIANA'),
('71261','MER ROUGE','MER ROUGE','LA','SOUTHERN','LOUISIANA'),
('71263','OAK GROVE','OAK GROVE','LA','SOUTHERN','LOUISIANA'),
('71264','OAK RIDGE','OAK RIDGE','LA','SOUTHERN','LOUISIANA'),
('71266','PIONEER','PIONEER','LA','SOUTHERN','LOUISIANA'),
('71268','QUITMAN','QUITMAN','LA','SOUTHERN','LOUISIANA'),
('71269','RAYVILLE','RAYVILLE','LA','SOUTHERN','LOUISIANA'),
('71270','RUSTON','RUSTON','LA','SOUTHERN','LOUISIANA'),
('71273','RUSTON','RUSTON','LA','SOUTHERN','LOUISIANA'),
('71275','GRAMBLING','GRAMBLING','LA','SOUTHERN','LOUISIANA'),
('71275','SIMSBORO','SIMSBORO','LA','SOUTHERN','LOUISIANA'),
('71276','SONDHEIMER','SONDHEIMER','LA','SOUTHERN','LOUISIANA'),
('71277','SPEARSVILLE','SPEARSVILLE','LA','SOUTHERN','LOUISIANA'),
('71279','START','START','LA','SOUTHERN','LOUISIANA'),
('71280','STERLINGTON','STERLINGTON','LA','SOUTHERN','LOUISIANA'),
('71281','SWARTZ','SWARTZ','LA','SOUTHERN','LOUISIANA'),
('71282','TALLULAH','TALLULAH','LA','SOUTHERN','LOUISIANA'),
('71284','TALLULAH','TALLULAH','LA','SOUTHERN','LOUISIANA'),
('71286','TRANSYLVANIA','TRANSYLVANIA','LA','SOUTHERN','LOUISIANA'),
('71291','WEST MONROE','WEST MONROE','LA','SOUTHERN','LOUISIANA'),
('71292','WEST MONROE','WEST MONROE','LA','SOUTHERN','LOUISIANA'),
('71294','WEST MONROE','WEST MONROE','LA','SOUTHERN','LOUISIANA'),
('71295','WINNSBORO','WINNSBORO','LA','SOUTHERN','LOUISIANA'),
('71301','ALEXANDRIA','ALEXANDRIA','LA','SOUTHERN','LOUISIANA'),
('71302','ALEXANDRIA','ALEXANDRIA','LA','SOUTHERN','LOUISIANA'),
('71303','ALEXANDRIA','ALEXANDRIA','LA','SOUTHERN','LOUISIANA'),
('71306','ALEXANDRIA','ALEXANDRIA','LA','SOUTHERN','LOUISIANA'),
('71307','SOUTH PARK STATION','ALEXANDRIA','LA','SOUTHERN','LOUISIANA'),
('71309','ALEXANDRIA','ALEXANDRIA','LA','SOUTHERN','LOUISIANA'),
('71315','WESTSIDE STATION','ALEXANDRIA','LA','SOUTHERN','LOUISIANA'),
('71316','MONTEREY','MONTEREY','LA','SOUTHERN','LOUISIANA'),
('71320','BORDELONVILLE','BORDELONVILLE','LA','SOUTHERN','LOUISIANA'),
('71322','BUNKIE','BUNKIE','LA','SOUTHERN','LOUISIANA'),
('71323','CENTER POINT','CENTER POINT','LA','SOUTHERN','LOUISIANA'),
('71324','CHASE','CHASE','LA','SOUTHERN','LOUISIANA'),
('71325','CHENEYVILLE','CHENEYVILLE','LA','SOUTHERN','LOUISIANA'),
('71326','CLAYTON','CLAYTON','LA','SOUTHERN','LOUISIANA'),
('71327','COTTONPORT','COTTONPORT','LA','SOUTHERN','LOUISIANA'),
('71328','DEVILLE','DEVILLE','LA','SOUTHERN','LOUISIANA'),
('71329','DUPONT','DUPONT','LA','SOUTHERN','LOUISIANA'),
('71330','ECHO','ECHO','LA','SOUTHERN','LOUISIANA'),
('71331','CENTER POINT','CENTER POINT','LA','SOUTHERN','LOUISIANA'),
('71331','EFFIE','EFFIE','LA','SOUTHERN','LOUISIANA'),
('71333','EVERGREEN','EVERGREEN','LA','SOUTHERN','LOUISIANA'),
('71334','FERRIDAY','FERRIDAY','LA','SOUTHERN','LOUISIANA'),
('71336','GILBERT','GILBERT','LA','SOUTHERN','LOUISIANA'),
('71339','HAMBURG','HAMBURG','LA','SOUTHERN','LOUISIANA'),
('71340','HARRISONBURG','HARRISONBURG','LA','SOUTHERN','LOUISIANA'),
('71341','HESSMER','HESSMER','LA','SOUTHERN','LOUISIANA');

INSERT INTO us_locations (zip_code, locale_name, city, state, area_name, district_name) VALUES
('71342','JENA','JENA','LA','SOUTHERN','LOUISIANA'),
('71343','JONESVILLE','JONESVILLE','LA','SOUTHERN','LOUISIANA'),
('71345','LEBEAU','LEBEAU','LA','SOUTHERN','LOUISIANA'),
('71346','LECOMPTE','LECOMPTE','LA','SOUTHERN','LOUISIANA'),
('71348','LIBUSE','LIBUSE','LA','SOUTHERN','LOUISIANA'),
('71350','MANSURA','MANSURA','LA','SOUTHERN','LOUISIANA'),
('71351','MARKSVILLE','MARKSVILLE','LA','SOUTHERN','LOUISIANA'),
('71353','MELVILLE','MELVILLE','LA','SOUTHERN','LOUISIANA'),
('71354','MONTEREY','MONTEREY','LA','SOUTHERN','LOUISIANA'),
('71355','MOREAUVILLE','MOREAUVILLE','LA','SOUTHERN','LOUISIANA'),
('71356','MORROW','MORROW','LA','SOUTHERN','LOUISIANA'),
('71357','NEWELLTON','NEWELLTON','LA','SOUTHERN','LOUISIANA'),
('71358','PALMETTO','PALMETTO','LA','SOUTHERN','LOUISIANA'),
('71360','PINEVILLE','PINEVILLE','LA','SOUTHERN','LOUISIANA'),
('71361','PINEVILLE','PINEVILLE','LA','SOUTHERN','LOUISIANA'),
('71362','PLAUCHEVILLE','PLAUCHEVILLE','LA','SOUTHERN','LOUISIANA'),
('71363','RHINEHART','RHINEHART','LA','SOUTHERN','LOUISIANA'),
('71366','SAINT JOSEPH','SAINT JOSEPH','LA','SOUTHERN','LOUISIANA'),
('71367','SAINT LANDRY','SAINT LANDRY','LA','SOUTHERN','LOUISIANA'),
('71368','SICILY ISLAND','SICILY ISLAND','LA','SOUTHERN','LOUISIANA'),
('71369','SIMMESPORT','SIMMESPORT','LA','SOUTHERN','LOUISIANA'),
('71371','TROUT','TROUT','LA','SOUTHERN','LOUISIANA'),
('71373','VIDALIA','VIDALIA','LA','SOUTHERN','LOUISIANA'),
('71375','WATERPROOF','WATERPROOF','LA','SOUTHERN','LOUISIANA'),
('71378','WISNER','WISNER','LA','SOUTHERN','LOUISIANA'),
('71401','OLLA','OLLA','LA','SOUTHERN','LOUISIANA'),
('71403','ANACOCO','ANACOCO','LA','SOUTHERN','LOUISIANA'),
('71404','ATLANTA','ATLANTA','LA','SOUTHERN','LOUISIANA'),
('71404','WINNFIELD','WINNFIELD','LA','SOUTHERN','LOUISIANA'),
('71405','BALL','BALL','LA','SOUTHERN','LOUISIANA'),
('71405','PINEVILLE','PINEVILLE','LA','SOUTHERN','LOUISIANA'),
('71406','BELMONT','BELMONT','LA','SOUTHERN','LOUISIANA'),
('71407','BENTLEY','BENTLEY','LA','SOUTHERN','LOUISIANA'),
('71409','BOYCE','BOYCE','LA','SOUTHERN','LOUISIANA'),
('71410','CALVIN','CALVIN','LA','SOUTHERN','LOUISIANA'),
('71411','CAMPTI','CAMPTI','LA','SOUTHERN','LOUISIANA'),
('71414','CLARENCE','CLARENCE','LA','SOUTHERN','LOUISIANA'),
('71415','CLARKS','CLARKS','LA','SOUTHERN','LOUISIANA'),
('71416','CLOUTIERVILLE','CLOUTIERVILLE','LA','SOUTHERN','LOUISIANA'),
('71417','COLFAX','COLFAX','LA','SOUTHERN','LOUISIANA'),
('71418','COLUMBIA','COLUMBIA','LA','SOUTHERN','LOUISIANA'),
('71419','CONVERSE','CONVERSE','LA','SOUTHERN','LOUISIANA'),
('71422','DODSON','DODSON','LA','SOUTHERN','LOUISIANA'),
('71423','BENTLEY','BENTLEY','LA','SOUTHERN','LOUISIANA'),
('71423','DRY PRONG','DRY PRONG','LA','SOUTHERN','LOUISIANA'),
('71424','ELMER','ELMER','LA','SOUTHERN','LOUISIANA'),
('71425','HARRISONBURG','HARRISONBURG','LA','SOUTHERN','LOUISIANA'),
('71426','FISHER','FISHER','LA','SOUTHERN','LOUISIANA'),
('71427','LENA','LENA','LA','SOUTHERN','LOUISIANA'),
('71428','FLORA','FLORA','LA','SOUTHERN','LOUISIANA');

INSERT INTO us_locations (zip_code, locale_name, city, state, area_name, district_name) VALUES
('71429','FLORIEN','FLORIEN','LA','SOUTHERN','LOUISIANA'),
('71430','FOREST HILL','FOREST HILL','LA','SOUTHERN','LOUISIANA'),
('71431','BOYCE','BOYCE','LA','SOUTHERN','LOUISIANA'),
('71432','GEORGETOWN','GEORGETOWN','LA','SOUTHERN','LOUISIANA'),
('71432','TULLOS','TULLOS','LA','SOUTHERN','LOUISIANA'),
('71433','GLENMORA','GLENMORA','LA','SOUTHERN','LOUISIANA'),
('71434','GORUM','GORUM','LA','SOUTHERN','LOUISIANA'),
('71435','GRAYSON','GRAYSON','LA','SOUTHERN','LOUISIANA'),
('71438','ELMER','ELMER','LA','SOUTHERN','LOUISIANA'),
('71438','HINESTON','HINESTON','LA','SOUTHERN','LOUISIANA'),
('71439','HORNBECK','HORNBECK','LA','SOUTHERN','LOUISIANA'),
('71440','JOYCE','JOYCE','LA','SOUTHERN','LOUISIANA'),
('71441','KELLY','KELLY','LA','SOUTHERN','LOUISIANA'),
('71441','OLLA','OLLA','LA','SOUTHERN','LOUISIANA'),
('71446','FORT POLK','FORT POLK','LA','SOUTHERN','LOUISIANA'),
('71446','LEESVILLE','LEESVILLE','LA','SOUTHERN','LOUISIANA'),
('71447','LENA','LENA','LA','SOUTHERN','LOUISIANA'),
('71448','LONGLEAF','LONGLEAF','LA','SOUTHERN','LOUISIANA'),
('71449','MANY','MANY','LA','SOUTHERN','LOUISIANA'),
('71450','MARTHAVILLE','MARTHAVILLE','LA','SOUTHERN','LOUISIANA'),
('71450','ROBELINE','ROBELINE','LA','SOUTHERN','LOUISIANA'),
('71452','NATCHEZ','NATCHEZ','LA','SOUTHERN','LOUISIANA'),
('71454','MONTGOMERY','MONTGOMERY','LA','SOUTHERN','LOUISIANA'),
('71455','LENA','LENA','LA','SOUTHERN','LOUISIANA'),
('71456','NATCHEZ','NATCHEZ','LA','SOUTHERN','LOUISIANA'),
('71457','EAST NATCHITOCHES','NATCHITOCHES','LA','SOUTHERN','LOUISIANA'),
('71457','NATCHITOCHES','NATCHITOCHES','LA','SOUTHERN','LOUISIANA'),
('71458','NATCHITOCHES','NATCHITOCHES','LA','SOUTHERN','LOUISIANA'),
('71459','FORT POLK','FORT POLK','LA','SOUTHERN','LOUISIANA'),
('71460','NEGREET','NEGREET','LA','SOUTHERN','LOUISIANA'),
('71461','NEW LLANO','NEW LLANO','LA','SOUTHERN','LOUISIANA'),
('71462','NOBLE','NOBLE','LA','SOUTHERN','LOUISIANA'),
('71463','OAKDALE','OAKDALE','LA','SOUTHERN','LOUISIANA'),
('71465','OLLA','OLLA','LA','SOUTHERN','LOUISIANA'),
('71466','OTIS','OTIS','LA','SOUTHERN','LOUISIANA'),
('71467','POLLOCK','POLLOCK','LA','SOUTHERN','LOUISIANA'),
('71468','PROVENCAL','PROVENCAL','LA','SOUTHERN','LOUISIANA'),
('71469','ROBELINE','ROBELINE','LA','SOUTHERN','LOUISIANA'),
('71471','CLARENCE','CLARENCE','LA','SOUTHERN','LOUISIANA'),
('71472','OTIS','OTIS','LA','SOUTHERN','LOUISIANA'),
('71473','SIKES','SIKES','LA','SOUTHERN','LOUISIANA'),
('71474','SIMPSON','SIMPSON','LA','SOUTHERN','LOUISIANA'),
('71475','SLAGLE','SLAGLE','LA','SOUTHERN','LOUISIANA'),
('71477','TIOGA','TIOGA','LA','SOUTHERN','LOUISIANA'),
('71479','TULLOS','TULLOS','LA','SOUTHERN','LOUISIANA'),
('71480','URANIA','URANIA','LA','SOUTHERN','LOUISIANA'),
('71483','WINNFIELD','WINNFIELD','LA','SOUTHERN','LOUISIANA'),
('71485','WOODWORTH','WOODWORTH','LA','SOUTHERN','LOUISIANA'),
('71486','ZWOLLE','ZWOLLE','LA','SOUTHERN','LOUISIANA'),
('71496','LEESVILLE','LEESVILLE','LA','SOUTHERN','LOUISIANA');

INSERT INTO us_locations (zip_code, locale_name, city, state, area_name, district_name) VALUES
('71601','PINE BLUFF','PINE BLUFF','AR','SOUTHERN','AR-OK'),
('71602','WHITE HALL','WHITE HALL','AR','SOUTHERN','AR-OK'),
('71603','PINE BLUFF','PINE BLUFF','AR','SOUTHERN','AR-OK'),
('71611','PINE BLUFF','PINE BLUFF','AR','SOUTHERN','AR-OK'),
('71612','WHITE HALL','WHITE HALL','AR','SOUTHERN','AR-OK'),
('71613','OAK PARK','PINE BLUFF','AR','SOUTHERN','AR-OK'),
('71630','ARKANSAS CITY','ARKANSAS CITY','AR','SOUTHERN','AR-OK'),
('71631','BANKS','BANKS','AR','SOUTHERN','AR-OK'),
('71635','CROSSETT','CROSSETT','AR','SOUTHERN','AR-OK'),
('71638','DERMOTT','DERMOTT','AR','SOUTHERN','AR-OK'),
('71639','DUMAS','DUMAS','AR','SOUTHERN','AR-OK'),
('71640','EUDORA','EUDORA','AR','SOUTHERN','AR-OK'),
('71642','FOUNTAIN HILL','FOUNTAIN HILL','AR','SOUTHERN','AR-OK'),
('71642','HAMBURG','HAMBURG','AR','SOUTHERN','AR-OK'),
('71643','GOULD','GOULD','AR','SOUTHERN','AR-OK'),
('71644','GRADY','GRADY','AR','SOUTHERN','AR-OK'),
('71646','HAMBURG','HAMBURG','AR','SOUTHERN','AR-OK'),
('71647','HERMITAGE','HERMITAGE','AR','SOUTHERN','AR-OK'),
('71651','BANKS','BANKS','AR','SOUTHERN','AR-OK'),
('71651','JERSEY','JERSEY','AR','SOUTHERN','AR-OK'),
('71652','KINGSLAND','KINGSLAND','AR','SOUTHERN','AR-OK'),
('71653','LAKE VILLAGE','LAKE VILLAGE','AR','SOUTHERN','AR-OK'),
('71654','MC GEHEE','MC GEHEE','AR','SOUTHERN','AR-OK'),
('71655','MONTICELLO','MONTICELLO','AR','SOUTHERN','AR-OK'),
('71656','UNIV OF ARK AT MONTICELLO','MONTICELLO','AR','SOUTHERN','AR-OK'),
('71657','MONTICELLO','MONTICELLO','AR','SOUTHERN','AR-OK'),
('71658','MONTROSE','MONTROSE','AR','SOUTHERN','AR-OK'),
('71658','PORTLAND','PORTLAND','AR','SOUTHERN','AR-OK'),
('71659','MOSCOW','MOSCOW','AR','SOUTHERN','AR-OK'),
('71660','NEW EDINBURG','NEW EDINBURG','AR','SOUTHERN','AR-OK'),
('71661','PARKDALE','PARKDALE','AR','SOUTHERN','AR-OK'),
('71661','WILMOT','WILMOT','AR','SOUTHERN','AR-OK'),
('71662','PICKENS','PICKENS','AR','SOUTHERN','AR-OK'),
('71663','PORTLAND','PORTLAND','AR','SOUTHERN','AR-OK'),
('71665','RISON','RISON','AR','SOUTHERN','AR-OK'),
('71666','ROHWER','TILLAR','AR','SOUTHERN','AR-OK'),
('71667','STAR CITY','STAR CITY','AR','SOUTHERN','AR-OK'),
('71670','TILLAR','TILLAR','AR','SOUTHERN','AR-OK'),
('71671','WARREN','WARREN','AR','SOUTHERN','AR-OK'),
('71674','WATSON','WATSON','AR','SOUTHERN','AR-OK'),
('71675','WILMAR','WILMAR','AR','SOUTHERN','AR-OK'),
('71676','WILMOT','WILMOT','AR','SOUTHERN','AR-OK'),
('71677','WINCHESTER','WINCHESTER','AR','SOUTHERN','AR-OK'),
('71678','YORKTOWN','YORKTOWN','AR','SOUTHERN','AR-OK'),
('71701','CAMDEN','CAMDEN','AR','SOUTHERN','AR-OK'),
('71711','CAMDEN','CAMDEN','AR','SOUTHERN','AR-OK'),
('71711','EAST CAMDEN','CAMDEN','AR','SOUTHERN','AR-OK'),
('71720','BEARDEN','BEARDEN','AR','SOUTHERN','AR-OK'),
('71721','BEIRNE','BEIRNE','AR','SOUTHERN','AR-OK'),
('71722','BLUFF CITY','BLUFF CITY','AR','SOUTHERN','AR-OK');

INSERT INTO us_locations (zip_code, locale_name, city, state, area_name, district_name) VALUES
('71724','CALION','CALION','AR','SOUTHERN','AR-OK'),
('71725','CARTHAGE','CARTHAGE','AR','SOUTHERN','AR-OK'),
('71726','CHIDESTER','CHIDESTER','AR','SOUTHERN','AR-OK'),
('71728','CURTIS','CURTIS','AR','SOUTHERN','AR-OK'),
('71730','EL DORADO','EL DORADO','AR','SOUTHERN','AR-OK'),
('71731','DOWNTOWN EL DORADO','EL DORADO','AR','SOUTHERN','AR-OK'),
('71740','EMERSON','EMERSON','AR','SOUTHERN','AR-OK'),
('71742','FORDYCE','FORDYCE','AR','SOUTHERN','AR-OK'),
('71743','GURDON','GURDON','AR','SOUTHERN','AR-OK'),
('71744','HAMPTON','HAMPTON','AR','SOUTHERN','AR-OK'),
('71745','HARRELL','HARRELL','AR','SOUTHERN','AR-OK'),
('71747','HUTTIG','HUTTIG','AR','SOUTHERN','AR-OK'),
('71747','STRONG','STRONG','AR','SOUTHERN','AR-OK'),
('71748','IVAN','IVAN','AR','SOUTHERN','AR-OK'),
('71749','JUNCTION CITY','JUNCTION CITY','AR','SOUTHERN','AR-OK'),
('71750','LAWSON','LAWSON','AR','SOUTHERN','AR-OK'),
('71751','LOUANN','LOUANN','AR','SOUTHERN','AR-OK'),
('71752','MC NEIL','MC NEIL','AR','SOUTHERN','AR-OK'),
('71752','STEPHENS','STEPHENS','AR','SOUTHERN','AR-OK'),
('71753','MAGNOLIA','MAGNOLIA','AR','SOUTHERN','AR-OK'),
('71754','MAGNOLIA','MAGNOLIA','AR','SOUTHERN','AR-OK'),
('71758','MOUNT HOLLY','MOUNT HOLLY','AR','SOUTHERN','AR-OK'),
('71758','STEPHENS','STEPHENS','AR','SOUTHERN','AR-OK'),
('71759','NORPHLET','NORPHLET','AR','SOUTHERN','AR-OK'),
('71762','SMACKOVER','SMACKOVER','AR','SOUTHERN','AR-OK'),
('71763','SPARKMAN','SPARKMAN','AR','SOUTHERN','AR-OK'),
('71764','STEPHENS','STEPHENS','AR','SOUTHERN','AR-OK'),
('71765','STRONG','STRONG','AR','SOUTHERN','AR-OK'),
('71766','BEARDEN','BEARDEN','AR','SOUTHERN','AR-OK'),
('71766','THORNTON','THORNTON','AR','SOUTHERN','AR-OK'),
('71770','WALDO','WALDO','AR','SOUTHERN','AR-OK'),
('71772','WHELEN SPRINGS','WHELEN SPRINGS','AR','SOUTHERN','AR-OK'),
('71801','HOPE','HOPE','AR','SOUTHERN','AR-OK'),
('71802','HOPE','HOPE','AR','SOUTHERN','AR-OK'),
('71802','PERRYTOWN NPU','HOPE','AR','SOUTHERN','AR-OK'),
('71820','ALLEENE','ALLEENE','AR','SOUTHERN','AR-OK'),
('71822','ASHDOWN','ASHDOWN','AR','SOUTHERN','AR-OK'),
('71823','BEN LOMOND','BEN LOMOND','AR','SOUTHERN','AR-OK'),
('71825','BLEVINS','BLEVINS','AR','SOUTHERN','AR-OK'),
('71826','BRADLEY','BRADLEY','AR','SOUTHERN','AR-OK'),
('71827','BUCKNER','BUCKNER','AR','SOUTHERN','AR-OK'),
('71828','CALE','CALE','AR','SOUTHERN','AR-OK'),
('71831','COLUMBUS','COLUMBUS','AR','SOUTHERN','AR-OK'),
('71831','WASHINGTON','WASHINGTON','AR','SOUTHERN','AR-OK'),
('71832','DE QUEEN','DE QUEEN','AR','SOUTHERN','AR-OK'),
('71833','DIERKS','DIERKS','AR','SOUTHERN','AR-OK'),
('71834','DODDRIDGE','DODDRIDGE','AR','SOUTHERN','AR-OK'),
('71835','EMMET','EMMET','AR','SOUTHERN','AR-OK'),
('71836','FOREMAN','FOREMAN','AR','SOUTHERN','AR-OK'),
('71837','FOUKE','FOUKE','AR','SOUTHERN','AR-OK');

INSERT INTO us_locations (zip_code, locale_name, city, state, area_name, district_name) VALUES
('71838','FULTON','FULTON','AR','SOUTHERN','AR-OK'),
('71839','GARLAND CITY','GARLAND CITY','AR','SOUTHERN','AR-OK'),
('71840','GENOA','GENOA','AR','SOUTHERN','AR-OK'),
('71841','GILLHAM','GILLHAM','AR','SOUTHERN','AR-OK'),
('71842','HORATIO','HORATIO','AR','SOUTHERN','AR-OK'),
('71845','LEWISVILLE','LEWISVILLE','AR','SOUTHERN','AR-OK'),
('71846','LOCKESBURG','LOCKESBURG','AR','SOUTHERN','AR-OK'),
('71847','BLEVINS','BLEVINS','AR','SOUTHERN','AR-OK'),
('71847','MC CASKILL','MC CASKILL','AR','SOUTHERN','AR-OK'),
('71851','MINERAL SPRINGS','MINERAL SPRINGS','AR','SOUTHERN','AR-OK'),
('71852','NASHVILLE','NASHVILLE','AR','SOUTHERN','AR-OK'),
('71853','ASHDOWN','ASHDOWN','AR','SOUTHERN','AR-OK'),
('71853','OGDEN','OGDEN','AR','SOUTHERN','AR-OK'),
('71854','TEXARKANA TX SDC','TEXARKANA','TX','SOUTHERN','TEXAS 1'),
('71855','NASHVILLE','NASHVILLE','AR','SOUTHERN','AR-OK'),
('71855','OZAN','OZAN','AR','SOUTHERN','AR-OK'),
('71857','PRESCOTT','PRESCOTT','AR','SOUTHERN','AR-OK'),
('71858','ROSSTON','ROSSTON','AR','SOUTHERN','AR-OK'),
('71859','SARATOGA','SARATOGA','AR','SOUTHERN','AR-OK'),
('71859','WASHINGTON','WASHINGTON','AR','SOUTHERN','AR-OK'),
('71860','STAMPS','STAMPS','AR','SOUTHERN','AR-OK'),
('71861','TAYLOR','TAYLOR','AR','SOUTHERN','AR-OK'),
('71862','WASHINGTON','WASHINGTON','AR','SOUTHERN','AR-OK'),
('71864','WILLISVILLE','WILLISVILLE','AR','SOUTHERN','AR-OK'),
('71865','WILTON','WILTON','AR','SOUTHERN','AR-OK'),
('71866','WINTHROP','WINTHROP','AR','SOUTHERN','AR-OK'),
('71901','HOT SPRINGS NATIONAL PARK','HOT SPRINGS NATIONAL PARK','AR','SOUTHERN','AR-OK'),
('71902','HOT SPRINGS PARK','HOT SPRINGS NATIONAL PARK','AR','SOUTHERN','AR-OK'),
('71903','HOT SPRINGS NATIONAL PARK','HOT SPRINGS NATIONAL PARK','AR','SOUTHERN','AR-OK'),
('71909','HOT SPRINGS VILLAGE','HOT SPRINGS VILLAGE','AR','SOUTHERN','AR-OK'),
('71910','HOT SPRINGS VILLAGE','HOT SPRINGS VILLAGE','AR','SOUTHERN','AR-OK'),
('71913','HOT SPRINGS ALBERT PIKE STA','HOT SPRINGS NATIONAL PARK','AR','SOUTHERN','AR-OK'),
('71914','HOT SPRINGS ALBERT PIKE STA','HOT SPRINGS NATIONAL PARK','AR','SOUTHERN','AR-OK'),
('71921','AMITY','AMITY','AR','SOUTHERN','AR-OK'),
('71922','ANTOINE','ANTOINE','AR','SOUTHERN','AR-OK'),
('71923','ARKADELPHIA','ARKADELPHIA','AR','SOUTHERN','AR-OK'),
('71929','BISMARCK','BISMARCK','AR','SOUTHERN','AR-OK'),
('71932','BOARD CAMP','BOARD CAMP','AR','SOUTHERN','AR-OK'),
('71933','BONNERDALE','BONNERDALE','AR','SOUTHERN','AR-OK'),
('71935','CADDO GAP','CADDO GAP','AR','SOUTHERN','AR-OK'),
('71937','COVE','COVE','AR','SOUTHERN','AR-OK'),
('71940','DELIGHT','DELIGHT','AR','SOUTHERN','AR-OK'),
('71941','DONALDSON','DONALDSON','AR','SOUTHERN','AR-OK'),
('71942','FRIENDSHIP','FRIENDSHIP','AR','SOUTHERN','AR-OK'),
('71943','GLENWOOD','GLENWOOD','AR','SOUTHERN','AR-OK'),
('71944','GRANNIS','GRANNIS','AR','SOUTHERN','AR-OK'),
('71944','WICKES','WICKES','AR','SOUTHERN','AR-OK'),
('71945','HATFIELD','HATFIELD','AR','SOUTHERN','AR-OK'),
('71949','JESSIEVILLE','JESSIEVILLE','AR','SOUTHERN','AR-OK'),
('71950','KIRBY','KIRBY','AR','SOUTHERN','AR-OK');

INSERT INTO us_locations (zip_code, locale_name, city, state, area_name, district_name) VALUES
('71952','LANGLEY','LANGLEY','AR','SOUTHERN','AR-OK'),
('71953','MENA','MENA','AR','SOUTHERN','AR-OK'),
('71956','MOUNTAIN PINE','MOUNTAIN PINE','AR','SOUTHERN','AR-OK'),
('71957','MOUNT IDA','MOUNT IDA','AR','SOUTHERN','AR-OK'),
('71958','MURFREESBORO','MURFREESBORO','AR','SOUTHERN','AR-OK'),
('71959','NEWHOPE','NEWHOPE','AR','SOUTHERN','AR-OK'),
('71960','NORMAN','NORMAN','AR','SOUTHERN','AR-OK'),
('71961','ODEN','ODEN','AR','SOUTHERN','AR-OK'),
('71962','OKOLONA','OKOLONA','AR','SOUTHERN','AR-OK'),
('71964','PEARCY','PEARCY','AR','SOUTHERN','AR-OK'),
('71965','PENCIL BLUFF','PENCIL BLUFF','AR','SOUTHERN','AR-OK'),
('71968','ROYAL','ROYAL','AR','SOUTHERN','AR-OK'),
('71969','MOUNT IDA','MOUNT IDA','AR','SOUTHERN','AR-OK'),
('71969','SIMS','SIMS','AR','SOUTHERN','AR-OK'),
('71970','STORY','STORY','AR','SOUTHERN','AR-OK'),
('71971','UMPIRE','UMPIRE','AR','SOUTHERN','AR-OK'),
('71972','COVE','COVE','AR','SOUTHERN','AR-OK'),
('71972','VANDERVOORT','VANDERVOORT','AR','SOUTHERN','AR-OK'),
('71973','WICKES','WICKES','AR','SOUTHERN','AR-OK'),
('72001','ADONA','ADONA','AR','SOUTHERN','AR-OK'),
('72001','CASA','CASA','AR','SOUTHERN','AR-OK'),
('72002','ALEXANDER','ALEXANDER','AR','SOUTHERN','AR-OK'),
('72003','ALMYRA','ALMYRA','AR','SOUTHERN','AR-OK'),
('72004','ALTHEIMER','ALTHEIMER','AR','SOUTHERN','AR-OK'),
('72005','AMAGON','AMAGON','AR','SOUTHERN','AR-OK'),
('72006','AUGUSTA','AUGUSTA','AR','SOUTHERN','AR-OK'),
('72007','AUSTIN','AUSTIN','AR','SOUTHERN','AR-OK'),
('72007','WARD','WARD','AR','SOUTHERN','AR-OK'),
('72010','BALD KNOB','BALD KNOB','AR','SOUTHERN','AR-OK'),
('72011','BAUXITE','BAUXITE','AR','SOUTHERN','AR-OK'),
('72012','BEEBE','BEEBE','AR','SOUTHERN','AR-OK'),
('72013','BEE BRANCH','BEE BRANCH','AR','SOUTHERN','AR-OK'),
('72014','BEEDEVILLE','BEEDEVILLE','AR','SOUTHERN','AR-OK'),
('72015','BENTON','BENTON','AR','SOUTHERN','AR-OK'),
('72016','CONWAY','CONWAY','AR','SOUTHERN','AR-OK'),
('72016','VPO BIGELOW','BIGELOW','AR','SOUTHERN','AR-OK'),
('72017','BISCOE','BISCOE','AR','SOUTHERN','AR-OK'),
('72018','BENTON','BENTON','AR','SOUTHERN','AR-OK'),
('72019','BENTON','BENTON','AR','SOUTHERN','AR-OK'),
('72020','BRADFORD','BRADFORD','AR','SOUTHERN','AR-OK'),
('72021','BRINKLEY','BRINKLEY','AR','SOUTHERN','AR-OK'),
('72022','BENTON','BENTON','AR','SOUTHERN','AR-OK'),
('72023','CABOT','CABOT','AR','SOUTHERN','AR-OK'),
('72023','CABOT AR BANK DBU','CABOT','AR','SOUTHERN','AR-OK'),
('72024','CARLISLE','CARLISLE','AR','SOUTHERN','AR-OK'),
('72025','CASA','CASA','AR','SOUTHERN','AR-OK'),
('72026','CASSCOE','CASSCOE','AR','SOUTHERN','AR-OK'),
('72027','CENTER RIDGE','CENTER RIDGE','AR','SOUTHERN','AR-OK'),
('72028','CHOCTAW','CHOCTAW','AR','SOUTHERN','AR-OK'),
('72029','CLARENDON','CLARENDON','AR','SOUTHERN','AR-OK');

INSERT INTO us_locations (zip_code, locale_name, city, state, area_name, district_name) VALUES
('72030','CLEVELAND','CLEVELAND','AR','SOUTHERN','AR-OK'),
('72031','CLINTON','CLINTON','AR','SOUTHERN','AR-OK'),
('72032','CONWAY','CONWAY','AR','SOUTHERN','AR-OK'),
('72033','DOWNTOWN CONWAY','CONWAY','AR','SOUTHERN','AR-OK'),
('72034','CONWAY','CONWAY','AR','SOUTHERN','AR-OK'),
('72036','COTTON PLANT','COTTON PLANT','AR','SOUTHERN','AR-OK'),
('72037','COY','COY','AR','SOUTHERN','AR-OK'),
('72038','CROCKETTS BLUFF','CROCKETTS BLUFF','AR','SOUTHERN','AR-OK'),
('72038','ROE','ROE','AR','SOUTHERN','AR-OK'),
('72039','DAMASCUS','DAMASCUS','AR','SOUTHERN','AR-OK'),
('72040','DES ARC','DES ARC','AR','SOUTHERN','AR-OK'),
('72041','DE VALLS BLUFF','DE VALLS BLUFF','AR','SOUTHERN','AR-OK'),
('72042','DE WITT','DE WITT','AR','SOUTHERN','AR-OK'),
('72043','DIAZ','DIAZ','AR','SOUTHERN','AR-OK'),
('72044','EDGEMONT','EDGEMONT','AR','SOUTHERN','AR-OK'),
('72045','EL PASO','EL PASO','AR','SOUTHERN','AR-OK'),
('72046','ENGLAND','ENGLAND','AR','SOUTHERN','AR-OK'),
('72047','ENOLA','ENOLA','AR','SOUTHERN','AR-OK'),
('72048','DE WITT','DE WITT','AR','SOUTHERN','AR-OK'),
('72048','ETHEL','ETHEL','AR','SOUTHERN','AR-OK'),
('72051','FOX','FOX','AR','SOUTHERN','AR-OK'),
('72051','SHIRLEY','SHIRLEY','AR','SOUTHERN','AR-OK'),
('72052','GARNER','GARNER','AR','SOUTHERN','AR-OK'),
('72053','COLLEGE STATION','COLLEGE STATION','AR','SOUTHERN','AR-OK'),
('72055','GILLETT','GILLETT','AR','SOUTHERN','AR-OK'),
('72057','GRAPEVINE','GRAPEVINE','AR','SOUTHERN','AR-OK'),
('72058','GREENBRIER','GREENBRIER','AR','SOUTHERN','AR-OK'),
('72059','GREGORY','GREGORY','AR','SOUTHERN','AR-OK'),
('72060','GRIFFITHVILLE','GRIFFITHVILLE','AR','SOUTHERN','AR-OK'),
('72061','GUY','GUY','AR','SOUTHERN','AR-OK'),
('72063','HATTIEVILLE','HATTIEVILLE','AR','SOUTHERN','AR-OK'),
('72064','HAZEN','HAZEN','AR','SOUTHERN','AR-OK'),
('72065','HENSLEY','HENSLEY','AR','SOUTHERN','AR-OK'),
('72066','HICKORY PLAINS','HICKORY PLAINS','AR','SOUTHERN','AR-OK'),
('72067','HIGDEN','HIGDEN','AR','SOUTHERN','AR-OK'),
('72068','HIGGINSON','HIGGINSON','AR','SOUTHERN','AR-OK'),
('72069','HOLLY GROVE','HOLLY GROVE','AR','SOUTHERN','AR-OK'),
('72070','HOUSTON','HOUSTON','AR','SOUTHERN','AR-OK'),
('72072','HUMNOKE','HUMNOKE','AR','SOUTHERN','AR-OK'),
('72073','HUMPHREY','HUMPHREY','AR','SOUTHERN','AR-OK'),
('72074','HUNTER','HUNTER','AR','SOUTHERN','AR-OK'),
('72075','JACKSONPORT','JACKSONPORT','AR','SOUTHERN','AR-OK'),
('72076','JACKSONVILLE','JACKSONVILLE','AR','SOUTHERN','AR-OK'),
('72078','GRAVEL RIDGE','JACKSONVILLE','AR','SOUTHERN','AR-OK'),
('72078','JACKSONVILLE','JACKSONVILLE','AR','SOUTHERN','AR-OK'),
('72078','LITTLE ROCK AIR FORCE BASE','JACKSONVILLE','AR','SOUTHERN','AR-OK'),
('72079','JEFFERSON','JEFFERSON','AR','SOUTHERN','AR-OK'),
('72080','JERUSALEM','JERUSALEM','AR','SOUTHERN','AR-OK'),
('72081','JUDSONIA','JUDSONIA','AR','SOUTHERN','AR-OK'),
('72082','KENSETT','KENSETT','AR','SOUTHERN','AR-OK');

INSERT INTO us_locations (zip_code, locale_name, city, state, area_name, district_name) VALUES
('72082','SEARCY CARRIER ANNEX','SEARCY','AR','SOUTHERN','AR-OK'),
('72083','KEO','KEO','AR','SOUTHERN','AR-OK'),
('72084','LEOLA','LEOLA','AR','SOUTHERN','AR-OK'),
('72085','LETONA','LETONA','AR','SOUTHERN','AR-OK'),
('72086','LONOKE','LONOKE','AR','SOUTHERN','AR-OK'),
('72087','LONSDALE','LONSDALE','AR','SOUTHERN','AR-OK'),
('72088','CPU FAIRFIELD BAY','FAIRFIELD BAY','AR','SOUTHERN','AR-OK'),
('72088','SHIRLEY','SHIRLEY','AR','SOUTHERN','AR-OK'),
('72089','BRYANT','BRYANT','AR','SOUTHERN','AR-OK'),
('72101','MC CRORY','MC CRORY','AR','SOUTHERN','AR-OK'),
('72102','MC RAE','MC RAE','AR','SOUTHERN','AR-OK'),
('72103','MABELVALE','MABELVALE','AR','SOUTHERN','AR-OK'),
('72104','MALVERN','MALVERN','AR','SOUTHERN','AR-OK'),
('72106','MAYFLOWER','MAYFLOWER','AR','SOUTHERN','AR-OK'),
('72107','MENIFEE','MENIFEE','AR','SOUTHERN','AR-OK'),
('72108','MONROE','MONROE','AR','SOUTHERN','AR-OK'),
('72110','MORRILTON','MORRILTON','AR','SOUTHERN','AR-OK'),
('72111','MOUNT VERNON','MOUNT VERNON','AR','SOUTHERN','AR-OK'),
('72112','NEWPORT','NEWPORT','AR','SOUTHERN','AR-OK'),
('72113','MAUMELLE','MAUMELLE','AR','SOUTHERN','AR-OK'),
('72114','NORTH LITTLE ROCK','NORTH LITTLE ROCK','AR','SOUTHERN','AR-OK'),
('72115','NORTH LITTLE ROCK','NORTH LITTLE ROCK','AR','SOUTHERN','AR-OK'),
('72116','PARKHILL','NORTH LITTLE ROCK','AR','SOUTHERN','AR-OK'),
('72117','ROSE CITY','NORTH LITTLE ROCK','AR','SOUTHERN','AR-OK'),
('72118','NORTH LITTLE ROCK','NORTH LITTLE ROCK','AR','SOUTHERN','AR-OK'),
('72119','NORTH LITTLE ROCK','NORTH LITTLE ROCK','AR','SOUTHERN','AR-OK'),
('72120','SHERWOOD','SHERWOOD','AR','SOUTHERN','AR-OK'),
('72121','PANGBURN','PANGBURN','AR','SOUTHERN','AR-OK'),
('72122','PARON','PARON','AR','SOUTHERN','AR-OK'),
('72123','PATTERSON','PATTERSON','AR','SOUTHERN','AR-OK'),
('72124','SHERWOOD','SHERWOOD','AR','SOUTHERN','AR-OK'),
('72125','PERRY','PERRY','AR','SOUTHERN','AR-OK'),
('72126','PERRYVILLE','PERRYVILLE','AR','SOUTHERN','AR-OK'),
('72127','PLUMERVILLE','PLUMERVILLE','AR','SOUTHERN','AR-OK'),
('72128','POYEN','POYEN','AR','SOUTHERN','AR-OK'),
('72129','PRATTSVILLE','PRATTSVILLE','AR','SOUTHERN','AR-OK'),
('72130','HIGDEN','HIGDEN','AR','SOUTHERN','AR-OK'),
('72130','PRIM','PRIM','AR','SOUTHERN','AR-OK'),
('72131','QUITMAN','QUITMAN','AR','SOUTHERN','AR-OK'),
('72132','REDFIELD','REDFIELD','AR','SOUTHERN','AR-OK'),
('72133','REYDELL','REYDELL','AR','SOUTHERN','AR-OK'),
('72134','ROE','ROE','AR','SOUTHERN','AR-OK'),
('72135','ROLAND','ROLAND','AR','SOUTHERN','AR-OK'),
('72136','ROMANCE','ROMANCE','AR','SOUTHERN','AR-OK'),
('72137','ROSE BUD','ROSE BUD','AR','SOUTHERN','AR-OK'),
('72139','RUSSELL','RUSSELL','AR','SOUTHERN','AR-OK'),
('72140','DE WITT','DE WITT','AR','SOUTHERN','AR-OK'),
('72140','SAINT CHARLES','SAINT CHARLES','AR','SOUTHERN','AR-OK'),
('72141','CLEVELAND','CLEVELAND','AR','SOUTHERN','AR-OK'),
('72141','SCOTLAND','SCOTLAND','AR','SOUTHERN','AR-OK');

