INSERT INTO us_locations (zip_code, locale_name, city, state, area_name, district_name) VALUES
('27923','COINJOCK','COINJOCK','NC','ATLANTIC','NORTH CAROLINA'),
('27924','COLERAIN','COLERAIN','NC','ATLANTIC','NORTH CAROLINA'),
('27925','COLUMBIA','COLUMBIA','NC','ATLANTIC','NORTH CAROLINA'),
('27926','CORAPEAKE','CORAPEAKE','NC','ATLANTIC','NORTH CAROLINA'),
('27927','COROLLA','COROLLA','NC','ATLANTIC','NORTH CAROLINA'),
('27928','CRESWELL','CRESWELL','NC','ATLANTIC','NORTH CAROLINA'),
('27929','BARCO','BARCO','NC','ATLANTIC','NORTH CAROLINA'),
('27929','MOYOCK','MOYOCK','NC','ATLANTIC','NORTH CAROLINA'),
('27932','EDENTON','EDENTON','NC','ATLANTIC','NORTH CAROLINA'),
('27935','EURE','EURE','NC','ATLANTIC','NORTH CAROLINA'),
('27936','FRISCO','FRISCO','NC','ATLANTIC','NORTH CAROLINA'),
('27937','GATES','GATES','NC','ATLANTIC','NORTH CAROLINA'),
('27938','GATESVILLE','GATESVILLE','NC','ATLANTIC','NORTH CAROLINA'),
('27939','GRANDY','GRANDY','NC','ATLANTIC','NORTH CAROLINA'),
('27941','HARBINGER','HARBINGER','NC','ATLANTIC','NORTH CAROLINA'),
('27941','KITTY HAWK','KITTY HAWK','NC','ATLANTIC','NORTH CAROLINA'),
('27942','HARRELLSVILLE','HARRELLSVILLE','NC','ATLANTIC','NORTH CAROLINA'),
('27943','HATTERAS','HATTERAS','NC','ATLANTIC','NORTH CAROLINA'),
('27944','HERTFORD','HERTFORD','NC','ATLANTIC','NORTH CAROLINA'),
('27946','HERTFORD','HERTFORD','NC','ATLANTIC','NORTH CAROLINA'),
('27946','HOBBSVILLE','HOBBSVILLE','NC','ATLANTIC','NORTH CAROLINA'),
('27947','JARVISBURG','JARVISBURG','NC','ATLANTIC','NORTH CAROLINA'),
('27948','KILL DEVIL HILLS','KILL DEVIL HILLS','NC','ATLANTIC','NORTH CAROLINA'),
('27948','KITTY HAWK','KITTY HAWK','NC','ATLANTIC','NORTH CAROLINA'),
('27949','CPU DUCK','KITTY HAWK','NC','ATLANTIC','NORTH CAROLINA'),
('27949','KITTY HAWK','KITTY HAWK','NC','ATLANTIC','NORTH CAROLINA'),
('27950','KNOTTS ISLAND','KNOTTS ISLAND','NC','ATLANTIC','NORTH CAROLINA'),
('27953','MANNS HARBOR','MANNS HARBOR','NC','ATLANTIC','NORTH CAROLINA'),
('27953','MANTEO','MANTEO','NC','ATLANTIC','NORTH CAROLINA'),
('27954','MANTEO','MANTEO','NC','ATLANTIC','NORTH CAROLINA'),
('27956','MAPLE','MAPLE','NC','ATLANTIC','NORTH CAROLINA'),
('27957','MERRY HILL','MERRY HILL','NC','ATLANTIC','NORTH CAROLINA'),
('27958','MOYOCK','MOYOCK','NC','ATLANTIC','NORTH CAROLINA'),
('27959','NAGS HEAD','NAGS HEAD','NC','ATLANTIC','NORTH CAROLINA'),
('27960','OCRACOKE','OCRACOKE','NC','ATLANTIC','NORTH CAROLINA'),
('27962','PLYMOUTH','PLYMOUTH','NC','ATLANTIC','NORTH CAROLINA'),
('27964','KITTY HAWK','KITTY HAWK','NC','ATLANTIC','NORTH CAROLINA'),
('27964','POINT HARBOR','POINT HARBOR','NC','ATLANTIC','NORTH CAROLINA'),
('27965','GRANDY','GRANDY','NC','ATLANTIC','NORTH CAROLINA'),
('27965','POPLAR BRANCH','POPLAR BRANCH','NC','ATLANTIC','NORTH CAROLINA'),
('27966','GRANDY','GRANDY','NC','ATLANTIC','NORTH CAROLINA'),
('27966','POWELLS POINT','POWELLS POINT','NC','ATLANTIC','NORTH CAROLINA'),
('27967','POWELLSVILLE','POWELLSVILLE','NC','ATLANTIC','NORTH CAROLINA'),
('27968','RODANTHE','RODANTHE','NC','ATLANTIC','NORTH CAROLINA'),
('27969','RODUCO','RODUCO','NC','ATLANTIC','NORTH CAROLINA'),
('27970','CRESWELL','CRESWELL','NC','ATLANTIC','NORTH CAROLINA'),
('27970','ROPER','ROPER','NC','ATLANTIC','NORTH CAROLINA'),
('27972','RODANTHE','RODANTHE','NC','ATLANTIC','NORTH CAROLINA'),
('27973','CAMDEN','CAMDEN','NC','ATLANTIC','NORTH CAROLINA'),
('27973','SHAWBORO','SHAWBORO','NC','ATLANTIC','NORTH CAROLINA');

INSERT INTO us_locations (zip_code, locale_name, city, state, area_name, district_name) VALUES
('27974','CAMDEN','CAMDEN','NC','ATLANTIC','NORTH CAROLINA'),
('27974','SHILOH','SHILOH','NC','ATLANTIC','NORTH CAROLINA'),
('27976','SOUTH MILLS','SOUTH MILLS','NC','ATLANTIC','NORTH CAROLINA'),
('27978','MANNS HARBOR','MANNS HARBOR','NC','ATLANTIC','NORTH CAROLINA'),
('27979','SUNBURY','SUNBURY','NC','ATLANTIC','NORTH CAROLINA'),
('27980','HERTFORD','HERTFORD','NC','ATLANTIC','NORTH CAROLINA'),
('27980','TYNER','TYNER','NC','ATLANTIC','NORTH CAROLINA'),
('27981','WANCHESE','WANCHESE','NC','ATLANTIC','NORTH CAROLINA'),
('27982','RODANTHE','RODANTHE','NC','ATLANTIC','NORTH CAROLINA'),
('27983','WINDSOR','WINDSOR','NC','ATLANTIC','NORTH CAROLINA'),
('27985','WINFALL','WINFALL','NC','ATLANTIC','NORTH CAROLINA'),
('27986','WINTON','WINTON','NC','ATLANTIC','NORTH CAROLINA'),
('28001','ALBEMARLE','ALBEMARLE','NC','ATLANTIC','NORTH CAROLINA'),
('28002','ALBEMARLE','ALBEMARLE','NC','ATLANTIC','NORTH CAROLINA'),
('28006','ALEXIS','ALEXIS','NC','ATLANTIC','NORTH CAROLINA'),
('28006','IRON STATION','IRON STATION','NC','ATLANTIC','NORTH CAROLINA'),
('28007','ANSONVILLE','ANSONVILLE','NC','ATLANTIC','NORTH CAROLINA'),
('28009','BADIN','BADIN','NC','ATLANTIC','NORTH CAROLINA'),
('28010','MOORESVILLE','MOORESVILLE','NC','ATLANTIC','NORTH CAROLINA'),
('28012','BELMONT','BELMONT','NC','ATLANTIC','NORTH CAROLINA'),
('28016','BESSEMER CITY','BESSEMER CITY','NC','ATLANTIC','NORTH CAROLINA'),
('28017','BOILING SPRINGS','BOILING SPRINGS','NC','ATLANTIC','NORTH CAROLINA'),
('28018','BOSTIC','BOSTIC','NC','ATLANTIC','NORTH CAROLINA'),
('28018','FOREST CITY','FOREST CITY','NC','ATLANTIC','NORTH CAROLINA'),
('28019','CAROLEEN','CAROLEEN','NC','ATLANTIC','NORTH CAROLINA'),
('28020','CASAR','CASAR','NC','ATLANTIC','NORTH CAROLINA'),
('28020','SHELBY','SHELBY','NC','ATLANTIC','NORTH CAROLINA'),
('28021','CHERRYVILLE','CHERRYVILLE','NC','ATLANTIC','NORTH CAROLINA'),
('28023','CHINA GROVE','CHINA GROVE','NC','ATLANTIC','NORTH CAROLINA'),
('28024','CLIFFSIDE','CLIFFSIDE','NC','ATLANTIC','NORTH CAROLINA'),
('28025','CONCORD','CONCORD','NC','ATLANTIC','NORTH CAROLINA'),
('28026','CONCORD','CONCORD','NC','ATLANTIC','NORTH CAROLINA'),
('28027','CONCORD PKWY','CONCORD','NC','ATLANTIC','NORTH CAROLINA'),
('28031','CORNELIUS','CORNELIUS','NC','ATLANTIC','NORTH CAROLINA'),
('28032','BELMONT','BELMONT','NC','ATLANTIC','NORTH CAROLINA'),
('28032','CRAMERTON','CRAMERTON','NC','ATLANTIC','NORTH CAROLINA'),
('28033','CROUSE','CROUSE','NC','ATLANTIC','NORTH CAROLINA'),
('28033','LINCOLNTON','LINCOLNTON','NC','ATLANTIC','NORTH CAROLINA'),
('28034','DALLAS','DALLAS','NC','ATLANTIC','NORTH CAROLINA'),
('28036','DAVIDSON','DAVIDSON','NC','ATLANTIC','NORTH CAROLINA'),
('28037','DENVER','DENVER','NC','ATLANTIC','NORTH CAROLINA'),
('28038','EARL','EARL','NC','ATLANTIC','NORTH CAROLINA'),
('28039','EAST SPENCER','EAST SPENCER','NC','ATLANTIC','NORTH CAROLINA'),
('28040','ELLENBORO','ELLENBORO','NC','ATLANTIC','NORTH CAROLINA'),
('28041','FAITH','FAITH','NC','ATLANTIC','NORTH CAROLINA'),
('28042','FALLSTON','FALLSTON','NC','ATLANTIC','NORTH CAROLINA'),
('28043','FOREST CITY','FOREST CITY','NC','ATLANTIC','NORTH CAROLINA'),
('28052','GASTONIA','GASTONIA','NC','ATLANTIC','NORTH CAROLINA'),
('28052','NEW HOPE','GASTONIA','NC','ATLANTIC','NORTH CAROLINA'),
('28053','GASTONIA','GASTONIA','NC','ATLANTIC','NORTH CAROLINA');

INSERT INTO us_locations (zip_code, locale_name, city, state, area_name, district_name) VALUES
('28054','CPU EASTRIDGE','GASTONIA','NC','ATLANTIC','NORTH CAROLINA'),
('28054','NEW HOPE','GASTONIA','NC','ATLANTIC','NORTH CAROLINA'),
('28055','NEW HOPE','GASTONIA','NC','ATLANTIC','NORTH CAROLINA'),
('28056','NEW HOPE','GASTONIA','NC','ATLANTIC','NORTH CAROLINA'),
('28070','HUNTERSVILLE','HUNTERSVILLE','NC','ATLANTIC','NORTH CAROLINA'),
('28071','GOLD HILL','GOLD HILL','NC','ATLANTIC','NORTH CAROLINA'),
('28071','ROCKWELL','ROCKWELL','NC','ATLANTIC','NORTH CAROLINA'),
('28072','GRANITE QUARRY','GRANITE QUARRY','NC','ATLANTIC','NORTH CAROLINA'),
('28073','GROVER','GROVER','NC','ATLANTIC','NORTH CAROLINA'),
('28074','HARRIS','HARRIS','NC','ATLANTIC','NORTH CAROLINA'),
('28075','HARRISBURG','HARRISBURG','NC','ATLANTIC','NORTH CAROLINA'),
('28076','HENRIETTA','HENRIETTA','NC','ATLANTIC','NORTH CAROLINA'),
('28077','HIGH SHOALS','HIGH SHOALS','NC','ATLANTIC','NORTH CAROLINA'),
('28078','HUNTERSVILLE','HUNTERSVILLE','NC','ATLANTIC','NORTH CAROLINA'),
('28079','INDIAN TRAIL','INDIAN TRAIL','NC','ATLANTIC','NORTH CAROLINA'),
('28079','MONROE ANNEX','MONROE','NC','ATLANTIC','NORTH CAROLINA'),
('28080','IRON STATION','IRON STATION','NC','ATLANTIC','NORTH CAROLINA'),
('28081','KANNAPOLIS','KANNAPOLIS','NC','ATLANTIC','NORTH CAROLINA'),
('28082','KANNAPOLIS','KANNAPOLIS','NC','ATLANTIC','NORTH CAROLINA'),
('28083','KANNAPOLIS','KANNAPOLIS','NC','ATLANTIC','NORTH CAROLINA'),
('28086','KINGS MOUNTAIN','KINGS MOUNTAIN','NC','ATLANTIC','NORTH CAROLINA'),
('28088','LANDIS','LANDIS','NC','ATLANTIC','NORTH CAROLINA'),
('28089','LATTIMORE','LATTIMORE','NC','ATLANTIC','NORTH CAROLINA'),
('28090','LAWNDALE','LAWNDALE','NC','ATLANTIC','NORTH CAROLINA'),
('28091','LILESVILLE','LILESVILLE','NC','ATLANTIC','NORTH CAROLINA'),
('28092','LINCOLNTON','LINCOLNTON','NC','ATLANTIC','NORTH CAROLINA'),
('28093','LINCOLNTON','LINCOLNTON','NC','ATLANTIC','NORTH CAROLINA'),
('28097','LOCUST','LOCUST','NC','ATLANTIC','NORTH CAROLINA'),
('28098','LOWELL','LOWELL','NC','ATLANTIC','NORTH CAROLINA'),
('28101','MC ADENVILLE','MC ADENVILLE','NC','ATLANTIC','NORTH CAROLINA'),
('28102','MC FARLAN','MC FARLAN','NC','ATLANTIC','NORTH CAROLINA'),
('28103','MARSHVILLE','MARSHVILLE','NC','ATLANTIC','NORTH CAROLINA'),
('28104','MATTHEWS','MATTHEWS','NC','ATLANTIC','NORTH CAROLINA'),
('28105','MATTHEWS','MATTHEWS','NC','ATLANTIC','NORTH CAROLINA'),
('28106','MATTHEWS','MATTHEWS','NC','ATLANTIC','NORTH CAROLINA'),
('28107','MIDLAND','MIDLAND','NC','ATLANTIC','NORTH CAROLINA'),
('28108','MINERAL SPRINGS','MINERAL SPRINGS','NC','ATLANTIC','NORTH CAROLINA'),
('28109','MISENHEIMER','MISENHEIMER','NC','ATLANTIC','NORTH CAROLINA'),
('28110','MONROE ANNEX','MONROE','NC','ATLANTIC','NORTH CAROLINA'),
('28111','MONROE','MONROE','NC','ATLANTIC','NORTH CAROLINA'),
('28112','MONROE ANNEX','MONROE','NC','ATLANTIC','NORTH CAROLINA'),
('28114','MOORESBORO','MOORESBORO','NC','ATLANTIC','NORTH CAROLINA'),
('28115','MOORESVILLE','MOORESVILLE','NC','ATLANTIC','NORTH CAROLINA'),
('28117','NORTH LAKE','MOORESVILLE','NC','ATLANTIC','NORTH CAROLINA'),
('28119','MORVEN','MORVEN','NC','ATLANTIC','NORTH CAROLINA'),
('28119','WADESBORO','WADESBORO','NC','ATLANTIC','NORTH CAROLINA'),
('28120','MOUNT HOLLY','MOUNT HOLLY','NC','ATLANTIC','NORTH CAROLINA'),
('28123','MOUNT MOURNE','MOORESVILLE','NC','ATLANTIC','NORTH CAROLINA'),
('28124','MOUNT PLEASANT','MOUNT PLEASANT','NC','ATLANTIC','NORTH CAROLINA'),
('28125','MOORESVILLE','MOORESVILLE','NC','ATLANTIC','NORTH CAROLINA');

INSERT INTO us_locations (zip_code, locale_name, city, state, area_name, district_name) VALUES
('28125','MOUNT ULLA','MOUNT ULLA','NC','ATLANTIC','NORTH CAROLINA'),
('28126','NEWELL','NEWELL','NC','ATLANTIC','NORTH CAROLINA'),
('28127','NEW LONDON','NEW LONDON','NC','ATLANTIC','NORTH CAROLINA'),
('28127','RICHFIELD','RICHFIELD','NC','ATLANTIC','NORTH CAROLINA'),
('28128','NORWOOD','NORWOOD','NC','ATLANTIC','NORTH CAROLINA'),
('28129','OAKBORO','OAKBORO','NC','ATLANTIC','NORTH CAROLINA'),
('28130','PAW CREEK','PAW CREEK','NC','ATLANTIC','NORTH CAROLINA'),
('28133','PEACHLAND','PEACHLAND','NC','ATLANTIC','NORTH CAROLINA'),
('28134','PINEVILLE','PINEVILLE','NC','ATLANTIC','NORTH CAROLINA'),
('28135','POLKTON','POLKTON','NC','ATLANTIC','NORTH CAROLINA'),
('28136','POLKVILLE','SHELBY','NC','ATLANTIC','NORTH CAROLINA'),
('28137','RICHFIELD','RICHFIELD','NC','ATLANTIC','NORTH CAROLINA'),
('28138','ROCKWELL','ROCKWELL','NC','ATLANTIC','NORTH CAROLINA'),
('28139','RUTHERFORDTON','RUTHERFORDTON','NC','ATLANTIC','NORTH CAROLINA'),
('28144','SALISBURY','SALISBURY','NC','ATLANTIC','NORTH CAROLINA'),
('28145','SALISBURY','SALISBURY','NC','ATLANTIC','NORTH CAROLINA'),
('28146','SALISBURY','SALISBURY','NC','ATLANTIC','NORTH CAROLINA'),
('28147','SALISBURY','SALISBURY','NC','ATLANTIC','NORTH CAROLINA'),
('28150','SHELBY','SHELBY','NC','ATLANTIC','NORTH CAROLINA'),
('28151','SHELBY','SHELBY','NC','ATLANTIC','NORTH CAROLINA'),
('28152','SHELBY','SHELBY','NC','ATLANTIC','NORTH CAROLINA'),
('28159','SPENCER','SPENCER','NC','ATLANTIC','NORTH CAROLINA'),
('28160','RUTHERFORDTON','RUTHERFORDTON','NC','ATLANTIC','NORTH CAROLINA'),
('28160','SPINDALE','SPINDALE','NC','ATLANTIC','NORTH CAROLINA'),
('28163','STANFIELD','STANFIELD','NC','ATLANTIC','NORTH CAROLINA'),
('28164','MOUNT HOLLY','MOUNT HOLLY','NC','ATLANTIC','NORTH CAROLINA'),
('28164','STANLEY','STANLEY','NC','ATLANTIC','NORTH CAROLINA'),
('28166','TROUTMAN','TROUTMAN','NC','ATLANTIC','NORTH CAROLINA'),
('28167','RUTHERFORDTON','RUTHERFORDTON','NC','ATLANTIC','NORTH CAROLINA'),
('28167','UNION MILLS','UNION MILLS','NC','ATLANTIC','NORTH CAROLINA'),
('28168','VALE','VALE','NC','ATLANTIC','NORTH CAROLINA'),
('28169','WACO','WACO','NC','ATLANTIC','NORTH CAROLINA'),
('28170','WADESBORO','WADESBORO','NC','ATLANTIC','NORTH CAROLINA'),
('28173','WAXHAW','WAXHAW','NC','ATLANTIC','NORTH CAROLINA'),
('28174','WINGATE','WINGATE','NC','ATLANTIC','NORTH CAROLINA'),
('28201','CHARLOTTE NC LPC','CHARLOTTE','NC','ATLANTIC','NORTH CAROLINA'),
('28202','CPU TWO WACHOVIA CENTER','CHARLOTTE','NC','ATLANTIC','NORTH CAROLINA'),
('28202','DOWNTOWN CHARLOTTE','CHARLOTTE','NC','ATLANTIC','NORTH CAROLINA'),
('28203','DOWNTOWN CHARLOTTE','CHARLOTTE','NC','ATLANTIC','NORTH CAROLINA'),
('28204','DOWNTOWN CHARLOTTE','CHARLOTTE','NC','ATLANTIC','NORTH CAROLINA'),
('28205','INDEPENDENCE ANNEX','CHARLOTTE','NC','ATLANTIC','NORTH CAROLINA'),
('28206','30TH STREET','CHARLOTTE','NC','ATLANTIC','NORTH CAROLINA'),
('28206','NORTH TRYON','CHARLOTTE','NC','ATLANTIC','NORTH CAROLINA'),
('28207','INDEPENDENCE ANNEX','CHARLOTTE','NC','ATLANTIC','NORTH CAROLINA'),
('28207','MIDWOOD','CHARLOTTE','NC','ATLANTIC','NORTH CAROLINA'),
('28208','CHARLOTTE NC WESTSIDE SDC','CHARLOTTE','NC','ATLANTIC','NORTH CAROLINA'),
('28209','MINUET ANNEX','CHARLOTTE','NC','ATLANTIC','NORTH CAROLINA'),
('28210','MINUET ANNEX','CHARLOTTE','NC','ATLANTIC','NORTH CAROLINA'),
('28211','INDEPENDENCE ANNEX','CHARLOTTE','NC','ATLANTIC','NORTH CAROLINA'),
('28212','IDLEWILD','CHARLOTTE','NC','ATLANTIC','NORTH CAROLINA');

INSERT INTO us_locations (zip_code, locale_name, city, state, area_name, district_name) VALUES
('28213','NORTH TRYON','CHARLOTTE','NC','ATLANTIC','NORTH CAROLINA'),
('28214','CHARLOTTE NC WESTSIDE SDC','CHARLOTTE','NC','ATLANTIC','NORTH CAROLINA'),
('28215','PLAZA CHARLOTTE','CHARLOTTE','NC','ATLANTIC','NORTH CAROLINA'),
('28216','OAKDALE','CHARLOTTE','NC','ATLANTIC','NORTH CAROLINA'),
('28217','CHARLOTTE NC WESTSIDE SDC','CHARLOTTE','NC','ATLANTIC','NORTH CAROLINA'),
('28218','MIDWOOD','CHARLOTTE','NC','ATLANTIC','NORTH CAROLINA'),
('28219','AIRPORT','CHARLOTTE','NC','ATLANTIC','NORTH CAROLINA'),
('28220','PARK ROAD','CHARLOTTE','NC','ATLANTIC','NORTH CAROLINA'),
('28221','DERITA','CHARLOTTE','NC','ATLANTIC','NORTH CAROLINA'),
('28222','RANDOLPH','CHARLOTTE','NC','ATLANTIC','NORTH CAROLINA'),
('28224','STARMOUNT','CHARLOTTE','NC','ATLANTIC','NORTH CAROLINA'),
('28226','BALLANTYNE','CHARLOTTE','NC','ATLANTIC','NORTH CAROLINA'),
('28227','MINT HILL','MINT HILL','NC','ATLANTIC','NORTH CAROLINA'),
('28229','IDLEWILD','CHARLOTTE','NC','ATLANTIC','NORTH CAROLINA'),
('28230','DOWNTOWN CHARLOTTE','CHARLOTTE','NC','ATLANTIC','NORTH CAROLINA'),
('28231','DOWNTOWN CHARLOTTE','CHARLOTTE','NC','ATLANTIC','NORTH CAROLINA'),
('28232','DOWNTOWN CHARLOTTE','CHARLOTTE','NC','ATLANTIC','NORTH CAROLINA'),
('28233','DOWNTOWN CHARLOTTE','CHARLOTTE','NC','ATLANTIC','NORTH CAROLINA'),
('28234','DOWNTOWN CHARLOTTE','CHARLOTTE','NC','ATLANTIC','NORTH CAROLINA'),
('28235','DOWNTOWN CHARLOTTE','CHARLOTTE','NC','ATLANTIC','NORTH CAROLINA'),
('28236','DOWNTOWN CHARLOTTE','CHARLOTTE','NC','ATLANTIC','NORTH CAROLINA'),
('28237','DOWNTOWN CHARLOTTE','CHARLOTTE','NC','ATLANTIC','NORTH CAROLINA'),
('28241','STEELE CREEK','CHARLOTTE','NC','ATLANTIC','NORTH CAROLINA'),
('28247','CARMEL ROAD','CHARLOTTE','NC','ATLANTIC','NORTH CAROLINA'),
('28256','NORTH TRYON','CHARLOTTE','NC','ATLANTIC','NORTH CAROLINA'),
('28262','NORTHEAST','CHARLOTTE','NC','ATLANTIC','NORTH CAROLINA'),
('28266','FREEDOM','CHARLOTTE','NC','ATLANTIC','NORTH CAROLINA'),
('28269','WT HARRIS','CHARLOTTE','NC','ATLANTIC','NORTH CAROLINA'),
('28270','BALLANTYNE CARRIERS','MATTHEWS','NC','ATLANTIC','NORTH CAROLINA'),
('28271','SOUTH PROVIDENCE NEW','CHARLOTTE','NC','ATLANTIC','NORTH CAROLINA'),
('28272','CHARLOTTE NC LPC','CHARLOTTE','NC','ATLANTIC','NORTH CAROLINA'),
('28273','STEELE CREEK','CHARLOTTE','NC','ATLANTIC','NORTH CAROLINA'),
('28277','BALLANTYNE','CHARLOTTE','NC','ATLANTIC','NORTH CAROLINA'),
('28278','STEELE CREEK','CHARLOTTE','NC','ATLANTIC','NORTH CAROLINA'),
('28297','JIM RICHARDSON','CHARLOTTE','NC','ATLANTIC','NORTH CAROLINA'),
('28299','MIDWOOD','CHARLOTTE','NC','ATLANTIC','NORTH CAROLINA'),
('28301','CPU EAST FAYETTEVILLE','FAYETTEVILLE','NC','ATLANTIC','NORTH CAROLINA'),
('28301','TOKAY ANNEX','FAYETTEVILLE','NC','ATLANTIC','NORTH CAROLINA'),
('28302','FAYETTEVILLE','FAYETTEVILLE','NC','ATLANTIC','NORTH CAROLINA'),
('28303','EUTAW','FAYETTEVILLE','NC','ATLANTIC','NORTH CAROLINA'),
('28304','HIGHLAND','FAYETTEVILLE','NC','ATLANTIC','NORTH CAROLINA'),
('28304','LAFAYETTE','FAYETTEVILLE','NC','ATLANTIC','NORTH CAROLINA'),
('28305','HAYMOUNT','FAYETTEVILLE','NC','ATLANTIC','NORTH CAROLINA'),
('28305','LAFAYETTE','FAYETTEVILLE','NC','ATLANTIC','NORTH CAROLINA'),
('28306','LAKEDALE','FAYETTEVILLE','NC','ATLANTIC','NORTH CAROLINA'),
('28306','LAKEDALE CARRIERS','FAYETTEVILLE','NC','ATLANTIC','NORTH CAROLINA'),
('28307','FORT BRAGG','FORT BRAGG','NC','ATLANTIC','NORTH CAROLINA'),
('28309','LAFAYETTE','FAYETTEVILLE','NC','ATLANTIC','NORTH CAROLINA'),
('28311','TOKAY ANNEX','FAYETTEVILLE','NC','ATLANTIC','NORTH CAROLINA'),
('28312','TOKAY ANNEX','FAYETTEVILLE','NC','ATLANTIC','NORTH CAROLINA');

INSERT INTO us_locations (zip_code, locale_name, city, state, area_name, district_name) VALUES
('28314','CLIFFDALE','FAYETTEVILLE','NC','ATLANTIC','NORTH CAROLINA'),
('28315','ABERDEEN','ABERDEEN','NC','ATLANTIC','NORTH CAROLINA'),
('28318','AUTRYVILLE','AUTRYVILLE','NC','ATLANTIC','NORTH CAROLINA'),
('28318','STEDMAN','STEDMAN','NC','ATLANTIC','NORTH CAROLINA'),
('28320','BLADENBORO','BLADENBORO','NC','ATLANTIC','NORTH CAROLINA'),
('28323','BUNNLEVEL','BUNNLEVEL','NC','ATLANTIC','NORTH CAROLINA'),
('28325','CALYPSO','CALYPSO','NC','ATLANTIC','NORTH CAROLINA'),
('28326','CAMERON','CAMERON','NC','ATLANTIC','NORTH CAROLINA'),
('28326','SPOUT SPRINGS CARRIER ANNEX','CAMERON','NC','ATLANTIC','NORTH CAROLINA'),
('28327','CARTHAGE','CARTHAGE','NC','ATLANTIC','NORTH CAROLINA'),
('28328','CLINTON','CLINTON','NC','ATLANTIC','NORTH CAROLINA'),
('28329','CLINTON','CLINTON','NC','ATLANTIC','NORTH CAROLINA'),
('28330','CORDOVA','CORDOVA','NC','ATLANTIC','NORTH CAROLINA'),
('28331','CUMBERLAND','CUMBERLAND','NC','ATLANTIC','NORTH CAROLINA'),
('28332','DUBLIN','DUBLIN','NC','ATLANTIC','NORTH CAROLINA'),
('28333','DUDLEY','DUDLEY','NC','ATLANTIC','NORTH CAROLINA'),
('28334','DUNN','DUNN','NC','ATLANTIC','NORTH CAROLINA'),
('28335','DUNN','DUNN','NC','ATLANTIC','NORTH CAROLINA'),
('28337','ELIZABETHTOWN','ELIZABETHTOWN','NC','ATLANTIC','NORTH CAROLINA'),
('28338','ELLERBE','ELLERBE','NC','ATLANTIC','NORTH CAROLINA'),
('28339','DUNN','DUNN','NC','ATLANTIC','NORTH CAROLINA'),
('28339','ERWIN','ERWIN','NC','ATLANTIC','NORTH CAROLINA'),
('28340','FAIRMONT','FAIRMONT','NC','ATLANTIC','NORTH CAROLINA'),
('28341','FAISON','FAISON','NC','ATLANTIC','NORTH CAROLINA'),
('28342','FALCON','FALCON','NC','ATLANTIC','NORTH CAROLINA'),
('28343','GIBSON','GIBSON','NC','ATLANTIC','NORTH CAROLINA'),
('28343','LAURINBURG','LAURINBURG','NC','ATLANTIC','NORTH CAROLINA'),
('28344','DUNN','DUNN','NC','ATLANTIC','NORTH CAROLINA'),
('28344','GODWIN','GODWIN','NC','ATLANTIC','NORTH CAROLINA'),
('28345','HAMLET','HAMLET','NC','ATLANTIC','NORTH CAROLINA'),
('28345','ROCKINGHAM','ROCKINGHAM','NC','ATLANTIC','NORTH CAROLINA'),
('28347','HOFFMAN','MARSTON','NC','ATLANTIC','NORTH CAROLINA'),
('28348','HOPE MILLS','HOPE MILLS','NC','ATLANTIC','NORTH CAROLINA'),
('28349','KENANSVILLE','KENANSVILLE','NC','ATLANTIC','NORTH CAROLINA'),
('28349','WARSAW','WARSAW','NC','ATLANTIC','NORTH CAROLINA'),
('28350','LAKEVIEW','LAKEVIEW','NC','ATLANTIC','NORTH CAROLINA'),
('28351','LAUREL HILL','LAUREL HILL','NC','ATLANTIC','NORTH CAROLINA'),
('28351','LAURINBURG','LAURINBURG','NC','ATLANTIC','NORTH CAROLINA'),
('28352','LAURINBURG','LAURINBURG','NC','ATLANTIC','NORTH CAROLINA'),
('28353','LAURINBURG','LAURINBURG','NC','ATLANTIC','NORTH CAROLINA'),
('28355','LEMON SPRINGS','LEMON SPRINGS','NC','ATLANTIC','NORTH CAROLINA'),
('28356','LINDEN','LINDEN','NC','ATLANTIC','NORTH CAROLINA'),
('28357','HOPE MILLS','HOPE MILLS','NC','ATLANTIC','NORTH CAROLINA'),
('28357','LUMBER BRIDGE','LUMBER BRIDGE','NC','ATLANTIC','NORTH CAROLINA'),
('28358','LUMBERTON','LUMBERTON','NC','ATLANTIC','NORTH CAROLINA'),
('28359','LUMBERTON','LUMBERTON','NC','ATLANTIC','NORTH CAROLINA'),
('28360','LUMBERTON','LUMBERTON','NC','ATLANTIC','NORTH CAROLINA'),
('28362','MARIETTA','MARIETTA','NC','ATLANTIC','NORTH CAROLINA'),
('28363','HOFFMAN','MARSTON','NC','ATLANTIC','NORTH CAROLINA'),
('28364','MAXTON','MAXTON','NC','ATLANTIC','NORTH CAROLINA');

INSERT INTO us_locations (zip_code, locale_name, city, state, area_name, district_name) VALUES
('28365','MOUNT OLIVE','MOUNT OLIVE','NC','ATLANTIC','NORTH CAROLINA'),
('28366','NEWTON GROVE','NEWTON GROVE','NC','ATLANTIC','NORTH CAROLINA'),
('28367','NORMAN','NORMAN','NC','ATLANTIC','NORTH CAROLINA'),
('28368','OLIVIA','OLIVIA','NC','ATLANTIC','NORTH CAROLINA'),
('28369','FAIRMONT','FAIRMONT','NC','ATLANTIC','NORTH CAROLINA'),
('28369','ORRUM','ORRUM','NC','ATLANTIC','NORTH CAROLINA'),
('28370','PINEHURST','PINEHURST','NC','ATLANTIC','NORTH CAROLINA'),
('28371','HOPE MILLS','HOPE MILLS','NC','ATLANTIC','NORTH CAROLINA'),
('28371','PARKTON','PARKTON','NC','ATLANTIC','NORTH CAROLINA'),
('28372','PEMBROKE','PEMBROKE','NC','ATLANTIC','NORTH CAROLINA'),
('28373','PINEBLUFF','PINEBLUFF','NC','ATLANTIC','NORTH CAROLINA'),
('28374','PINEHURST','PINEHURST','NC','ATLANTIC','NORTH CAROLINA'),
('28375','PROCTORVILLE','PROCTORVILLE','NC','ATLANTIC','NORTH CAROLINA'),
('28376','RAEFORD','RAEFORD','NC','ATLANTIC','NORTH CAROLINA'),
('28377','RED SPRINGS','RED SPRINGS','NC','ATLANTIC','NORTH CAROLINA'),
('28378','REX','REX','NC','ATLANTIC','NORTH CAROLINA'),
('28379','ROCKINGHAM','ROCKINGHAM','NC','ATLANTIC','NORTH CAROLINA'),
('28380','ROCKINGHAM','ROCKINGHAM','NC','ATLANTIC','NORTH CAROLINA'),
('28382','ROSEBORO','ROSEBORO','NC','ATLANTIC','NORTH CAROLINA'),
('28383','ROWLAND','ROWLAND','NC','ATLANTIC','NORTH CAROLINA'),
('28384','SAINT PAULS','SAINT PAULS','NC','ATLANTIC','NORTH CAROLINA'),
('28385','SALEMBURG','SALEMBURG','NC','ATLANTIC','NORTH CAROLINA'),
('28386','RED SPRINGS','RED SPRINGS','NC','ATLANTIC','NORTH CAROLINA'),
('28386','SHANNON','SHANNON','NC','ATLANTIC','NORTH CAROLINA'),
('28387','SOUTHERN PINES','SOUTHERN PINES','NC','ATLANTIC','NORTH CAROLINA'),
('28388','SOUTHERN PINES','SOUTHERN PINES','NC','ATLANTIC','NORTH CAROLINA'),
('28390','SPRING LAKE','SPRING LAKE','NC','ATLANTIC','NORTH CAROLINA'),
('28391','STEDMAN','STEDMAN','NC','ATLANTIC','NORTH CAROLINA'),
('28392','SAINT PAULS','SAINT PAULS','NC','ATLANTIC','NORTH CAROLINA'),
('28392','TAR HEEL','TAR HEEL','NC','ATLANTIC','NORTH CAROLINA'),
('28393','TURKEY','TURKEY','NC','ATLANTIC','NORTH CAROLINA'),
('28393','WARSAW','WARSAW','NC','ATLANTIC','NORTH CAROLINA'),
('28394','VASS','VASS','NC','ATLANTIC','NORTH CAROLINA'),
('28395','WADE','WADE','NC','ATLANTIC','NORTH CAROLINA'),
('28396','WAGRAM','WAGRAM','NC','ATLANTIC','NORTH CAROLINA'),
('28398','WARSAW','WARSAW','NC','ATLANTIC','NORTH CAROLINA'),
('28399','ELIZABETHTOWN','ELIZABETHTOWN','NC','ATLANTIC','NORTH CAROLINA'),
('28399','WHITE OAK','WHITE OAK','NC','ATLANTIC','NORTH CAROLINA'),
('28401','WILMINGTON','WILMINGTON','NC','ATLANTIC','NORTH CAROLINA'),
('28402','WILMINGTON','WILMINGTON','NC','ATLANTIC','NORTH CAROLINA'),
('28403','AZALEA','WILMINGTON','NC','ATLANTIC','NORTH CAROLINA'),
('28404','MAGNOLIA','WILMINGTON','NC','ATLANTIC','NORTH CAROLINA'),
('28405','DOGWOOD','WILMINGTON','NC','ATLANTIC','NORTH CAROLINA'),
('28406','AZALEA','WILMINGTON','NC','ATLANTIC','NORTH CAROLINA'),
('28408','MYRTLE GROVE','WILMINGTON','NC','ATLANTIC','NORTH CAROLINA'),
('28409','MYRTLE GROVE','WILMINGTON','NC','ATLANTIC','NORTH CAROLINA'),
('28411','MAGNOLIA','WILMINGTON','NC','ATLANTIC','NORTH CAROLINA'),
('28412','MYRTLE GROVE','WILMINGTON','NC','ATLANTIC','NORTH CAROLINA'),
('28420','ASH','ASH','NC','ATLANTIC','NORTH CAROLINA'),
('28421','ATKINSON','ATKINSON','NC','ATLANTIC','NORTH CAROLINA');

INSERT INTO us_locations (zip_code, locale_name, city, state, area_name, district_name) VALUES
('28421','RIEGELWOOD','RIEGELWOOD','NC','ATLANTIC','NORTH CAROLINA'),
('28422','BOLIVIA','BOLIVIA','NC','ATLANTIC','NORTH CAROLINA'),
('28423','BOLTON','BOLTON','NC','ATLANTIC','NORTH CAROLINA'),
('28423','LAKE WACCAMAW','LAKE WACCAMAW','NC','ATLANTIC','NORTH CAROLINA'),
('28424','BRUNSWICK','BRUNSWICK','NC','ATLANTIC','NORTH CAROLINA'),
('28425','BURGAW','BURGAW','NC','ATLANTIC','NORTH CAROLINA'),
('28428','CAROLINA BEACH','CAROLINA BEACH','NC','ATLANTIC','NORTH CAROLINA'),
('28429','CASTLE HAYNE','CASTLE HAYNE','NC','ATLANTIC','NORTH CAROLINA'),
('28430','CERRO GORDO','CERRO GORDO','NC','ATLANTIC','NORTH CAROLINA'),
('28431','CHADBOURN','CHADBOURN','NC','ATLANTIC','NORTH CAROLINA'),
('28432','CLARENDON','CLARENDON','NC','ATLANTIC','NORTH CAROLINA'),
('28432','TABOR CITY','TABOR CITY','NC','ATLANTIC','NORTH CAROLINA'),
('28433','CLARKTON','CLARKTON','NC','ATLANTIC','NORTH CAROLINA'),
('28434','COUNCIL','COUNCIL','NC','ATLANTIC','NORTH CAROLINA'),
('28434','LAKE WACCAMAW','LAKE WACCAMAW','NC','ATLANTIC','NORTH CAROLINA'),
('28435','CURRIE','CURRIE','NC','ATLANTIC','NORTH CAROLINA'),
('28436','DELCO','DELCO','NC','ATLANTIC','NORTH CAROLINA'),
('28438','EVERGREEN','EVERGREEN','NC','ATLANTIC','NORTH CAROLINA'),
('28438','FAIRMONT','FAIRMONT','NC','ATLANTIC','NORTH CAROLINA'),
('28439','FAIR BLUFF','FAIR BLUFF','NC','ATLANTIC','NORTH CAROLINA'),
('28439','TABOR CITY','TABOR CITY','NC','ATLANTIC','NORTH CAROLINA'),
('28441','GARLAND','GARLAND','NC','ATLANTIC','NORTH CAROLINA'),
('28442','HALLSBORO','HALLSBORO','NC','ATLANTIC','NORTH CAROLINA'),
('28442','LAKE WACCAMAW','LAKE WACCAMAW','NC','ATLANTIC','NORTH CAROLINA'),
('28443','HAMPSTEAD','HAMPSTEAD','NC','ATLANTIC','NORTH CAROLINA'),
('28444','HARRELLS','HARRELLS','NC','ATLANTIC','NORTH CAROLINA'),
('28445','CPU TOPSAIL BEACH','HOLLY RIDGE','NC','ATLANTIC','NORTH CAROLINA'),
('28445','HOLLY RIDGE','HOLLY RIDGE','NC','ATLANTIC','NORTH CAROLINA'),
('28445','SURF CITY','HOLLY RIDGE','NC','ATLANTIC','NORTH CAROLINA'),
('28447','IVANHOE','IVANHOE','NC','ATLANTIC','NORTH CAROLINA'),
('28447','WILLARD','WILLARD','NC','ATLANTIC','NORTH CAROLINA'),
('28448','KELLY','KELLY','NC','ATLANTIC','NORTH CAROLINA'),
('28449','KURE BEACH','KURE BEACH','NC','ATLANTIC','NORTH CAROLINA'),
('28450','LAKE WACCAMAW','LAKE WACCAMAW','NC','ATLANTIC','NORTH CAROLINA'),
('28451','LELAND','LELAND','NC','ATLANTIC','NORTH CAROLINA'),
('28451','LELAND ANNEX','WILMINGTON','NC','ATLANTIC','NORTH CAROLINA'),
('28452','LONGWOOD','LONGWOOD','NC','ATLANTIC','NORTH CAROLINA'),
('28453','MAGNOLIA','MAGNOLIA','NC','ATLANTIC','NORTH CAROLINA'),
('28454','BURGAW','BURGAW','NC','ATLANTIC','NORTH CAROLINA'),
('28454','MAPLE HILL','MAPLE HILL','NC','ATLANTIC','NORTH CAROLINA'),
('28455','NAKINA','NAKINA','NC','ATLANTIC','NORTH CAROLINA'),
('28456','RIEGELWOOD','RIEGELWOOD','NC','ATLANTIC','NORTH CAROLINA'),
('28457','ROCKY POINT','ROCKY POINT','NC','ATLANTIC','NORTH CAROLINA'),
('28458','ROSE HILL','ROSE HILL','NC','ATLANTIC','NORTH CAROLINA'),
('28459','SHALLOTTE','SHALLOTTE','NC','ATLANTIC','NORTH CAROLINA'),
('28460','SNEADS FERRY','SNEADS FERRY','NC','ATLANTIC','NORTH CAROLINA'),
('28461','CPU BALD HEAD ISLAND','BALD HEAD ISLAND','NC','ATLANTIC','NORTH CAROLINA'),
('28461','SOUTHPORT','SOUTHPORT','NC','ATLANTIC','NORTH CAROLINA'),
('28461','SOUTHPORT ANNEX NEW','SOUTHPORT','NC','ATLANTIC','NORTH CAROLINA'),
('28462','SUPPLY','SUPPLY','NC','ATLANTIC','NORTH CAROLINA');

INSERT INTO us_locations (zip_code, locale_name, city, state, area_name, district_name) VALUES
('28463','TABOR CITY','TABOR CITY','NC','ATLANTIC','NORTH CAROLINA'),
('28464','TEACHEY','TEACHEY','NC','ATLANTIC','NORTH CAROLINA'),
('28464','WALLACE','WALLACE','NC','ATLANTIC','NORTH CAROLINA'),
('28465','CPU OAK ISLAND','OAK ISLAND','NC','ATLANTIC','NORTH CAROLINA'),
('28465','SOUTHPORT ANNEX NEW','SOUTHPORT','NC','ATLANTIC','NORTH CAROLINA'),
('28466','WALLACE','WALLACE','NC','ATLANTIC','NORTH CAROLINA'),
('28467','SOUTH BRUNSWICK','OCEAN ISLE BEACH','NC','ATLANTIC','NORTH CAROLINA'),
('28468','SOUTH BRUNSWICK','OCEAN ISLE BEACH','NC','ATLANTIC','NORTH CAROLINA'),
('28469','SOUTH BRUNSWICK','OCEAN ISLE BEACH','NC','ATLANTIC','NORTH CAROLINA'),
('28470','SHALLOTTE','SHALLOTTE','NC','ATLANTIC','NORTH CAROLINA'),
('28472','WHITEVILLE','WHITEVILLE','NC','ATLANTIC','NORTH CAROLINA'),
('28478','WILLARD','WILLARD','NC','ATLANTIC','NORTH CAROLINA'),
('28479','WINNABOW','WINNABOW','NC','ATLANTIC','NORTH CAROLINA'),
('28480','WRIGHTSVILLE BEACH','WRIGHTSVILLE BEACH','NC','ATLANTIC','NORTH CAROLINA'),
('28501','KINSTON','KINSTON','NC','ATLANTIC','NORTH CAROLINA'),
('28502','KINSTON','KINSTON','NC','ATLANTIC','NORTH CAROLINA'),
('28503','PLAZA KINSTON','KINSTON','NC','ATLANTIC','NORTH CAROLINA'),
('28504','KINSTON','KINSTON','NC','ATLANTIC','NORTH CAROLINA'),
('28508','ALBERTSON','ALBERTSON','NC','ATLANTIC','NORTH CAROLINA'),
('28508','PINK HILL','PINK HILL','NC','ATLANTIC','NORTH CAROLINA'),
('28509','ALLIANCE','ALLIANCE','NC','ATLANTIC','NORTH CAROLINA'),
('28510','ARAPAHOE','ARAPAHOE','NC','ATLANTIC','NORTH CAROLINA'),
('28511','ATLANTIC','ATLANTIC','NC','ATLANTIC','NORTH CAROLINA'),
('28512','ATLANTIC BEACH','ATLANTIC BEACH','NC','ATLANTIC','NORTH CAROLINA'),
('28513','AYDEN','AYDEN','NC','ATLANTIC','NORTH CAROLINA'),
('28515','BAYBORO','BAYBORO','NC','ATLANTIC','NORTH CAROLINA'),
('28516','BEAUFORT','BEAUFORT','NC','ATLANTIC','NORTH CAROLINA'),
('28518','BEULAVILLE','BEULAVILLE','NC','ATLANTIC','NORTH CAROLINA'),
('28519','BRIDGETON','BRIDGETON','NC','ATLANTIC','NORTH CAROLINA'),
('28520','CEDAR ISLAND','CEDAR ISLAND','NC','ATLANTIC','NORTH CAROLINA'),
('28521','BEULAVILLE','BEULAVILLE','NC','ATLANTIC','NORTH CAROLINA'),
('28521','CHINQUAPIN','CHINQUAPIN','NC','ATLANTIC','NORTH CAROLINA'),
('28522','COMFORT','COMFORT','NC','ATLANTIC','NORTH CAROLINA'),
('28523','COVE CITY','COVE CITY','NC','ATLANTIC','NORTH CAROLINA'),
('28523','TRENTON','TRENTON','NC','ATLANTIC','NORTH CAROLINA'),
('28524','DAVIS','DAVIS','NC','ATLANTIC','NORTH CAROLINA'),
('28525','DEEP RUN','DEEP RUN','NC','ATLANTIC','NORTH CAROLINA'),
('28525','PINK HILL','PINK HILL','NC','ATLANTIC','NORTH CAROLINA'),
('28526','DOVER','DOVER','NC','ATLANTIC','NORTH CAROLINA'),
('28526','KINSTON','KINSTON','NC','ATLANTIC','NORTH CAROLINA'),
('28527','ERNUL','ERNUL','NC','ATLANTIC','NORTH CAROLINA'),
('28527','VANCEBORO','VANCEBORO','NC','ATLANTIC','NORTH CAROLINA'),
('28528','GLOUCESTER','GLOUCESTER','NC','ATLANTIC','NORTH CAROLINA'),
('28528','HARKERS ISLAND','HARKERS ISLAND','NC','ATLANTIC','NORTH CAROLINA'),
('28529','GRANTSBORO','GRANTSBORO','NC','ATLANTIC','NORTH CAROLINA'),
('28530','GRIFTON','GRIFTON','NC','ATLANTIC','NORTH CAROLINA'),
('28531','HARKERS ISLAND','HARKERS ISLAND','NC','ATLANTIC','NORTH CAROLINA'),
('28532','CHERRY POINT','HAVELOCK','NC','ATLANTIC','NORTH CAROLINA'),
('28532','HAVELOCK','HAVELOCK','NC','ATLANTIC','NORTH CAROLINA'),
('28537','HOBUCKEN','HOBUCKEN','NC','ATLANTIC','NORTH CAROLINA');

INSERT INTO us_locations (zip_code, locale_name, city, state, area_name, district_name) VALUES
('28538','HOOKERTON','HOOKERTON','NC','ATLANTIC','NORTH CAROLINA'),
('28539','HUBERT','HUBERT','NC','ATLANTIC','NORTH CAROLINA'),
('28540','JACKSONVILLE','JACKSONVILLE','NC','ATLANTIC','NORTH CAROLINA'),
('28540','MCCUTCHEON FIELD','MCAS NEW RIVER','NC','ATLANTIC','NORTH CAROLINA'),
('28540','NORTHWOODS','JACKSONVILLE','NC','ATLANTIC','NORTH CAROLINA'),
('28541','JACKSONVILLE','JACKSONVILLE','NC','ATLANTIC','NORTH CAROLINA'),
('28543','JACKSONVILLE','JACKSONVILLE','NC','ATLANTIC','NORTH CAROLINA'),
('28544','BRYNN MARR','JACKSONVILLE','NC','ATLANTIC','NORTH CAROLINA'),
('28546','BRYNN MARR','JACKSONVILLE','NC','ATLANTIC','NORTH CAROLINA'),
('28547','BRYNN MARR','JACKSONVILLE','NC','ATLANTIC','NORTH CAROLINA'),
('28547','CAMP LEJEUNE','CAMP LEJEUNE','NC','ATLANTIC','NORTH CAROLINA'),
('28551','LA GRANGE','LA GRANGE','NC','ATLANTIC','NORTH CAROLINA'),
('28552','HOBUCKEN','HOBUCKEN','NC','ATLANTIC','NORTH CAROLINA'),
('28553','HARKERS ISLAND','HARKERS ISLAND','NC','ATLANTIC','NORTH CAROLINA'),
('28553','MARSHALLBERG','MARSHALLBERG','NC','ATLANTIC','NORTH CAROLINA'),
('28554','MAURY','MAURY','NC','ATLANTIC','NORTH CAROLINA'),
('28555','MAYSVILLE','MAYSVILLE','NC','ATLANTIC','NORTH CAROLINA'),
('28556','MERRITT','MERRITT','NC','ATLANTIC','NORTH CAROLINA'),
('28556','ORIENTAL','ORIENTAL','NC','ATLANTIC','NORTH CAROLINA'),
('28557','MOREHEAD CITY','MOREHEAD CITY','NC','ATLANTIC','NORTH CAROLINA'),
('28560','NEW BERN','NEW BERN','NC','ATLANTIC','NORTH CAROLINA'),
('28561','NEW BERN','NEW BERN','NC','ATLANTIC','NORTH CAROLINA'),
('28562','NEW BERN','NEW BERN','NC','ATLANTIC','NORTH CAROLINA'),
('28563','DOWNTOWN NEW BERN','NEW BERN','NC','ATLANTIC','NORTH CAROLINA'),
('28564','NEUSE FOREST','NEW BERN','NC','ATLANTIC','NORTH CAROLINA'),
('28570','NEWPORT','NEWPORT','NC','ATLANTIC','NORTH CAROLINA'),
('28571','ORIENTAL','ORIENTAL','NC','ATLANTIC','NORTH CAROLINA'),
('28572','PINK HILL','PINK HILL','NC','ATLANTIC','NORTH CAROLINA'),
('28573','POLLOCKSVILLE','POLLOCKSVILLE','NC','ATLANTIC','NORTH CAROLINA'),
('28574','RICHLANDS','RICHLANDS','NC','ATLANTIC','NORTH CAROLINA'),
('28575','ATLANTIC BEACH','ATLANTIC BEACH','NC','ATLANTIC','NORTH CAROLINA'),
('28577','SEALEVEL','SEALEVEL','NC','ATLANTIC','NORTH CAROLINA'),
('28578','LA GRANGE','LA GRANGE','NC','ATLANTIC','NORTH CAROLINA'),
('28578','SEVEN SPRINGS','SEVEN SPRINGS','NC','ATLANTIC','NORTH CAROLINA'),
('28579','SMYRNA','SMYRNA','NC','ATLANTIC','NORTH CAROLINA'),
('28580','SNOW HILL','SNOW HILL','NC','ATLANTIC','NORTH CAROLINA'),
('28581','SEALEVEL','SEALEVEL','NC','ATLANTIC','NORTH CAROLINA'),
('28582','SWANSBORO','SWANSBORO','NC','ATLANTIC','NORTH CAROLINA'),
('28583','STONEWALL','STONEWALL','NC','ATLANTIC','NORTH CAROLINA'),
('28584','SWANSBORO','SWANSBORO','NC','ATLANTIC','NORTH CAROLINA'),
('28585','TRENTON','TRENTON','NC','ATLANTIC','NORTH CAROLINA'),
('28586','VANCEBORO','VANCEBORO','NC','ATLANTIC','NORTH CAROLINA'),
('28587','BAYBORO','BAYBORO','NC','ATLANTIC','NORTH CAROLINA'),
('28589','SMYRNA','SMYRNA','NC','ATLANTIC','NORTH CAROLINA'),
('28590','WINTERVILLE','WINTERVILLE','NC','ATLANTIC','NORTH CAROLINA'),
('28594','EMERALD ISLE','EMERALD ISLE','NC','ATLANTIC','NORTH CAROLINA'),
('28601','HICKORY','HICKORY','NC','ATLANTIC','NORTH CAROLINA'),
('28602','HICKORY','HICKORY','NC','ATLANTIC','NORTH CAROLINA'),
('28603','CPU BETHLEHEM REALTY','HICKORY','NC','ATLANTIC','NORTH CAROLINA'),
('28603','CPU LENOIR RHYNE COLLEGE','HICKORY','NC','ATLANTIC','NORTH CAROLINA');

