INSERT INTO us_locations (zip_code, locale_name, city, state, area_name, district_name) VALUES
('83860','SAGLE','SAGLE','ID','WESTPAC','ID-MT-OR'),
('83861','SAINT MARIES','SAINT MARIES','ID','WESTPAC','ID-MT-OR'),
('83864','SANDPOINT','SANDPOINT','ID','WESTPAC','ID-MT-OR'),
('83865','PONDERAY','PONDERAY','ID','WESTPAC','ID-MT-OR'),
('83866','SANTA','SANTA','ID','WESTPAC','ID-MT-OR'),
('83867','SILVERTON','SILVERTON','ID','WESTPAC','ID-MT-OR'),
('83868','PINEHURST','PINEHURST','ID','WESTPAC','ID-MT-OR'),
('83868','SMELTERVILLE','SMELTERVILLE','ID','WESTPAC','ID-MT-OR'),
('83869','SPIRIT LAKE','SPIRIT LAKE','ID','WESTPAC','ID-MT-OR'),
('83870','TEKOA','TEKOA','WA','WESTPAC','WASHINGTON'),
('83870','TENSED','TENSED','ID','WESTPAC','WASHINGTON'),
('83871','TROY','TROY','ID','WESTPAC','ID-MT-OR'),
('83872','MOSCOW','MOSCOW','ID','WESTPAC','ID-MT-OR'),
('83873','WALLACE','WALLACE','ID','WESTPAC','ID-MT-OR'),
('83874','WALLACE','WALLACE','ID','WESTPAC','ID-MT-OR'),
('83876','WORLEY','WORLEY','ID','WESTPAC','ID-MT-OR'),
('83877','POST FALLS','POST FALLS','ID','WESTPAC','ID-MT-OR'),
('84001','ALTAMONT','ALTAMONT','UT','WESTPAC','NV-UT'),
('84002','ALTAMONT','ALTAMONT','UT','WESTPAC','NV-UT'),
('84003','AMERICAN FORK','AMERICAN FORK','UT','WESTPAC','NV-UT'),
('84004','AMERICAN FORK','AMERICAN FORK','UT','WESTPAC','NV-UT'),
('84005','LEHI','LEHI','UT','WESTPAC','NV-UT'),
('84006','BINGHAM CANYON','BINGHAM CANYON','UT','WESTPAC','NV-UT'),
('84006','WEST JORDAN','WEST JORDAN','UT','WESTPAC','NV-UT'),
('84007','BLUEBELL','BLUEBELL','UT','WESTPAC','NV-UT'),
('84009','SOUTH JORDAN','SOUTH JORDAN','UT','WESTPAC','NV-UT'),
('84010','BOUNTIFUL','BOUNTIFUL','UT','WESTPAC','NV-UT'),
('84011','BOUNTIFUL','BOUNTIFUL','UT','WESTPAC','NV-UT'),
('84013','CEDAR VALLEY','CEDAR VALLEY','UT','WESTPAC','NV-UT'),
('84014','CENTERVILLE','CENTERVILLE','UT','WESTPAC','NV-UT'),
('84015','CLEARFIELD','CLEARFIELD','UT','WESTPAC','NV-UT'),
('84016','FREEPORT CENTER','CLEARFIELD','UT','WESTPAC','NV-UT'),
('84017','COALVILLE','COALVILLE','UT','WESTPAC','NV-UT'),
('84018','MORGAN','MORGAN','UT','WESTPAC','NV-UT'),
('84020','DRAPER','DRAPER','UT','WESTPAC','NV-UT'),
('84021','DUCHESNE','DUCHESNE','UT','WESTPAC','NV-UT'),
('84022','DUGWAY','DUGWAY','UT','WESTPAC','NV-UT'),
('84023','DUTCH JOHN','DUTCH JOHN','UT','WESTPAC','NV-UT'),
('84024','ECHO','ECHO','UT','WESTPAC','NV-UT'),
('84025','FARMINGTON','FARMINGTON','UT','WESTPAC','NV-UT'),
('84026','FORT DUCHESNE','FORT DUCHESNE','UT','WESTPAC','NV-UT'),
('84027','DUCHESNE','DUCHESNE','UT','WESTPAC','NV-UT'),
('84028','GARDEN CITY','GARDEN CITY','UT','WESTPAC','NV-UT'),
('84029','GRANTSVILLE','GRANTSVILLE','UT','WESTPAC','NV-UT'),
('84031','TABIONA','TABIONA','UT','WESTPAC','NV-UT'),
('84032','HEBER CITY','HEBER CITY','UT','WESTPAC','NV-UT'),
('84033','HENEFER','HENEFER','UT','WESTPAC','NV-UT'),
('84034','WENDOVER','WENDOVER','UT','WESTPAC','NV-UT'),
('84035','JENSEN','JENSEN','UT','WESTPAC','NV-UT'),
('84036','KAMAS','KAMAS','UT','WESTPAC','NV-UT');

INSERT INTO us_locations (zip_code, locale_name, city, state, area_name, district_name) VALUES
('84037','KAYSVILLE','KAYSVILLE','UT','WESTPAC','NV-UT'),
('84038','LAKETOWN','LAKETOWN','UT','WESTPAC','NV-UT'),
('84039','LAPOINT','LAPOINT','UT','WESTPAC','NV-UT'),
('84040','LAYTON','LAYTON','UT','WESTPAC','NV-UT'),
('84041','LAYTON','LAYTON','UT','WESTPAC','NV-UT'),
('84042','PLEASANT GROVE','PLEASANT GROVE','UT','WESTPAC','NV-UT'),
('84043','LEHI','LEHI','UT','WESTPAC','NV-UT'),
('84044','MAGNA','MAGNA','UT','WESTPAC','NV-UT'),
('84045','LEHI','LEHI','UT','WESTPAC','NV-UT'),
('84046','MANILA','MANILA','UT','WESTPAC','NV-UT'),
('84047','MIDVALE','MIDVALE','UT','WESTPAC','NV-UT'),
('84048','LEHI','LEHI','UT','WESTPAC','NV-UT'),
('84049','MIDWAY','MIDWAY','UT','WESTPAC','NV-UT'),
('84050','MORGAN','MORGAN','UT','WESTPAC','NV-UT'),
('84051','DUCHESNE','DUCHESNE','UT','WESTPAC','NV-UT'),
('84052','MYTON','MYTON','UT','WESTPAC','NV-UT'),
('84053','NEOLA','NEOLA','UT','WESTPAC','NV-UT'),
('84054','BOUNTIFUL','BOUNTIFUL','UT','WESTPAC','NV-UT'),
('84054','NORTH SALT LAKE','NORTH SALT LAKE','UT','WESTPAC','NV-UT'),
('84055','OAKLEY','OAKLEY','UT','WESTPAC','NV-UT'),
('84056','CLEARFIELD','CLEARFIELD','UT','WESTPAC','NV-UT'),
('84056','HILL AIR FORCE BASE','HILL AIR FORCE BASE','UT','WESTPAC','NV-UT'),
('84057','OREM','OREM','UT','WESTPAC','NV-UT'),
('84058','MOUNTAIN SHADOWS','OREM','UT','WESTPAC','NV-UT'),
('84059','OREM','OREM','UT','WESTPAC','NV-UT'),
('84060','OLD TOWN','PARK CITY','UT','WESTPAC','NV-UT'),
('84060','PARK CITY','PARK CITY','UT','WESTPAC','NV-UT'),
('84061','KAMAS','KAMAS','UT','WESTPAC','NV-UT'),
('84062','PLEASANT GROVE','PLEASANT GROVE','UT','WESTPAC','NV-UT'),
('84063','FORT DUCHESNE','FORT DUCHESNE','UT','WESTPAC','NV-UT'),
('84064','RANDOLPH','RANDOLPH','UT','WESTPAC','NV-UT'),
('84065','RIVERTON','RIVERTON','UT','WESTPAC','NV-UT'),
('84066','ROOSEVELT','ROOSEVELT','UT','WESTPAC','NV-UT'),
('84067','ROY','ROY','UT','WESTPAC','NV-UT'),
('84068','PARK CITY','PARK CITY','UT','WESTPAC','NV-UT'),
('84069','RUSH VALLEY','RUSH VALLEY','UT','WESTPAC','NV-UT'),
('84070','SANDY','SANDY','UT','WESTPAC','NV-UT'),
('84070','SANDY CITY CENTRE','SANDY','UT','WESTPAC','NV-UT'),
('84071','STOCKTON','STOCKTON','UT','WESTPAC','NV-UT'),
('84072','TABIONA','TABIONA','UT','WESTPAC','NV-UT'),
('84073','DUCHESNE','DUCHESNE','UT','WESTPAC','NV-UT'),
('84074','TOOELE','TOOELE','UT','WESTPAC','NV-UT'),
('84074','TOOELE CARRIER ANNEX','TOOELE','UT','WESTPAC','NV-UT'),
('84075','FREEPORT CENTER','CLEARFIELD','UT','WESTPAC','NV-UT'),
('84076','FORT DUCHESNE','FORT DUCHESNE','UT','WESTPAC','NV-UT'),
('84076','TRIDELL','TRIDELL','UT','WESTPAC','NV-UT'),
('84078','VERNAL','VERNAL','UT','WESTPAC','NV-UT'),
('84079','VERNAL','VERNAL','UT','WESTPAC','NV-UT'),
('84080','VERNON','VERNON','UT','WESTPAC','NV-UT'),
('84081','WEST JORDAN','WEST JORDAN','UT','WESTPAC','NV-UT');

INSERT INTO us_locations (zip_code, locale_name, city, state, area_name, district_name) VALUES
('84082','WALLSBURG','WALLSBURG','UT','WESTPAC','NV-UT'),
('84083','WENDOVER','WENDOVER','UT','WESTPAC','NV-UT'),
('84084','WEST JORDAN','WEST JORDAN','UT','WESTPAC','NV-UT'),
('84085','WHITEROCKS','WHITEROCKS','UT','WESTPAC','NV-UT'),
('84086','WOODRUFF','WOODRUFF','UT','WESTPAC','NV-UT'),
('84087','BOUNTIFUL','BOUNTIFUL','UT','WESTPAC','NV-UT'),
('84088','WEST JORDAN','WEST JORDAN','UT','WESTPAC','NV-UT'),
('84089','CLEARFIELD','CLEARFIELD','UT','WESTPAC','NV-UT'),
('84090','ALTA CANYON','SANDY','UT','WESTPAC','NV-UT'),
('84091','SANDY','SANDY','UT','WESTPAC','NV-UT'),
('84092','ALTA','ALTA','UT','WESTPAC','NV-UT'),
('84092','ALTA CANYON','SANDY','UT','WESTPAC','NV-UT'),
('84092','SNOWBIRD','SNOWBIRD','UT','WESTPAC','NV-UT'),
('84093','ALTA CANYON','SANDY','UT','WESTPAC','NV-UT'),
('84094','SANDY','SANDY','UT','WESTPAC','NV-UT'),
('84095','SOUTH JORDAN','SOUTH JORDAN','UT','WESTPAC','NV-UT'),
('84096','RIVERTON','RIVERTON','UT','WESTPAC','NV-UT'),
('84097','MOUNTAIN SHADOWS','OREM','UT','WESTPAC','NV-UT'),
('84098','PARK CITY','PARK CITY','UT','WESTPAC','NV-UT'),
('84098','SNYDERVILLE','PARK CITY','UT','WESTPAC','NV-UT'),
('84101','SALT LAKE DOWNTOWN ANNEX','SALT LAKE CITY','UT','WESTPAC','NV-UT'),
('84102','FOOTHILL','SALT LAKE CITY','UT','WESTPAC','NV-UT'),
('84103','SALT LAKE DOWNTOWN ANNEX','SALT LAKE CITY','UT','WESTPAC','NV-UT'),
('84104','AIRPORT CARRIERS','SALT LAKE CITY','UT','WESTPAC','NV-UT'),
('84105','SUGARHOUSE','SALT LAKE CITY','UT','WESTPAC','NV-UT'),
('84106','SUGARHOUSE','SALT LAKE CITY','UT','WESTPAC','NV-UT'),
('84107','MURRAY','SALT LAKE CITY','UT','WESTPAC','NV-UT'),
('84108','FOOTHILL','SALT LAKE CITY','UT','WESTPAC','NV-UT'),
('84109','MILLCREEK','SALT LAKE CITY','UT','WESTPAC','NV-UT'),
('84110','DOWNTOWN SLC RETAIL EAQ','SALT LAKE CITY','UT','WESTPAC','NV-UT'),
('84111','SALT LAKE DOWNTOWN ANNEX','SALT LAKE CITY','UT','WESTPAC','NV-UT'),
('84112','FOOTHILL','SALT LAKE CITY','UT','WESTPAC','NV-UT'),
('84113','FOOTHILL','SALT LAKE CITY','UT','WESTPAC','NV-UT'),
('84114','SALT LAKE CITY','SALT LAKE CITY','UT','WESTPAC','NV-UT'),
('84115','SOUTH SALT LAKE','SOUTH SALT LAKE','UT','WESTPAC','NV-UT'),
('84116','NORTHWEST','SALT LAKE CITY','UT','WESTPAC','NV-UT'),
('84117','HOLLADAY','SALT LAKE CITY','UT','WESTPAC','NV-UT'),
('84118','KEARNS','TAYLORSVILLE','UT','WESTPAC','NV-UT'),
('84119','WEST VALLEY','WEST VALLEY CITY','UT','WESTPAC','NV-UT'),
('84120','WEST VALLEY','WEST VALLEY CITY','UT','WESTPAC','NV-UT'),
('84121','COTTONWOOD','SALT LAKE CITY','UT','WESTPAC','NV-UT'),
('84122','SALT LAKE CITY','SALT LAKE CITY','UT','WESTPAC','NV-UT'),
('84123','MURRAY','SALT LAKE CITY','UT','WESTPAC','NV-UT'),
('84124','HOLLADAY','SALT LAKE CITY','UT','WESTPAC','NV-UT'),
('84125','SALT LAKE CITY','SALT LAKE CITY','UT','WESTPAC','NV-UT'),
('84126','SALT LAKE CITY','SALT LAKE CITY','UT','WESTPAC','NV-UT'),
('84127','SALT LAKE CITY','SALT LAKE CITY','UT','WESTPAC','NV-UT'),
('84128','WEST VALLEY','WEST VALLEY CITY','UT','WESTPAC','NV-UT'),
('84129','KEARNS','TAYLORSVILLE','UT','WESTPAC','NV-UT'),
('84130','SALT LAKE CITY','SALT LAKE CITY','UT','WESTPAC','NV-UT');

INSERT INTO us_locations (zip_code, locale_name, city, state, area_name, district_name) VALUES
('84131','SALT LAKE CITY','SALT LAKE CITY','UT','WESTPAC','NV-UT'),
('84133','SALT LAKE DOWNTOWN ANNEX','SALT LAKE CITY','UT','WESTPAC','NV-UT'),
('84138','SALT LAKE DOWNTOWN ANNEX','SALT LAKE CITY','UT','WESTPAC','NV-UT'),
('84145','DOWNTOWN SLC RETAIL EAQ','SALT LAKE CITY','UT','WESTPAC','NV-UT'),
('84147','DOWNTOWN SLC RETAIL EAQ','SALT LAKE CITY','UT','WESTPAC','NV-UT'),
('84151','DOWNTOWN SLC RETAIL EAQ','SALT LAKE CITY','UT','WESTPAC','NV-UT'),
('84152','SUGARHOUSE','SALT LAKE CITY','UT','WESTPAC','NV-UT'),
('84157','MURRAY','SALT LAKE CITY','UT','WESTPAC','NV-UT'),
('84158','FOOTHILL','SALT LAKE CITY','UT','WESTPAC','NV-UT'),
('84165','SOUTH SALT LAKE','SOUTH SALT LAKE','UT','WESTPAC','NV-UT'),
('84170','WEST VALLEY','WEST VALLEY CITY','UT','WESTPAC','NV-UT'),
('84171','COTTONWOOD','SALT LAKE CITY','UT','WESTPAC','NV-UT'),
('84180','SALT LAKE DOWNTOWN ANNEX','SALT LAKE CITY','UT','WESTPAC','NV-UT'),
('84301','BEAR RIVER CITY','BEAR RIVER CITY','UT','WESTPAC','NV-UT'),
('84302','BRIGHAM CITY','BRIGHAM CITY','UT','WESTPAC','NV-UT'),
('84304','BRIGHAM CITY','BRIGHAM CITY','UT','WESTPAC','NV-UT'),
('84305','CLARKSTON','CLARKSTON','UT','WESTPAC','NV-UT'),
('84306','GARLAND','GARLAND','UT','WESTPAC','NV-UT'),
('84307','CORINNE','CORINNE','UT','WESTPAC','NV-UT'),
('84308','LEWISTON','LEWISTON','UT','WESTPAC','NV-UT'),
('84309','BRIGHAM CITY','BRIGHAM CITY','UT','WESTPAC','NV-UT'),
('84310','EDEN','EDEN','UT','WESTPAC','NV-UT'),
('84311','FIELDING','FIELDING','UT','WESTPAC','NV-UT'),
('84312','GARLAND','GARLAND','UT','WESTPAC','NV-UT'),
('84313','GROUSE CREEK','GROUSE CREEK','UT','WESTPAC','NV-UT'),
('84313','SNOWVILLE','SNOWVILLE','UT','WESTPAC','NV-UT'),
('84314','HONEYVILLE','HONEYVILLE','UT','WESTPAC','NV-UT'),
('84315','HOOPER','HOOPER','UT','WESTPAC','NV-UT'),
('84316','HOWELL','HOWELL','UT','WESTPAC','NV-UT'),
('84317','HUNTSVILLE','HUNTSVILLE','UT','WESTPAC','NV-UT'),
('84318','HYDE PARK','HYDE PARK','UT','WESTPAC','NV-UT'),
('84319','HYRUM','HYRUM','UT','WESTPAC','NV-UT'),
('84320','LEWISTON','LEWISTON','UT','WESTPAC','NV-UT'),
('84321','LOGAN','LOGAN','UT','WESTPAC','NV-UT'),
('84323','LOGAN','LOGAN','UT','WESTPAC','NV-UT'),
('84324','BRIGHAM CITY','BRIGHAM CITY','UT','WESTPAC','NV-UT'),
('84325','MENDON','MENDON','UT','WESTPAC','NV-UT'),
('84326','MILLVILLE','MILLVILLE','UT','WESTPAC','NV-UT'),
('84327','NEWTON','NEWTON','UT','WESTPAC','NV-UT'),
('84328','PARADISE','PARADISE','UT','WESTPAC','NV-UT'),
('84329','PARK VALLEY','PARK VALLEY','UT','WESTPAC','NV-UT'),
('84330','PLYMOUTH','PLYMOUTH','UT','WESTPAC','NV-UT'),
('84331','GARLAND','GARLAND','UT','WESTPAC','NV-UT'),
('84332','PROVIDENCE','PROVIDENCE','UT','WESTPAC','NV-UT'),
('84333','RICHMOND','RICHMOND','UT','WESTPAC','NV-UT'),
('84334','RIVERSIDE','RIVERSIDE','UT','WESTPAC','NV-UT'),
('84335','SMITHFIELD','SMITHFIELD','UT','WESTPAC','NV-UT'),
('84336','SNOWVILLE','SNOWVILLE','UT','WESTPAC','NV-UT'),
('84337','TREMONTON','TREMONTON','UT','WESTPAC','NV-UT'),
('84338','TRENTON','TRENTON','UT','WESTPAC','NV-UT');

INSERT INTO us_locations (zip_code, locale_name, city, state, area_name, district_name) VALUES
('84339','WELLSVILLE','WELLSVILLE','UT','WESTPAC','NV-UT'),
('84340','WILLARD','WILLARD','UT','WESTPAC','NV-UT'),
('84341','NORTH LOGAN','LOGAN','UT','WESTPAC','NV-UT'),
('84401','OGDEN','OGDEN','UT','WESTPAC','NV-UT'),
('84402','TOWN','OGDEN','UT','WESTPAC','NV-UT'),
('84403','MOUNT OGDEN','OGDEN','UT','WESTPAC','NV-UT'),
('84404','BEN LOMOND','OGDEN','UT','WESTPAC','NV-UT'),
('84405','OGDEN','OGDEN','UT','WESTPAC','NV-UT'),
('84409','OGDEN','OGDEN','UT','WESTPAC','NV-UT'),
('84412','BEN LOMOND','OGDEN','UT','WESTPAC','NV-UT'),
('84414','BEN LOMOND','OGDEN','UT','WESTPAC','NV-UT'),
('84415','MOUNT OGDEN','OGDEN','UT','WESTPAC','NV-UT'),
('84501','PRICE','PRICE','UT','WESTPAC','NV-UT'),
('84510','ANETH','ANETH','UT','WESTPAC','NV-UT'),
('84511','BLANDING','BLANDING','UT','WESTPAC','NV-UT'),
('84512','BLUFF','BLUFF','UT','WESTPAC','NV-UT'),
('84513','CASTLE DALE','CASTLE DALE','UT','WESTPAC','NV-UT'),
('84515','GREEN RIVER','GREEN RIVER','UT','WESTPAC','NV-UT'),
('84516','FERRON','FERRON','UT','WESTPAC','NV-UT'),
('84518','CLEVELAND','CLEVELAND','UT','WESTPAC','NV-UT'),
('84520','EAST CARBON','EAST CARBON','UT','WESTPAC','NV-UT'),
('84521','ELMO','ELMO','UT','WESTPAC','NV-UT'),
('84522','EMERY','EMERY','UT','WESTPAC','NV-UT'),
('84523','FERRON','FERRON','UT','WESTPAC','NV-UT'),
('84525','GREEN RIVER','GREEN RIVER','UT','WESTPAC','NV-UT'),
('84526','HELPER','HELPER','UT','WESTPAC','NV-UT'),
('84526','PRICE','PRICE','UT','WESTPAC','NV-UT'),
('84528','HUNTINGTON','HUNTINGTON','UT','WESTPAC','NV-UT'),
('84529','HELPER','HELPER','UT','WESTPAC','NV-UT'),
('84530','LA SAL','LA SAL','UT','WESTPAC','NV-UT'),
('84531','MEXICAN HAT','MEXICAN HAT','UT','WESTPAC','NV-UT'),
('84532','MOAB','MOAB','UT','WESTPAC','NV-UT'),
('84533','BLANDING','BLANDING','UT','WESTPAC','NV-UT'),
('84533','BULLFROG','LAKE POWELL','UT','WESTPAC','NV-UT'),
('84534','MONTEZUMA CREEK','MONTEZUMA CREEK','UT','WESTPAC','NV-UT'),
('84535','MONTICELLO','MONTICELLO','UT','WESTPAC','NV-UT'),
('84536','MONUMENT VALLEY','MONUMENT VALLEY','UT','WESTPAC','NV-UT'),
('84537','ORANGEVILLE','ORANGEVILLE','UT','WESTPAC','NV-UT'),
('84539','SUNNYSIDE','SUNNYSIDE','UT','WESTPAC','NV-UT'),
('84540','GREEN RIVER','GREEN RIVER','UT','WESTPAC','NV-UT'),
('84542','PRICE','PRICE','UT','WESTPAC','NV-UT'),
('84542','WELLINGTON','WELLINGTON','UT','WESTPAC','NV-UT'),
('84601','PROVO','PROVO','UT','WESTPAC','NV-UT'),
('84603','PROVO','PROVO','UT','WESTPAC','NV-UT'),
('84604','PROVO','PROVO','UT','WESTPAC','NV-UT'),
('84605','PROVO PO','PROVO','UT','WESTPAC','NV-UT'),
('84606','PROVO PO','PROVO','UT','WESTPAC','NV-UT'),
('84620','AURORA','AURORA','UT','WESTPAC','NV-UT'),
('84621','GUNNISON','GUNNISON','UT','WESTPAC','NV-UT'),
('84622','GUNNISON','GUNNISON','UT','WESTPAC','NV-UT');

INSERT INTO us_locations (zip_code, locale_name, city, state, area_name, district_name) VALUES
('84623','MORONI','MORONI','UT','WESTPAC','NV-UT'),
('84624','DELTA','DELTA','UT','WESTPAC','NV-UT'),
('84626','ELBERTA','ELBERTA','UT','WESTPAC','NV-UT'),
('84627','EPHRAIM','EPHRAIM','UT','WESTPAC','NV-UT'),
('84628','EUREKA','EUREKA','UT','WESTPAC','NV-UT'),
('84629','FAIRVIEW','FAIRVIEW','UT','WESTPAC','NV-UT'),
('84629','MOUNT PLEASANT','MOUNT PLEASANT','UT','WESTPAC','NV-UT'),
('84630','GUNNISON','GUNNISON','UT','WESTPAC','NV-UT'),
('84631','FILLMORE','FILLMORE','UT','WESTPAC','NV-UT'),
('84632','FOUNTAIN GREEN','FOUNTAIN GREEN','UT','WESTPAC','NV-UT'),
('84633','GOSHEN','GOSHEN','UT','WESTPAC','NV-UT'),
('84634','GUNNISON','GUNNISON','UT','WESTPAC','NV-UT'),
('84635','HINCKLEY','HINCKLEY','UT','WESTPAC','NV-UT'),
('84636','HOLDEN','HOLDEN','UT','WESTPAC','NV-UT'),
('84637','KANOSH','KANOSH','UT','WESTPAC','NV-UT'),
('84638','LEAMINGTON','LEAMINGTON','UT','WESTPAC','NV-UT'),
('84639','LEVAN','LEVAN','UT','WESTPAC','NV-UT'),
('84640','LYNNDYL','LYNNDYL','UT','WESTPAC','NV-UT'),
('84642','MANTI','MANTI','UT','WESTPAC','NV-UT'),
('84643','MAYFIELD','MAYFIELD','UT','WESTPAC','NV-UT'),
('84644','MEADOW','MEADOW','UT','WESTPAC','NV-UT'),
('84645','MONA','MONA','UT','WESTPAC','NV-UT'),
('84646','MORONI','MORONI','UT','WESTPAC','NV-UT'),
('84647','MOUNT PLEASANT','MOUNT PLEASANT','UT','WESTPAC','NV-UT'),
('84648','NEPHI','NEPHI','UT','WESTPAC','NV-UT'),
('84649','OAK CITY','OAK CITY','UT','WESTPAC','NV-UT'),
('84651','PAYSON','PAYSON','UT','WESTPAC','NV-UT'),
('84652','REDMOND','REDMOND','UT','WESTPAC','NV-UT'),
('84653','SALEM','SALEM','UT','WESTPAC','NV-UT'),
('84654','SALINA','SALINA','UT','WESTPAC','NV-UT'),
('84655','SANTAQUIN','SANTAQUIN','UT','WESTPAC','NV-UT'),
('84656','SCIPIO','SCIPIO','UT','WESTPAC','NV-UT'),
('84657','RICHFIELD','RICHFIELD','UT','WESTPAC','NV-UT'),
('84660','SPANISH FORK','SPANISH FORK','UT','WESTPAC','NV-UT'),
('84662','SPRING CITY','SPRING CITY','UT','WESTPAC','NV-UT'),
('84663','SPRINGVILLE','SPRINGVILLE','UT','WESTPAC','NV-UT'),
('84664','SPRINGVILLE','SPRINGVILLE','UT','WESTPAC','NV-UT'),
('84665','STERLING','STERLING','UT','WESTPAC','NV-UT'),
('84667','MORONI','MORONI','UT','WESTPAC','NV-UT'),
('84701','RICHFIELD','RICHFIELD','UT','WESTPAC','NV-UT'),
('84710','ALTON','ALTON','UT','WESTPAC','NV-UT'),
('84711','ANNABELLA','ANNABELLA','UT','WESTPAC','NV-UT'),
('84712','ANTIMONY','ANTIMONY','UT','WESTPAC','NV-UT'),
('84712','JUNCTION','JUNCTION','UT','WESTPAC','NV-UT'),
('84713','BEAVER','BEAVER','UT','WESTPAC','NV-UT'),
('84714','NEWCASTLE','NEWCASTLE','UT','WESTPAC','NV-UT'),
('84715','BICKNELL','BICKNELL','UT','WESTPAC','NV-UT'),
('84716','BOULDER','BOULDER','UT','WESTPAC','NV-UT'),
('84718','CANNONVILLE','CANNONVILLE','UT','WESTPAC','NV-UT'),
('84719','BRIAN HEAD','BRIAN HEAD','UT','WESTPAC','NV-UT');

INSERT INTO us_locations (zip_code, locale_name, city, state, area_name, district_name) VALUES
('84720','CEDAR CITY','CEDAR CITY','UT','WESTPAC','NV-UT'),
('84721','CEDAR CITY','CEDAR CITY','UT','WESTPAC','NV-UT'),
('84722','CEDAR CITY','CEDAR CITY','UT','WESTPAC','NV-UT'),
('84723','CIRCLEVILLE','CIRCLEVILLE','UT','WESTPAC','NV-UT'),
('84724','ELSINORE','ELSINORE','UT','WESTPAC','NV-UT'),
('84725','ENTERPRISE','ENTERPRISE','UT','WESTPAC','NV-UT'),
('84726','ESCALANTE','ESCALANTE','UT','WESTPAC','NV-UT'),
('84728','GARRISON','GARRISON','UT','WESTPAC','NV-UT'),
('84729','GLENDALE','GLENDALE','UT','WESTPAC','NV-UT'),
('84730','GLENWOOD','GLENWOOD','UT','WESTPAC','NV-UT'),
('84731','BEAVER','BEAVER','UT','WESTPAC','NV-UT'),
('84732','RICHFIELD','RICHFIELD','UT','WESTPAC','NV-UT'),
('84733','SANTA CLARA','SANTA CLARA','UT','WESTPAC','NV-UT'),
('84734','HANKSVILLE','HANKSVILLE','UT','WESTPAC','NV-UT'),
('84735','HATCH','HATCH','UT','WESTPAC','NV-UT'),
('84736','HENRIEVILLE','HENRIEVILLE','UT','WESTPAC','NV-UT'),
('84737','HURRICANE','HURRICANE','UT','WESTPAC','NV-UT'),
('84738','IVINS','IVINS','UT','WESTPAC','NV-UT'),
('84738','SANTA CLARA','SANTA CLARA','UT','WESTPAC','NV-UT'),
('84739','MONROE','MONROE','UT','WESTPAC','NV-UT'),
('84740','JUNCTION','JUNCTION','UT','WESTPAC','NV-UT'),
('84741','BIG WATER','BIG WATER','UT','WESTPAC','NV-UT'),
('84741','KANAB','KANAB','UT','WESTPAC','NV-UT'),
('84742','CEDAR CITY','CEDAR CITY','UT','WESTPAC','NV-UT'),
('84743','JUNCTION','JUNCTION','UT','WESTPAC','NV-UT'),
('84744','KOOSHAREM','KOOSHAREM','UT','WESTPAC','NV-UT'),
('84744','RICHFIELD','RICHFIELD','UT','WESTPAC','NV-UT'),
('84745','HURRICANE','HURRICANE','UT','WESTPAC','NV-UT'),
('84745','LA VERKIN','LA VERKIN','UT','WESTPAC','NV-UT'),
('84746','LEEDS','LEEDS','UT','WESTPAC','NV-UT'),
('84747','LOA','LOA','UT','WESTPAC','NV-UT'),
('84749','LYMAN','LYMAN','UT','WESTPAC','NV-UT'),
('84750','MARYSVALE','MARYSVALE','UT','WESTPAC','NV-UT'),
('84751','MILFORD','MILFORD','UT','WESTPAC','NV-UT'),
('84752','MINERSVILLE','MINERSVILLE','UT','WESTPAC','NV-UT'),
('84753','NEWCASTLE','NEWCASTLE','UT','WESTPAC','NV-UT'),
('84754','MONROE','MONROE','UT','WESTPAC','NV-UT'),
('84755','ORDERVILLE','ORDERVILLE','UT','WESTPAC','NV-UT'),
('84756','NEWCASTLE','NEWCASTLE','UT','WESTPAC','NV-UT'),
('84757','CEDAR CITY','CEDAR CITY','UT','WESTPAC','NV-UT'),
('84757','NEW HARMONY','NEW HARMONY','UT','WESTPAC','NV-UT'),
('84758','ORDERVILLE','ORDERVILLE','UT','WESTPAC','NV-UT'),
('84759','PANGUITCH','PANGUITCH','UT','WESTPAC','NV-UT'),
('84760','PARAGONAH','PARAGONAH','UT','WESTPAC','NV-UT'),
('84761','PAROWAN','PAROWAN','UT','WESTPAC','NV-UT'),
('84762','CEDAR CITY','CEDAR CITY','UT','WESTPAC','NV-UT'),
('84763','ROCKVILLE','ROCKVILLE','UT','WESTPAC','NV-UT'),
('84764','CPU RUBYS INN','BRYCE CANYON CITY','UT','WESTPAC','NV-UT'),
('84765','SANTA CLARA','SANTA CLARA','UT','WESTPAC','NV-UT'),
('84766','MONROE','MONROE','UT','WESTPAC','NV-UT');

INSERT INTO us_locations (zip_code, locale_name, city, state, area_name, district_name) VALUES
('84767','SPRINGDALE','SPRINGDALE','UT','WESTPAC','NV-UT'),
('84770','DOWNTOWN SAINT GEORGE','SAINT GEORGE','UT','WESTPAC','NV-UT'),
('84771','DOWNTOWN SAINT GEORGE','SAINT GEORGE','UT','WESTPAC','NV-UT'),
('84772','SUMMIT','SUMMIT','UT','WESTPAC','NV-UT'),
('84773','TEASDALE','TEASDALE','UT','WESTPAC','NV-UT'),
('84774','TOQUERVILLE','TOQUERVILLE','UT','WESTPAC','NV-UT'),
('84775','BICKNELL','BICKNELL','UT','WESTPAC','NV-UT'),
('84776','TROPIC','TROPIC','UT','WESTPAC','NV-UT'),
('84779','LA VERKIN','LA VERKIN','UT','WESTPAC','NV-UT'),
('84780','SAINT GEORGE','SAINT GEORGE','UT','WESTPAC','NV-UT'),
('84780','WASHINGTON','WASHINGTON','UT','WESTPAC','NV-UT'),
('84781','CEDAR CITY','CEDAR CITY','UT','WESTPAC','NV-UT'),
('84782','SANTA CLARA','SANTA CLARA','UT','WESTPAC','NV-UT'),
('84782','VEYO','VEYO','UT','WESTPAC','NV-UT'),
('84783','SANTA CLARA','SANTA CLARA','UT','WESTPAC','NV-UT'),
('84784','COLORADO CITY','COLORADO CITY','AZ','WESTPAC','NV-UT'),
('84790','SAINT GEORGE','SAINT GEORGE','UT','WESTPAC','NV-UT'),
('84791','SAINT GEORGE','SAINT GEORGE','UT','WESTPAC','NV-UT'),
('85001','DOWNTOWN PHOENIX','PHOENIX','AZ','WESTPAC','AZ-NM'),
('85002','DOWNTOWN PHOENIX','PHOENIX','AZ','WESTPAC','AZ-NM'),
('85003','PHOENIX RIO SALADO AZ S&DC','PHOENIX','AZ','WESTPAC','AZ-NM'),
('85004','PHOENIX RIO SALADO AZ S&DC','PHOENIX','AZ','WESTPAC','AZ-NM'),
('85005','CAPITOL','PHOENIX','AZ','WESTPAC','AZ-NM'),
('85006','PHOENIX RIO SALADO AZ S&DC','PHOENIX','AZ','WESTPAC','AZ-NM'),
('85007','CAPITOL','PHOENIX','AZ','WESTPAC','AZ-NM'),
('85008','PHOENIX RIO SALADO AZ S&DC','PHOENIX','AZ','WESTPAC','AZ-NM'),
('85009','CAPITOL','PHOENIX','AZ','WESTPAC','AZ-NM'),
('85010','ARCADIA','PHOENIX','AZ','WESTPAC','AZ-NM'),
('85011','OSBORN','PHOENIX','AZ','WESTPAC','AZ-NM'),
('85012','OSBORN','PHOENIX','AZ','WESTPAC','AZ-NM'),
('85013','OSBORN','PHOENIX','AZ','WESTPAC','AZ-NM'),
('85014','OSBORN','PHOENIX','AZ','WESTPAC','AZ-NM'),
('85015','NORTHWEST ANNEX','PHOENIX','AZ','WESTPAC','AZ-NM'),
('85016','PHOENIX RIO SALADO AZ S&DC','PHOENIX','AZ','WESTPAC','AZ-NM'),
('85017','NORTHWEST ANNEX','PHOENIX','AZ','WESTPAC','AZ-NM'),
('85018','PHOENIX RIO SALADO AZ S&DC','PHOENIX','AZ','WESTPAC','AZ-NM'),
('85019','MARYVALE','PHOENIX','AZ','WESTPAC','AZ-NM'),
('85020','SUNNYSLOPE','PHOENIX','AZ','WESTPAC','AZ-NM'),
('85021','WASHINGTON','PHOENIX','AZ','WESTPAC','AZ-NM'),
('85022','SUNNYSLOPE ANNEX','PHOENIX','AZ','WESTPAC','AZ-NM'),
('85023','SIERRA ADOBE','PHOENIX','AZ','WESTPAC','AZ-NM'),
('85024','BOULDER HILLS','PHOENIX','AZ','WESTPAC','AZ-NM'),
('85027','SIERRA ADOBE','PHOENIX','AZ','WESTPAC','AZ-NM'),
('85028','CACTUS','PHOENIX','AZ','WESTPAC','AZ-NM'),
('85029','SHAW BUTTE','PHOENIX','AZ','WESTPAC','AZ-NM'),
('85030','DOWNTOWN PHOENIX','PHOENIX','AZ','WESTPAC','AZ-NM'),
('85031','MARYVALE','PHOENIX','AZ','WESTPAC','AZ-NM'),
('85032','CACTUS','PHOENIX','AZ','WESTPAC','AZ-NM'),
('85033','MARYVALE','PHOENIX','AZ','WESTPAC','AZ-NM'),
('85034','PHOENIX RIO SALADO AZ S&DC','PHOENIX','AZ','WESTPAC','AZ-NM');

INSERT INTO us_locations (zip_code, locale_name, city, state, area_name, district_name) VALUES
('85035','MARYVALE','PHOENIX','AZ','WESTPAC','AZ-NM'),
('85036','PHOENIX RIO SALADO AZ S&DC','PHOENIX','AZ','WESTPAC','AZ-NM'),
('85037','MARYVALE','PHOENIX','AZ','WESTPAC','AZ-NM'),
('85038','PHOENIX','PHOENIX','AZ','WESTPAC','AZ-NM'),
('85040','PHOENIX RIO SALADO AZ S&DC','PHOENIX','AZ','WESTPAC','AZ-NM'),
('85041','PHOENIX RIO SALADO AZ S&DC','PHOENIX','AZ','WESTPAC','AZ-NM'),
('85042','PHOENIX RIO SALADO AZ S&DC','PHOENIX','AZ','WESTPAC','AZ-NM'),
('85043','MARYVALE','PHOENIX','AZ','WESTPAC','AZ-NM'),
('85044','PHOENIX RIO SALADO AZ S&DC','PHOENIX','AZ','WESTPAC','AZ-NM'),
('85045','PECOS','PHOENIX','AZ','WESTPAC','AZ-NM'),
('85046','CACTUS','PHOENIX','AZ','WESTPAC','AZ-NM'),
('85048','PECOS','PHOENIX','AZ','WESTPAC','AZ-NM'),
('85050','BOULDER HILLS','PHOENIX','AZ','WESTPAC','AZ-NM'),
('85051','WASHINGTON','PHOENIX','AZ','WESTPAC','AZ-NM'),
('85053','SHAW BUTTE','PHOENIX','AZ','WESTPAC','AZ-NM'),
('85054','BOULDER HILLS','PHOENIX','AZ','WESTPAC','AZ-NM'),
('85060','ARCADIA','PHOENIX','AZ','WESTPAC','AZ-NM'),
('85061','NORTHWEST','PHOENIX','AZ','WESTPAC','AZ-NM'),
('85062','PHOENIX','PHOENIX','AZ','WESTPAC','AZ-NM'),
('85063','MARYVALE','PHOENIX','AZ','WESTPAC','AZ-NM'),
('85064','NORTHEAST','PHOENIX','AZ','WESTPAC','AZ-NM'),
('85066','SOUTH MOUNTAIN','PHOENIX','AZ','WESTPAC','AZ-NM'),
('85067','OSBORN','PHOENIX','AZ','WESTPAC','AZ-NM'),
('85068','SUNNYSLOPE','PHOENIX','AZ','WESTPAC','AZ-NM'),
('85069','WASHINGTON','PHOENIX','AZ','WESTPAC','AZ-NM'),
('85070','PECOS','PHOENIX','AZ','WESTPAC','AZ-NM'),
('85071','SHAW BUTTE','PHOENIX','AZ','WESTPAC','AZ-NM'),
('85072','PHOENIX','PHOENIX','AZ','WESTPAC','AZ-NM'),
('85074','PHOENIX RIO SALADO AZ S&DC','PHOENIX','AZ','WESTPAC','AZ-NM'),
('85076','AHWATUKEE','PHOENIX','AZ','WESTPAC','AZ-NM'),
('85078','CACTUS','PHOENIX','AZ','WESTPAC','AZ-NM'),
('85079','NORTHWEST','PHOENIX','AZ','WESTPAC','AZ-NM'),
('85080','SIERRA ADOBE','PHOENIX','AZ','WESTPAC','AZ-NM'),
('85082','PHOENIX','PHOENIX','AZ','WESTPAC','AZ-NM'),
('85083','DAISY MOUNTAIN','PHOENIX','AZ','WESTPAC','AZ-NM'),
('85085','DAISY MOUNTAIN','PHOENIX','AZ','WESTPAC','AZ-NM'),
('85086','DAISY MOUNTAIN','PHOENIX','AZ','WESTPAC','AZ-NM'),
('85087','DAISY MOUNTAIN','PHOENIX','AZ','WESTPAC','AZ-NM'),
('85117','APACHE JUNCTION','APACHE JUNCTION','AZ','WESTPAC','AZ-NM'),
('85118','APACHE JUNCTION','APACHE JUNCTION','AZ','WESTPAC','AZ-NM'),
('85119','APACHE JUNCTION','APACHE JUNCTION','AZ','WESTPAC','AZ-NM'),
('85120','APACHE JUNCTION','APACHE JUNCTION','AZ','WESTPAC','AZ-NM'),
('85121','CPU BAPCHULE','BAPCHULE','AZ','WESTPAC','AZ-NM'),
('85122','CASA GRANDE','CASA GRANDE','AZ','WESTPAC','AZ-NM'),
('85123','CPU ARIZONA CITY','CASA GRANDE','AZ','WESTPAC','AZ-NM'),
('85127','CHANDLER HEIGHTS','QUEEN CREEK','AZ','WESTPAC','AZ-NM'),
('85128','COOLIDGE','COOLIDGE','AZ','WESTPAC','AZ-NM'),
('85130','CASA GRANDE','CASA GRANDE','AZ','WESTPAC','AZ-NM'),
('85131','ELOY','ELOY','AZ','WESTPAC','AZ-NM'),
('85132','FLORENCE','FLORENCE','AZ','WESTPAC','AZ-NM');

INSERT INTO us_locations (zip_code, locale_name, city, state, area_name, district_name) VALUES
('85135','HAYDEN','HAYDEN','AZ','WESTPAC','AZ-NM'),
('85137','KEARNY','KEARNY','AZ','WESTPAC','AZ-NM'),
('85138','MARICOPA CARRIER ANNEX','MARICOPA','AZ','WESTPAC','AZ-NM'),
('85139','MARICOPA','MARICOPA','AZ','WESTPAC','AZ-NM'),
('85139','MARICOPA CARRIER ANNEX','MARICOPA','AZ','WESTPAC','AZ-NM'),
('85140','QUEEN CREEK','QUEEN CREEK','AZ','WESTPAC','AZ-NM'),
('85141','ELOY','ELOY','AZ','WESTPAC','AZ-NM'),
('85142','QUEEN CREEK','QUEEN CREEK','AZ','WESTPAC','AZ-NM'),
('85143','QUEEN CREEK','QUEEN CREEK','AZ','WESTPAC','AZ-NM'),
('85144','QUEEN CREEK','QUEEN CREEK','AZ','WESTPAC','AZ-NM'),
('85145','RED ROCK','RED ROCK','AZ','WESTPAC','AZ-NM'),
('85147','SACATON','SACATON','AZ','WESTPAC','AZ-NM'),
('85172','STANFIELD','STANFIELD','AZ','WESTPAC','AZ-NM'),
('85173','SUPERIOR','SUPERIOR','AZ','WESTPAC','AZ-NM'),
('85178','APACHE JUNCTION','APACHE JUNCTION','AZ','WESTPAC','AZ-NM'),
('85191','VALLEY FARMS','VALLEY FARMS','AZ','WESTPAC','AZ-NM'),
('85192','WINKELMAN','WINKELMAN','AZ','WESTPAC','AZ-NM'),
('85193','CASA GRANDE','CASA GRANDE','AZ','WESTPAC','AZ-NM'),
('85194','CASA GRANDE','CASA GRANDE','AZ','WESTPAC','AZ-NM'),
('85201','MESA','MESA','AZ','WESTPAC','AZ-NM'),
('85202','MESA DOBSON','MESA','AZ','WESTPAC','AZ-NM'),
('85203','MESA MOUNTAIN VIEW','MESA','AZ','WESTPAC','AZ-NM'),
('85204','MESA MOUNTAIN VIEW','MESA','AZ','WESTPAC','AZ-NM'),
('85205','MESA FALCON FIELD','MESA','AZ','WESTPAC','AZ-NM'),
('85206','MESA DESERT','MESA','AZ','WESTPAC','AZ-NM'),
('85207','MESA DESERT','MESA','AZ','WESTPAC','AZ-NM'),
('85208','MESA FOUR PEAKS','MESA','AZ','WESTPAC','AZ-NM'),
('85209','MESA FOUR PEAKS','MESA','AZ','WESTPAC','AZ-NM'),
('85210','MESA DOBSON','MESA','AZ','WESTPAC','AZ-NM'),
('85211','MESA','MESA','AZ','WESTPAC','AZ-NM'),
('85212','MESA FOUR PEAKS','MESA','AZ','WESTPAC','AZ-NM'),
('85213','MESA MOUNTAIN VIEW','MESA','AZ','WESTPAC','AZ-NM'),
('85214','MESA MOUNTAIN VIEW','MESA','AZ','WESTPAC','AZ-NM'),
('85215','MESA FALCON FIELD','MESA','AZ','WESTPAC','AZ-NM'),
('85216','MESA SUPERSTITION SPRINGS','MESA','AZ','WESTPAC','AZ-NM'),
('85224','ANDERSEN SPRINGS','CHANDLER','AZ','WESTPAC','AZ-NM'),
('85225','CHANDLER','CHANDLER','AZ','WESTPAC','AZ-NM'),
('85226','ANDERSEN SPRINGS','CHANDLER','AZ','WESTPAC','AZ-NM'),
('85233','FIESTA ANNEX','GILBERT','AZ','WESTPAC','AZ-NM'),
('85234','FIESTA ANNEX','GILBERT','AZ','WESTPAC','AZ-NM'),
('85236','HIGLEY','HIGLEY','AZ','WESTPAC','AZ-NM'),
('85244','CHANDLER','CHANDLER','AZ','WESTPAC','AZ-NM'),
('85246','ANDERSEN SPRINGS','CHANDLER','AZ','WESTPAC','AZ-NM'),
('85248','OCOTILLO','CHANDLER','AZ','WESTPAC','AZ-NM'),
('85249','OCOTILLO','CHANDLER','AZ','WESTPAC','AZ-NM'),
('85250','SCOTTSDALE HOPI','SCOTTSDALE','AZ','WESTPAC','AZ-NM'),
('85251','SCOTTSDALE','SCOTTSDALE','AZ','WESTPAC','AZ-NM'),
('85252','SCOTTSDALE','SCOTTSDALE','AZ','WESTPAC','AZ-NM'),
('85253','SCOTTSDALE HOPI','SCOTTSDALE','AZ','WESTPAC','AZ-NM'),
('85254','SCOTTSDALE AIRPARK','SCOTTSDALE','AZ','WESTPAC','AZ-NM');

