INSERT INTO us_locations (zip_code, locale_name, city, state, area_name, district_name) VALUES
('04049','LIMINGTON','LIMINGTON','ME','ATLANTIC','ME-NH-VT'),
('04050','LONG ISLAND','LONG ISLAND','ME','ATLANTIC','ME-NH-VT'),
('04051','LOVELL','LOVELL','ME','ATLANTIC','ME-NH-VT'),
('04054','MOODY','MOODY','ME','ATLANTIC','ME-NH-VT'),
('04055','NAPLES','NAPLES','ME','ATLANTIC','ME-NH-VT'),
('04055','TONYS FOODLAND NPU','NAPLES','ME','ATLANTIC','ME-NH-VT'),
('04056','NEWFIELD','NEWFIELD','ME','ATLANTIC','ME-NH-VT'),
('04057','NORTH BRIDGTON','NORTH BRIDGTON','ME','ATLANTIC','ME-NH-VT'),
('04061','NORTH WATERBORO','NORTH WATERBORO','ME','ATLANTIC','ME-NH-VT'),
('04062','WINDHAM','WINDHAM','ME','ATLANTIC','ME-NH-VT'),
('04063','OCEAN PARK','OCEAN PARK','ME','ATLANTIC','ME-NH-VT'),
('04064','INDUSTRIAL PARK ANNEX','SACO','ME','ATLANTIC','ME-NH-VT'),
('04064','OLD ORCHARD BEACH','OLD ORCHARD BEACH','ME','ATLANTIC','ME-NH-VT'),
('04066','ORRS ISLAND','ORRS ISLAND','ME','ATLANTIC','ME-NH-VT'),
('04068','PARSONSFIELD','PARSONSFIELD','ME','ATLANTIC','ME-NH-VT'),
('04068','PORTER','PORTER','ME','ATLANTIC','ME-NH-VT'),
('04069','POWNAL','POWNAL','ME','ATLANTIC','ME-NH-VT'),
('04070','SCARBOROUGH','SCARBOROUGH','ME','ATLANTIC','ME-NH-VT'),
('04071','RAYMOND','RAYMOND','ME','ATLANTIC','ME-NH-VT'),
('04072','INDUSTRIAL PARK ANNEX','SACO','ME','ATLANTIC','ME-NH-VT'),
('04072','SACO','SACO','ME','ATLANTIC','ME-NH-VT'),
('04073','SANFORD','SANFORD','ME','ATLANTIC','ME-NH-VT'),
('04074','SOUTHERN MAINE CARRIER UNIT','SCARBOROUGH','ME','ATLANTIC','ME-NH-VT'),
('04076','SHAPLEIGH','SHAPLEIGH','ME','ATLANTIC','ME-NH-VT'),
('04077','SOUTH CASCO','SOUTH CASCO','ME','ATLANTIC','ME-NH-VT'),
('04078','SOUTH FREEPORT','SOUTH FREEPORT','ME','ATLANTIC','ME-NH-VT'),
('04079','HARPSWELL','HARPSWELL','ME','ATLANTIC','ME-NH-VT'),
('04082','SOUTH WINDHAM','SOUTH WINDHAM','ME','ATLANTIC','ME-NH-VT'),
('04083','SANFORD','SANFORD','ME','ATLANTIC','ME-NH-VT'),
('04083','SPRINGVALE','SPRINGVALE','ME','ATLANTIC','ME-NH-VT'),
('04084','GORHAM','GORHAM','ME','ATLANTIC','ME-NH-VT'),
('04084','STANDISH','STANDISH','ME','ATLANTIC','ME-NH-VT'),
('04085','LIMINGTON','LIMINGTON','ME','ATLANTIC','ME-NH-VT'),
('04085','STEEP FALLS','STEEP FALLS','ME','ATLANTIC','ME-NH-VT'),
('04086','BRUNSWICK','BRUNSWICK','ME','ATLANTIC','ME-NH-VT'),
('04086','TOPSHAM','TOPSHAM','ME','ATLANTIC','ME-NH-VT'),
('04087','WATERBORO','WATERBORO','ME','ATLANTIC','ME-NH-VT'),
('04088','WATERFORD','WATERFORD','ME','ATLANTIC','ME-NH-VT'),
('04090','WELLS','WELLS','ME','ATLANTIC','ME-NH-VT'),
('04091','WEST BALDWIN','WEST BALDWIN','ME','ATLANTIC','ME-NH-VT'),
('04092','PORTLAND ME SDC','PORTLAND','ME','ATLANTIC','ME-NH-VT'),
('04093','BUXTON','BUXTON','ME','ATLANTIC','ME-NH-VT'),
('04093','GORHAM','GORHAM','ME','ATLANTIC','ME-NH-VT'),
('04094','WEST KENNEBUNK','WEST KENNEBUNK','ME','ATLANTIC','ME-NH-VT'),
('04095','WEST NEWFIELD','WEST NEWFIELD','ME','ATLANTIC','ME-NH-VT'),
('04096','YARMOUTH','YARMOUTH','ME','ATLANTIC','ME-NH-VT'),
('04097','YARMOUTH','YARMOUTH','ME','ATLANTIC','ME-NH-VT'),
('04098','WESTBROOK','WESTBROOK','ME','ATLANTIC','ME-NH-VT'),
('04101','DOWNTOWN STATION','PORTLAND','ME','ATLANTIC','ME-NH-VT'),
('04101','PORTLAND ME SDC','PORTLAND','ME','ATLANTIC','ME-NH-VT');

INSERT INTO us_locations (zip_code, locale_name, city, state, area_name, district_name) VALUES
('04101','STATION A','PORTLAND','ME','ATLANTIC','ME-NH-VT'),
('04102','PORTLAND ME SDC','PORTLAND','ME','ATLANTIC','ME-NH-VT'),
('04103','PORTLAND ME SDC','PORTLAND','ME','ATLANTIC','ME-NH-VT'),
('04104','PORTLAND ME SDC','PORTLAND','ME','ATLANTIC','ME-NH-VT'),
('04105','CPU SHAWS','FALMOUTH','ME','ATLANTIC','ME-NH-VT'),
('04105','PORTLAND ME SDC','PORTLAND','ME','ATLANTIC','ME-NH-VT'),
('04106','SOUTHERN MAINE CARRIER UNIT','SCARBOROUGH','ME','ATLANTIC','ME-NH-VT'),
('04107','PORTLAND ME SDC','PORTLAND','ME','ATLANTIC','ME-NH-VT'),
('04108','PEAKS ISLAND','PEAKS ISLAND','ME','ATLANTIC','ME-NH-VT'),
('04110','PORTLAND ME SDC','PORTLAND','ME','ATLANTIC','ME-NH-VT'),
('04112','DOWNTOWN STATION','PORTLAND','ME','ATLANTIC','ME-NH-VT'),
('04116','SOUTH PORTLAND','SOUTH PORTLAND','ME','ATLANTIC','ME-NH-VT'),
('04210','AUBURN','AUBURN','ME','ATLANTIC','ME-NH-VT'),
('04210','AUBURN MALL','AUBURN','ME','ATLANTIC','ME-NH-VT'),
('04211','AUBURN','AUBURN','ME','ATLANTIC','ME-NH-VT'),
('04212','GREAT FALLS','AUBURN','ME','ATLANTIC','ME-NH-VT'),
('04216','ANDOVER','ANDOVER','ME','ATLANTIC','ME-NH-VT'),
('04216','RUMFORD','RUMFORD','ME','ATLANTIC','ME-NH-VT'),
('04217','BETHEL','BETHEL','ME','ATLANTIC','ME-NH-VT'),
('04219','BRYANT POND','BRYANT POND','ME','ATLANTIC','ME-NH-VT'),
('04220','BUCKFIELD','BUCKFIELD','ME','ATLANTIC','ME-NH-VT'),
('04220','SUMNER','SUMNER','ME','ATLANTIC','ME-NH-VT'),
('04221','CANTON','CANTON','ME','ATLANTIC','ME-NH-VT'),
('04222','LISBON','LISBON','ME','ATLANTIC','ME-NH-VT'),
('04223','DANVILLE','DANVILLE','ME','ATLANTIC','ME-NH-VT'),
('04224','DIXFIELD','DIXFIELD','ME','ATLANTIC','ME-NH-VT'),
('04224','RUMFORD','RUMFORD','ME','ATLANTIC','ME-NH-VT'),
('04225','DRYDEN','DRYDEN','ME','ATLANTIC','ME-NH-VT'),
('04226','ANDOVER','ANDOVER','ME','ATLANTIC','ME-NH-VT'),
('04226','RUMFORD','RUMFORD','ME','ATLANTIC','ME-NH-VT'),
('04227','EAST DIXFIELD','EAST DIXFIELD','ME','ATLANTIC','ME-NH-VT'),
('04228','VPO LIVERMORE FALLS','LIVERMORE FALLS','ME','ATLANTIC','ME-NH-VT'),
('04230','MINOT','MINOT','ME','ATLANTIC','ME-NH-VT'),
('04231','STONEHAM','STONEHAM','ME','ATLANTIC','ME-NH-VT'),
('04234','EAST WILTON','EAST WILTON','ME','ATLANTIC','ME-NH-VT'),
('04236','GREENE','GREENE','ME','ATLANTIC','ME-NH-VT'),
('04237','HANOVER','HANOVER','ME','ATLANTIC','ME-NH-VT'),
('04238','HEBRON','HEBRON','ME','ATLANTIC','ME-NH-VT'),
('04239','JAY','JAY','ME','ATLANTIC','ME-NH-VT'),
('04239','LIVERMORE FALLS','LIVERMORE FALLS','ME','ATLANTIC','ME-NH-VT'),
('04240','LEWISTON','LEWISTON','ME','ATLANTIC','ME-NH-VT'),
('04241','SOUTH LEWISTON','LEWISTON','ME','ATLANTIC','ME-NH-VT'),
('04243','LEWISTON','LEWISTON','ME','ATLANTIC','ME-NH-VT'),
('04250','LISBON','LISBON','ME','ATLANTIC','ME-NH-VT'),
('04252','LISBON','LISBON','ME','ATLANTIC','ME-NH-VT'),
('04252','LISBON FALLS','LISBON FALLS','ME','ATLANTIC','ME-NH-VT'),
('04253','LIVERMORE','LIVERMORE','ME','ATLANTIC','ME-NH-VT'),
('04253','LIVERMORE FALLS','LIVERMORE FALLS','ME','ATLANTIC','ME-NH-VT'),
('04254','LIVERMORE FALLS','LIVERMORE FALLS','ME','ATLANTIC','ME-NH-VT'),
('04255','GREENWOOD','GREENWOOD','ME','ATLANTIC','ME-NH-VT');

INSERT INTO us_locations (zip_code, locale_name, city, state, area_name, district_name) VALUES
('04256','MECHANIC FALLS','MECHANIC FALLS','ME','ATLANTIC','ME-NH-VT'),
('04257','MEXICO','MEXICO','ME','ATLANTIC','ME-NH-VT'),
('04258','AUBURN','AUBURN','ME','ATLANTIC','ME-NH-VT'),
('04258','MINOT','MINOT','ME','ATLANTIC','ME-NH-VT'),
('04259','MONMOUTH','MONMOUTH','ME','ATLANTIC','ME-NH-VT'),
('04260','NEW GLOUCESTER','NEW GLOUCESTER','ME','ATLANTIC','ME-NH-VT'),
('04261','NEWRY','NEWRY','ME','ATLANTIC','ME-NH-VT'),
('04262','JAY','JAY','ME','ATLANTIC','ME-NH-VT'),
('04263','LEEDS','LEEDS','ME','ATLANTIC','ME-NH-VT'),
('04265','NORTH MONMOUTH','NORTH MONMOUTH','ME','ATLANTIC','ME-NH-VT'),
('04266','NORTH TURNER','NORTH TURNER','ME','ATLANTIC','ME-NH-VT'),
('04267','NORTH WATERFORD','NORTH WATERFORD','ME','ATLANTIC','ME-NH-VT'),
('04268','NORWAY','NORWAY','ME','ATLANTIC','ME-NH-VT'),
('04270','OXFORD','OXFORD','ME','ATLANTIC','ME-NH-VT'),
('04271','PARIS','PARIS','ME','ATLANTIC','ME-NH-VT'),
('04274','POLAND','POLAND','ME','ATLANTIC','ME-NH-VT'),
('04275','ROXBURY','ROXBURY','ME','ATLANTIC','ME-NH-VT'),
('04275','RUMFORD','RUMFORD','ME','ATLANTIC','ME-NH-VT'),
('04276','RUMFORD','RUMFORD','ME','ATLANTIC','ME-NH-VT'),
('04280','LISBON','LISBON','ME','ATLANTIC','ME-NH-VT'),
('04280','SABATTUS','SABATTUS','ME','ATLANTIC','ME-NH-VT'),
('04281','NORWAY','NORWAY','ME','ATLANTIC','ME-NH-VT'),
('04281','SOUTH PARIS','SOUTH PARIS','ME','ATLANTIC','ME-NH-VT'),
('04282','TURNER','TURNER','ME','ATLANTIC','ME-NH-VT'),
('04284','WAYNE','WAYNE','ME','ATLANTIC','ME-NH-VT'),
('04285','WELD','WELD','ME','ATLANTIC','ME-NH-VT'),
('04286','WEST BETHEL','WEST BETHEL','ME','ATLANTIC','ME-NH-VT'),
('04287','BOWDOIN DPOBU','BOWDOIN','ME','ATLANTIC','ME-NH-VT'),
('04287','BOWDOINHAM','BOWDOINHAM','ME','ATLANTIC','ME-NH-VT'),
('04288','MINOT','MINOT','ME','ATLANTIC','ME-NH-VT'),
('04289','SOUTH PARIS','SOUTH PARIS','ME','ATLANTIC','ME-NH-VT'),
('04290','PERU','PERU','ME','ATLANTIC','ME-NH-VT'),
('04290','RUMFORD','RUMFORD','ME','ATLANTIC','ME-NH-VT'),
('04291','WEST POLAND','WEST POLAND','ME','ATLANTIC','ME-NH-VT'),
('04292','SUMNER','SUMNER','ME','ATLANTIC','ME-NH-VT'),
('04294','WILTON','WILTON','ME','ATLANTIC','ME-NH-VT'),
('04330','AUGUSTA','AUGUSTA','ME','ATLANTIC','ME-NH-VT'),
('04330','CPU US POSTAL CARD AND GIFT','AUGUSTA','ME','ATLANTIC','ME-NH-VT'),
('04330','TOGUS DPOBU','AUGUSTA','ME','ATLANTIC','ME-NH-VT'),
('04332','AUGUSTA','AUGUSTA','ME','ATLANTIC','ME-NH-VT'),
('04338','WATER STREET','AUGUSTA','ME','ATLANTIC','ME-NH-VT'),
('04341','COOPERS MILLS','COOPERS MILLS','ME','ATLANTIC','ME-NH-VT'),
('04342','DRESDEN','DRESDEN','ME','ATLANTIC','ME-NH-VT'),
('04343','EAST WINTHROP','EAST WINTHROP','ME','ATLANTIC','ME-NH-VT'),
('04344','GARDINER','GARDINER','ME','ATLANTIC','ME-NH-VT'),
('04345','GARDINER','GARDINER','ME','ATLANTIC','ME-NH-VT'),
('04346','GARDINER','GARDINER','ME','ATLANTIC','ME-NH-VT'),
('04347','AUGUSTA','AUGUSTA','ME','ATLANTIC','ME-NH-VT'),
('04347','HALLOWELL','HALLOWELL','ME','ATLANTIC','ME-NH-VT'),
('04348','JEFFERSON','JEFFERSON','ME','ATLANTIC','ME-NH-VT');

INSERT INTO us_locations (zip_code, locale_name, city, state, area_name, district_name) VALUES
('04349','KENTS HILL','KENTS HILL','ME','ATLANTIC','ME-NH-VT'),
('04350','LITCHFIELD','LITCHFIELD','ME','ATLANTIC','ME-NH-VT'),
('04351','AUGUSTA','AUGUSTA','ME','ATLANTIC','ME-NH-VT'),
('04351','MANCHESTER','MANCHESTER','ME','ATLANTIC','ME-NH-VT'),
('04352','MOUNT VERNON','MOUNT VERNON','ME','ATLANTIC','ME-NH-VT'),
('04353','WHITEFIELD','WHITEFIELD','ME','ATLANTIC','ME-NH-VT'),
('04354','PALERMO','PALERMO','ME','ATLANTIC','ME-NH-VT'),
('04355','READFIELD','READFIELD','ME','ATLANTIC','ME-NH-VT'),
('04357','RICHMOND','RICHMOND','ME','ATLANTIC','ME-NH-VT'),
('04358','SOUTH CHINA','SOUTH CHINA','ME','ATLANTIC','ME-NH-VT'),
('04359','SOUTH GARDINER','SOUTH GARDINER','ME','ATLANTIC','ME-NH-VT'),
('04360','VIENNA','VIENNA','ME','ATLANTIC','ME-NH-VT'),
('04363','WINDSOR','WINDSOR','ME','ATLANTIC','ME-NH-VT'),
('04364','WINTHROP','WINTHROP','ME','ATLANTIC','ME-NH-VT'),
('04401','EASTERN MAINE CARRIER ANNEX','HAMPDEN','ME','ATLANTIC','ME-NH-VT'),
('04402','BANGOR','BANGOR','ME','ATLANTIC','ME-NH-VT'),
('04406','ABBOT','ABBOT','ME','ATLANTIC','ME-NH-VT'),
('04408','AURORA','AURORA','ME','ATLANTIC','ME-NH-VT'),
('04410','BRADFORD','BRADFORD','ME','ATLANTIC','ME-NH-VT'),
('04411','BRADLEY','BRADLEY','ME','ATLANTIC','ME-NH-VT'),
('04411','ORONO CARRIER ANNEX','ORONO','ME','ATLANTIC','ME-NH-VT'),
('04412','BREWER','BREWER','ME','ATLANTIC','ME-NH-VT'),
('04413','BROOKTON','BROOKTON','ME','ATLANTIC','ME-NH-VT'),
('04414','BROWNVILLE','BROWNVILLE','ME','ATLANTIC','ME-NH-VT'),
('04415','BROWNVILLE JUNCTION','BROWNVILLE JUNCTION','ME','ATLANTIC','ME-NH-VT'),
('04416','BUCKSPORT','BUCKSPORT','ME','ATLANTIC','ME-NH-VT'),
('04417','BURLINGTON','BURLINGTON','ME','ATLANTIC','ME-NH-VT'),
('04418','GREENBUSH','GREENBUSH','ME','ATLANTIC','ME-NH-VT'),
('04419','CARMEL','CARMEL','ME','ATLANTIC','ME-NH-VT'),
('04421','CASTINE','CASTINE','ME','ATLANTIC','ME-NH-VT'),
('04422','CHARLESTON','CHARLESTON','ME','ATLANTIC','ME-NH-VT'),
('04422','CORINTH','CORINTH','ME','ATLANTIC','ME-NH-VT'),
('04424','DANFORTH','DANFORTH','ME','ATLANTIC','ME-NH-VT'),
('04426','DOVER FOXCROFT','DOVER FOXCROFT','ME','ATLANTIC','ME-NH-VT'),
('04427','CORINTH','CORINTH','ME','ATLANTIC','ME-NH-VT'),
('04428','BREWER','BREWER','ME','ATLANTIC','ME-NH-VT'),
('04428','EDDINGTON','EDDINGTON','ME','ATLANTIC','ME-NH-VT'),
('04429','BREWER','BREWER','ME','ATLANTIC','ME-NH-VT'),
('04429','HOLDEN','HOLDEN','ME','ATLANTIC','ME-NH-VT'),
('04430','EAST MILLINOCKET','EAST MILLINOCKET','ME','ATLANTIC','ME-NH-VT'),
('04431','EAST ORLAND','EAST ORLAND','ME','ATLANTIC','ME-NH-VT'),
('04434','CARMEL','CARMEL','ME','ATLANTIC','ME-NH-VT'),
('04434','ETNA','ETNA','ME','ATLANTIC','ME-NH-VT'),
('04435','EXETER','EXETER','ME','ATLANTIC','ME-NH-VT'),
('04438','FRANKFORT','FRANKFORT','ME','ATLANTIC','ME-NH-VT'),
('04441','GREENVILLE','GREENVILLE','ME','ATLANTIC','ME-NH-VT'),
('04442','GREENVILLE JUNCTION','GREENVILLE JUNCTION','ME','ATLANTIC','ME-NH-VT'),
('04443','DOVER FOXCROFT','DOVER FOXCROFT','ME','ATLANTIC','ME-NH-VT'),
('04443','GUILFORD','GUILFORD','ME','ATLANTIC','ME-NH-VT'),
('04444','HAMPDEN','HAMPDEN','ME','ATLANTIC','ME-NH-VT');

INSERT INTO us_locations (zip_code, locale_name, city, state, area_name, district_name) VALUES
('04448','HOWLAND','HOWLAND','ME','ATLANTIC','ME-NH-VT'),
('04448','WEST ENFIELD','WEST ENFIELD','ME','ATLANTIC','ME-NH-VT'),
('04449','HUDSON','HUDSON','ME','ATLANTIC','ME-NH-VT'),
('04450','KENDUSKEAG','KENDUSKEAG','ME','ATLANTIC','ME-NH-VT'),
('04451','KINGMAN','KINGMAN','ME','ATLANTIC','ME-NH-VT'),
('04453','LAGRANGE','LAGRANGE','ME','ATLANTIC','ME-NH-VT'),
('04455','LEE','LEE','ME','ATLANTIC','ME-NH-VT'),
('04456','LEVANT','LEVANT','ME','ATLANTIC','ME-NH-VT'),
('04457','LINCOLN','LINCOLN','ME','ATLANTIC','ME-NH-VT'),
('04459','MATTAWAMKEAG','MATTAWAMKEAG','ME','ATLANTIC','ME-NH-VT'),
('04460','MEDWAY','MEDWAY','ME','ATLANTIC','ME-NH-VT'),
('04461','MILFORD','MILFORD','ME','ATLANTIC','ME-NH-VT'),
('04461','ORONO CARRIER ANNEX','ORONO','ME','ATLANTIC','ME-NH-VT'),
('04462','MILLINOCKET','MILLINOCKET','ME','ATLANTIC','ME-NH-VT'),
('04463','MILO','MILO','ME','ATLANTIC','ME-NH-VT'),
('04464','MONSON','MONSON','ME','ATLANTIC','ME-NH-VT'),
('04468','OLD TOWN','OLD TOWN','ME','ATLANTIC','ME-NH-VT'),
('04468','ORONO CARRIER ANNEX','ORONO','ME','ATLANTIC','ME-NH-VT'),
('04471','DANFORTH','DANFORTH','ME','ATLANTIC','ME-NH-VT'),
('04472','ORLAND','ORLAND','ME','ATLANTIC','ME-NH-VT'),
('04473','ORONO','ORONO','ME','ATLANTIC','ME-NH-VT'),
('04473','ORONO CARRIER ANNEX','ORONO','ME','ATLANTIC','ME-NH-VT'),
('04474','BREWER','BREWER','ME','ATLANTIC','ME-NH-VT'),
('04474','ORRINGTON','ORRINGTON','ME','ATLANTIC','ME-NH-VT'),
('04475','PASSADUMKEAG','PASSADUMKEAG','ME','ATLANTIC','ME-NH-VT'),
('04476','PENOBSCOT','PENOBSCOT','ME','ATLANTIC','ME-NH-VT'),
('04478','ROCKWOOD','ROCKWOOD','ME','ATLANTIC','ME-NH-VT'),
('04479','DOVER FOXCROFT','DOVER FOXCROFT','ME','ATLANTIC','ME-NH-VT'),
('04479','SANGERVILLE','SANGERVILLE','ME','ATLANTIC','ME-NH-VT'),
('04481','DOVER FOXCROFT','DOVER FOXCROFT','ME','ATLANTIC','ME-NH-VT'),
('04487','SPRINGFIELD','SPRINGFIELD','ME','ATLANTIC','ME-NH-VT'),
('04488','STETSON','STETSON','ME','ATLANTIC','ME-NH-VT'),
('04489','STILLWATER','STILLWATER','ME','ATLANTIC','ME-NH-VT'),
('04490','TOPSFIELD','TOPSFIELD','ME','ATLANTIC','ME-NH-VT'),
('04491','VANCEBORO','VANCEBORO','ME','ATLANTIC','ME-NH-VT'),
('04492','TOPSFIELD','TOPSFIELD','ME','ATLANTIC','ME-NH-VT'),
('04493','WEST ENFIELD','WEST ENFIELD','ME','ATLANTIC','ME-NH-VT'),
('04495','WINN','WINN','ME','ATLANTIC','ME-NH-VT'),
('04496','WINTERPORT','WINTERPORT','ME','ATLANTIC','ME-NH-VT'),
('04497','WYTOPITLOCK','WYTOPITLOCK','ME','ATLANTIC','ME-NH-VT'),
('04530','BATH','BATH','ME','ATLANTIC','ME-NH-VT'),
('04535','ALNA','ALNA','ME','ATLANTIC','ME-NH-VT'),
('04537','BOOTHBAY','BOOTHBAY','ME','ATLANTIC','ME-NH-VT'),
('04537','BOOTHBAY HARBOR','BOOTHBAY HARBOR','ME','ATLANTIC','ME-NH-VT'),
('04538','BOOTHBAY HARBOR','BOOTHBAY HARBOR','ME','ATLANTIC','ME-NH-VT'),
('04539','BRISTOL','BRISTOL','ME','ATLANTIC','ME-NH-VT'),
('04541','CHAMBERLAIN','CHAMBERLAIN','ME','ATLANTIC','ME-NH-VT'),
('04543','DAMARISCOTTA','DAMARISCOTTA','ME','ATLANTIC','ME-NH-VT'),
('04544','BOOTHBAY HARBOR','BOOTHBAY HARBOR','ME','ATLANTIC','ME-NH-VT'),
('04547','FRIENDSHIP','FRIENDSHIP','ME','ATLANTIC','ME-NH-VT');

INSERT INTO us_locations (zip_code, locale_name, city, state, area_name, district_name) VALUES
('04548','CPU MAC MAHAN','MAC MAHAN','ME','ATLANTIC','ME-NH-VT'),
('04548','GEORGETOWN','GEORGETOWN','ME','ATLANTIC','ME-NH-VT'),
('04551','BREMEN','BREMEN','ME','ATLANTIC','ME-NH-VT'),
('04553','NEWCASTLE','NEWCASTLE','ME','ATLANTIC','ME-NH-VT'),
('04554','NEW HARBOR','NEW HARBOR','ME','ATLANTIC','ME-NH-VT'),
('04555','NOBLEBORO','NOBLEBORO','ME','ATLANTIC','ME-NH-VT'),
('04556','EDGECOMB','EDGECOMB','ME','ATLANTIC','ME-NH-VT'),
('04558','NEW HARBOR','NEW HARBOR','ME','ATLANTIC','ME-NH-VT'),
('04562','BATH','BATH','ME','ATLANTIC','ME-NH-VT'),
('04562','PHIPPSBURG','PHIPPSBURG','ME','ATLANTIC','ME-NH-VT'),
('04563','CUSHING','CUSHING','ME','ATLANTIC','ME-NH-VT'),
('04564','ROUND POND','ROUND POND','ME','ATLANTIC','ME-NH-VT'),
('04565','SEBASCO ESTATES','SEBASCO ESTATES','ME','ATLANTIC','ME-NH-VT'),
('04568','SOUTH BRISTOL','SOUTH BRISTOL','ME','ATLANTIC','ME-NH-VT'),
('04571','BOOTHBAY HARBOR','BOOTHBAY HARBOR','ME','ATLANTIC','ME-NH-VT'),
('04571','TREVETT','TREVETT','ME','ATLANTIC','ME-NH-VT'),
('04572','WALDOBORO','WALDOBORO','ME','ATLANTIC','ME-NH-VT'),
('04573','WALPOLE','WALPOLE','ME','ATLANTIC','ME-NH-VT'),
('04574','WASHINGTON','WASHINGTON','ME','ATLANTIC','ME-NH-VT'),
('04575','WEST BOOTHBAY HARBOR','WEST BOOTHBAY HARBOR','ME','ATLANTIC','ME-NH-VT'),
('04576','SOUTHPORT','SOUTHPORT','ME','ATLANTIC','ME-NH-VT'),
('04578','WISCASSET','WISCASSET','ME','ATLANTIC','ME-NH-VT'),
('04579','BATH','BATH','ME','ATLANTIC','ME-NH-VT'),
('04579','WOOLWICH','WOOLWICH','ME','ATLANTIC','ME-NH-VT'),
('04605','ELLSWORTH','ELLSWORTH','ME','ATLANTIC','ME-NH-VT'),
('04606','ADDISON','ADDISON','ME','ATLANTIC','ME-NH-VT'),
('04607','GOULDSBORO','GOULDSBORO','ME','ATLANTIC','ME-NH-VT'),
('04609','BAR HARBOR','BAR HARBOR','ME','ATLANTIC','ME-NH-VT'),
('04611','BEALS','BEALS','ME','ATLANTIC','ME-NH-VT'),
('04612','BERNARD','BERNARD','ME','ATLANTIC','ME-NH-VT'),
('04613','BIRCH HARBOR','BIRCH HARBOR','ME','ATLANTIC','ME-NH-VT'),
('04614','BLUE HILL','BLUE HILL','ME','ATLANTIC','ME-NH-VT'),
('04616','BROOKLIN','BROOKLIN','ME','ATLANTIC','ME-NH-VT'),
('04617','BROOKSVILLE','BROOKSVILLE','ME','ATLANTIC','ME-NH-VT'),
('04619','CALAIS','CALAIS','ME','ATLANTIC','ME-NH-VT'),
('04622','CHERRYFIELD','CHERRYFIELD','ME','ATLANTIC','ME-NH-VT'),
('04623','COLUMBIA FALLS','COLUMBIA FALLS','ME','ATLANTIC','ME-NH-VT'),
('04624','COREA','COREA','ME','ATLANTIC','ME-NH-VT'),
('04625','CRANBERRY ISLES','CRANBERRY ISLES','ME','ATLANTIC','ME-NH-VT'),
('04626','CUTLER','CUTLER','ME','ATLANTIC','ME-NH-VT'),
('04627','DEER ISLE','DEER ISLE','ME','ATLANTIC','ME-NH-VT'),
('04628','DENNYSVILLE','DENNYSVILLE','ME','ATLANTIC','ME-NH-VT'),
('04629','BLUE HILL','BLUE HILL','ME','ATLANTIC','ME-NH-VT'),
('04630','EAST MACHIAS','EAST MACHIAS','ME','ATLANTIC','ME-NH-VT'),
('04630','MACHIAS','MACHIAS','ME','ATLANTIC','ME-NH-VT'),
('04631','EASTPORT','EASTPORT','ME','ATLANTIC','ME-NH-VT'),
('04634','FRANKLIN','FRANKLIN','ME','ATLANTIC','ME-NH-VT'),
('04635','FRENCHBORO','FRENCHBORO','ME','ATLANTIC','ME-NH-VT'),
('04640','ELLSWORTH','ELLSWORTH','ME','ATLANTIC','ME-NH-VT'),
('04640','HANCOCK','HANCOCK','ME','ATLANTIC','ME-NH-VT');

INSERT INTO us_locations (zip_code, locale_name, city, state, area_name, district_name) VALUES
('04643','HARRINGTON','HARRINGTON','ME','ATLANTIC','ME-NH-VT'),
('04644','HULLS COVE','HULLS COVE','ME','ATLANTIC','ME-NH-VT'),
('04645','CPU ISLE AU HAUT','ISLE AU HAUT','ME','ATLANTIC','ME-NH-VT'),
('04646','ISLESFORD','ISLESFORD','ME','ATLANTIC','ME-NH-VT'),
('04648','JONESBORO','JONESBORO','ME','ATLANTIC','ME-NH-VT'),
('04649','JONESPORT','JONESPORT','ME','ATLANTIC','ME-NH-VT'),
('04650','LITTLE DEER ISLE','LITTLE DEER ISLE','ME','ATLANTIC','ME-NH-VT'),
('04652','LUBEC','LUBEC','ME','ATLANTIC','ME-NH-VT'),
('04653','BASS HARBOR','BASS HARBOR','ME','ATLANTIC','ME-NH-VT'),
('04654','MACHIAS','MACHIAS','ME','ATLANTIC','ME-NH-VT'),
('04655','MACHIASPORT','MACHIASPORT','ME','ATLANTIC','ME-NH-VT'),
('04657','DENNYSVILLE','DENNYSVILLE','ME','ATLANTIC','ME-NH-VT'),
('04657','MEDDYBEMPS','MEDDYBEMPS','ME','ATLANTIC','ME-NH-VT'),
('04658','MILBRIDGE','MILBRIDGE','ME','ATLANTIC','ME-NH-VT'),
('04660','MOUNT DESERT','MOUNT DESERT','ME','ATLANTIC','ME-NH-VT'),
('04662','NORTHEAST HARBOR','NORTHEAST HARBOR','ME','ATLANTIC','ME-NH-VT'),
('04664','SULLIVAN','SULLIVAN','ME','ATLANTIC','ME-NH-VT'),
('04666','PEMBROKE','PEMBROKE','ME','ATLANTIC','ME-NH-VT'),
('04667','PERRY','PERRY','ME','ATLANTIC','ME-NH-VT'),
('04668','PRINCETON','PRINCETON','ME','ATLANTIC','ME-NH-VT'),
('04669','PROSPECT HARBOR','PROSPECT HARBOR','ME','ATLANTIC','ME-NH-VT'),
('04671','ROBBINSTON','ROBBINSTON','ME','ATLANTIC','ME-NH-VT'),
('04672','SALSBURY COVE','SALSBURY COVE','ME','ATLANTIC','ME-NH-VT'),
('04673','SEDGWICK','SEDGWICK','ME','ATLANTIC','ME-NH-VT'),
('04674','SEAL COVE','SEAL COVE','ME','ATLANTIC','ME-NH-VT'),
('04675','SEAL HARBOR','SEAL HARBOR','ME','ATLANTIC','ME-NH-VT'),
('04676','SEDGWICK','SEDGWICK','ME','ATLANTIC','ME-NH-VT'),
('04677','SORRENTO','SORRENTO','ME','ATLANTIC','ME-NH-VT'),
('04679','SOUTHWEST HARBOR','SOUTHWEST HARBOR','ME','ATLANTIC','ME-NH-VT'),
('04680','STEUBEN','STEUBEN','ME','ATLANTIC','ME-NH-VT'),
('04681','STONINGTON','STONINGTON','ME','ATLANTIC','ME-NH-VT'),
('04683','SUNSET','SUNSET','ME','ATLANTIC','ME-NH-VT'),
('04684','SURRY','SURRY','ME','ATLANTIC','ME-NH-VT'),
('04685','SWANS ISLAND','SWANS ISLAND','ME','ATLANTIC','ME-NH-VT'),
('04691','WHITING','WHITING','ME','ATLANTIC','ME-NH-VT'),
('04693','WINTER HARBOR','WINTER HARBOR','ME','ATLANTIC','ME-NH-VT'),
('04694','BAILEYVILLE','BAILEYVILLE','ME','ATLANTIC','ME-NH-VT'),
('04730','HOULTON','HOULTON','ME','ATLANTIC','ME-NH-VT'),
('04732','ASHLAND','ASHLAND','ME','ATLANTIC','ME-NH-VT'),
('04733','BENEDICTA','BENEDICTA','ME','ATLANTIC','ME-NH-VT'),
('04733','SHERMAN','SHERMAN','ME','ATLANTIC','ME-NH-VT'),
('04734','BLAINE','BLAINE','ME','ATLANTIC','ME-NH-VT'),
('04735','BRIDGEWATER','BRIDGEWATER','ME','ATLANTIC','ME-NH-VT'),
('04736','CARIBOU','CARIBOU','ME','ATLANTIC','ME-NH-VT'),
('04738','WASHBURN','WASHBURN','ME','ATLANTIC','ME-NH-VT'),
('04739','EAGLE LAKE','EAGLE LAKE','ME','ATLANTIC','ME-NH-VT'),
('04740','EASTON','EASTON','ME','ATLANTIC','ME-NH-VT'),
('04742','FORT FAIRFIELD','FORT FAIRFIELD','ME','ATLANTIC','ME-NH-VT'),
('04743','FORT KENT','FORT KENT','ME','ATLANTIC','ME-NH-VT'),
('04744','FORT KENT MILLS','FORT KENT MILLS','ME','ATLANTIC','ME-NH-VT');

INSERT INTO us_locations (zip_code, locale_name, city, state, area_name, district_name) VALUES
('04745','FRENCHVILLE','FRENCHVILLE','ME','ATLANTIC','ME-NH-VT'),
('04746','GRAND ISLE','GRAND ISLE','ME','ATLANTIC','ME-NH-VT'),
('04747','ISLAND FALLS','ISLAND FALLS','ME','ATLANTIC','ME-NH-VT'),
('04750','LIMESTONE','LIMESTONE','ME','ATLANTIC','ME-NH-VT'),
('04756','MADAWASKA','MADAWASKA','ME','ATLANTIC','ME-NH-VT'),
('04757','MAPLETON','MAPLETON','ME','ATLANTIC','ME-NH-VT'),
('04758','MARS HILL','MARS HILL','ME','ATLANTIC','ME-NH-VT'),
('04760','MONTICELLO','MONTICELLO','ME','ATLANTIC','ME-NH-VT'),
('04761','HOULTON','HOULTON','ME','ATLANTIC','ME-NH-VT'),
('04761','NEW LIMERICK DPOBU','NEW LIMERICK','ME','ATLANTIC','ME-NH-VT'),
('04762','NEW SWEDEN','NEW SWEDEN','ME','ATLANTIC','ME-NH-VT'),
('04763','OAKFIELD','OAKFIELD','ME','ATLANTIC','ME-NH-VT'),
('04765','PATTEN','PATTEN','ME','ATLANTIC','ME-NH-VT'),
('04766','PERHAM','PERHAM','ME','ATLANTIC','ME-NH-VT'),
('04768','PORTAGE','PORTAGE','ME','ATLANTIC','ME-NH-VT'),
('04769','PRESQUE ISLE','PRESQUE ISLE','ME','ATLANTIC','ME-NH-VT'),
('04772','SAINT AGATHA','SAINT AGATHA','ME','ATLANTIC','ME-NH-VT'),
('04773','MADAWASKA','MADAWASKA','ME','ATLANTIC','ME-NH-VT'),
('04773','SAINT DAVID','SAINT DAVID','ME','ATLANTIC','ME-NH-VT'),
('04774','SAINT FRANCIS','SAINT FRANCIS','ME','ATLANTIC','ME-NH-VT'),
('04776','SHERMAN','SHERMAN','ME','ATLANTIC','ME-NH-VT'),
('04777','STACYVILLE','STACYVILLE','ME','ATLANTIC','ME-NH-VT'),
('04779','SINCLAIR','SINCLAIR','ME','ATLANTIC','ME-NH-VT'),
('04780','SMYRNA MILLS','SMYRNA MILLS','ME','ATLANTIC','ME-NH-VT'),
('04781','WALLAGRASS','WALLAGRASS','ME','ATLANTIC','ME-NH-VT'),
('04783','STOCKHOLM','STOCKHOLM','ME','ATLANTIC','ME-NH-VT'),
('04785','VAN BUREN','VAN BUREN','ME','ATLANTIC','ME-NH-VT'),
('04786','WASHBURN','WASHBURN','ME','ATLANTIC','ME-NH-VT'),
('04787','WESTFIELD','WESTFIELD','ME','ATLANTIC','ME-NH-VT'),
('04841','ROCKLAND','ROCKLAND','ME','ATLANTIC','ME-NH-VT'),
('04843','CAMDEN','CAMDEN','ME','ATLANTIC','ME-NH-VT'),
('04847','CAMDEN','CAMDEN','ME','ATLANTIC','ME-NH-VT'),
('04848','ISLESBORO','ISLESBORO','ME','ATLANTIC','ME-NH-VT'),
('04848','LINCOLNVILLE','LINCOLNVILLE','ME','ATLANTIC','ME-NH-VT'),
('04849','LINCOLNVILLE','LINCOLNVILLE','ME','ATLANTIC','ME-NH-VT'),
('04850','LINCOLNVILLE CENTER','LINCOLNVILLE CENTER','ME','ATLANTIC','ME-NH-VT'),
('04851','MATINICUS','MATINICUS','ME','ATLANTIC','ME-NH-VT'),
('04852','MONHEGAN','MONHEGAN','ME','ATLANTIC','ME-NH-VT'),
('04853','NORTH HAVEN','NORTH HAVEN','ME','ATLANTIC','ME-NH-VT'),
('04854','OWLS HEAD','OWLS HEAD','ME','ATLANTIC','ME-NH-VT'),
('04854','ROCKLAND','ROCKLAND','ME','ATLANTIC','ME-NH-VT'),
('04855','PORT CLYDE','PORT CLYDE','ME','ATLANTIC','ME-NH-VT'),
('04856','ROCKLAND','ROCKLAND','ME','ATLANTIC','ME-NH-VT'),
('04856','ROCKPORT','ROCKPORT','ME','ATLANTIC','ME-NH-VT'),
('04858','SOUTH THOMASTON','SOUTH THOMASTON','ME','ATLANTIC','ME-NH-VT'),
('04859','SPRUCE HEAD','SPRUCE HEAD','ME','ATLANTIC','ME-NH-VT'),
('04860','TENANTS HARBOR','TENANTS HARBOR','ME','ATLANTIC','ME-NH-VT'),
('04861','ROCKLAND','ROCKLAND','ME','ATLANTIC','ME-NH-VT'),
('04861','THOMASTON','THOMASTON','ME','ATLANTIC','ME-NH-VT'),
('04862','UNION','UNION','ME','ATLANTIC','ME-NH-VT');

INSERT INTO us_locations (zip_code, locale_name, city, state, area_name, district_name) VALUES
('04863','VINALHAVEN','VINALHAVEN','ME','ATLANTIC','ME-NH-VT'),
('04864','WARREN','WARREN','ME','ATLANTIC','ME-NH-VT'),
('04865','WEST ROCKPORT','WEST ROCKPORT','ME','ATLANTIC','ME-NH-VT'),
('04901','WATERVILLE','WATERVILLE','ME','ATLANTIC','ME-NH-VT'),
('04903','WATERVILLE','WATERVILLE','ME','ATLANTIC','ME-NH-VT'),
('04910','ALBION','ALBION','ME','ATLANTIC','ME-NH-VT'),
('04911','ANSON','ANSON','ME','ATLANTIC','ME-NH-VT'),
('04911','MADISON','MADISON','ME','ATLANTIC','ME-NH-VT'),
('04912','ATHENS','ATHENS','ME','ATLANTIC','ME-NH-VT'),
('04915','AMERICAN LEGION DPOBU','BELFAST','ME','ATLANTIC','ME-NH-VT'),
('04915','BELFAST','BELFAST','ME','ATLANTIC','ME-NH-VT'),
('04917','BELGRADE','BELGRADE','ME','ATLANTIC','ME-NH-VT'),
('04918','BELGRADE LAKES','BELGRADE LAKES','ME','ATLANTIC','ME-NH-VT'),
('04920','BINGHAM','BINGHAM','ME','ATLANTIC','ME-NH-VT'),
('04921','BROOKS','BROOKS','ME','ATLANTIC','ME-NH-VT'),
('04922','BURNHAM','BURNHAM','ME','ATLANTIC','ME-NH-VT'),
('04923','CAMBRIDGE','CAMBRIDGE','ME','ATLANTIC','ME-NH-VT'),
('04923','HARMONY','HARMONY','ME','ATLANTIC','ME-NH-VT'),
('04924','CANAAN','CANAAN','ME','ATLANTIC','ME-NH-VT'),
('04925','BINGHAM','BINGHAM','ME','ATLANTIC','ME-NH-VT'),
('04925','CARATUNK','CARATUNK','ME','ATLANTIC','ME-NH-VT'),
('04926','CHINA VILLAGE','CHINA VILLAGE','ME','ATLANTIC','ME-NH-VT'),
('04927','CLINTON','CLINTON','ME','ATLANTIC','ME-NH-VT'),
('04928','CORINNA','CORINNA','ME','ATLANTIC','ME-NH-VT'),
('04929','DETROIT','DETROIT','ME','ATLANTIC','ME-NH-VT'),
('04930','DEXTER','DEXTER','ME','ATLANTIC','ME-NH-VT'),
('04932','DIXMONT','DIXMONT','ME','ATLANTIC','ME-NH-VT'),
('04933','EAST NEWPORT','EAST NEWPORT','ME','ATLANTIC','ME-NH-VT'),
('04935','EAST VASSALBORO','EAST VASSALBORO','ME','ATLANTIC','ME-NH-VT'),
('04936','EUSTIS','EUSTIS','ME','ATLANTIC','ME-NH-VT'),
('04937','FAIRFIELD','FAIRFIELD','ME','ATLANTIC','ME-NH-VT'),
('04937','WATERVILLE','WATERVILLE','ME','ATLANTIC','ME-NH-VT'),
('04938','FARMINGTON','FARMINGTON','ME','ATLANTIC','ME-NH-VT'),
('04939','DEXTER','DEXTER','ME','ATLANTIC','ME-NH-VT'),
('04939','GARLAND','GARLAND','ME','ATLANTIC','ME-NH-VT'),
('04941','FREEDOM','FREEDOM','ME','ATLANTIC','ME-NH-VT'),
('04942','HARMONY','HARMONY','ME','ATLANTIC','ME-NH-VT'),
('04943','HARTLAND','HARTLAND','ME','ATLANTIC','ME-NH-VT'),
('04944','HINCKLEY','HINCKLEY','ME','ATLANTIC','ME-NH-VT'),
('04945','JACKMAN','JACKMAN','ME','ATLANTIC','ME-NH-VT'),
('04947','KINGFIELD','KINGFIELD','ME','ATLANTIC','ME-NH-VT'),
('04949','LIBERTY','LIBERTY','ME','ATLANTIC','ME-NH-VT'),
('04950','MADISON','MADISON','ME','ATLANTIC','ME-NH-VT'),
('04951','BROOKS','BROOKS','ME','ATLANTIC','ME-NH-VT'),
('04951','MONROE','MONROE','ME','ATLANTIC','ME-NH-VT'),
('04952','MORRILL','MORRILL','ME','ATLANTIC','ME-NH-VT'),
('04953','NEWPORT','NEWPORT','ME','ATLANTIC','ME-NH-VT'),
('04954','NEW PORTLAND','NEW PORTLAND','ME','ATLANTIC','ME-NH-VT'),
('04955','NEW SHARON','NEW SHARON','ME','ATLANTIC','ME-NH-VT'),
('04956','NEW VINEYARD','NEW VINEYARD','ME','ATLANTIC','ME-NH-VT');

INSERT INTO us_locations (zip_code, locale_name, city, state, area_name, district_name) VALUES
('04957','NORRIDGEWOCK','NORRIDGEWOCK','ME','ATLANTIC','ME-NH-VT'),
('04958','MADISON','MADISON','ME','ATLANTIC','ME-NH-VT'),
('04958','NORTH ANSON','NORTH ANSON','ME','ATLANTIC','ME-NH-VT'),
('04961','NEW PORTLAND','NEW PORTLAND','ME','ATLANTIC','ME-NH-VT'),
('04962','NORTH VASSALBORO','NORTH VASSALBORO','ME','ATLANTIC','ME-NH-VT'),
('04963','OAKLAND','OAKLAND','ME','ATLANTIC','ME-NH-VT'),
('04964','OQUOSSOC','OQUOSSOC','ME','ATLANTIC','ME-NH-VT'),
('04965','PALMYRA','PALMYRA','ME','ATLANTIC','ME-NH-VT'),
('04966','PHILLIPS','PHILLIPS','ME','ATLANTIC','ME-NH-VT'),
('04967','PITTSFIELD','PITTSFIELD','ME','ATLANTIC','ME-NH-VT'),
('04969','PLYMOUTH','PLYMOUTH','ME','ATLANTIC','ME-NH-VT'),
('04970','RANGELEY','RANGELEY','ME','ATLANTIC','ME-NH-VT'),
('04971','SAINT ALBANS','SAINT ALBANS','ME','ATLANTIC','ME-NH-VT'),
('04972','STOCKTON SPRINGS','STOCKTON SPRINGS','ME','ATLANTIC','ME-NH-VT'),
('04973','SEARSMONT','SEARSMONT','ME','ATLANTIC','ME-NH-VT'),
('04974','SEARSPORT','SEARSPORT','ME','ATLANTIC','ME-NH-VT'),
('04975','SHAWMUT','SHAWMUT','ME','ATLANTIC','ME-NH-VT'),
('04976','SKOWHEGAN','SKOWHEGAN','ME','ATLANTIC','ME-NH-VT'),
('04978','SMITHFIELD','SMITHFIELD','ME','ATLANTIC','ME-NH-VT'),
('04979','SOLON','SOLON','ME','ATLANTIC','ME-NH-VT'),
('04981','STOCKTON SPRINGS','STOCKTON SPRINGS','ME','ATLANTIC','ME-NH-VT'),
('04982','STRATTON','STRATTON','ME','ATLANTIC','ME-NH-VT'),
('04983','STRONG','STRONG','ME','ATLANTIC','ME-NH-VT'),
('04984','TEMPLE','TEMPLE','ME','ATLANTIC','ME-NH-VT'),
('04985','BINGHAM','BINGHAM','ME','ATLANTIC','ME-NH-VT'),
('04985','WEST FORKS','WEST FORKS','ME','ATLANTIC','ME-NH-VT'),
('04986','THORNDIKE','THORNDIKE','ME','ATLANTIC','ME-NH-VT'),
('04987','TROY','TROY','ME','ATLANTIC','ME-NH-VT'),
('04988','UNITY','UNITY','ME','ATLANTIC','ME-NH-VT'),
('04989','NORTH VASSALBORO','NORTH VASSALBORO','ME','ATLANTIC','ME-NH-VT'),
('04989','VASSALBORO','VASSALBORO','ME','ATLANTIC','ME-NH-VT'),
('04992','WEST FARMINGTON','WEST FARMINGTON','ME','ATLANTIC','ME-NH-VT'),
('05001','LYMAN DPOBU','WHITE RIVER JUNCTION','VT','ATLANTIC','ME-NH-VT'),
('05001','WHITE RIVER JUNCTION','WHITE RIVER JUNCTION','VT','ATLANTIC','ME-NH-VT'),
('05030','ASCUTNEY','ASCUTNEY','VT','ATLANTIC','ME-NH-VT'),
('05031','BARNARD','BARNARD','VT','ATLANTIC','ME-NH-VT'),
('05032','BETHEL','BETHEL','VT','ATLANTIC','ME-NH-VT'),
('05033','BRADFORD','BRADFORD','VT','ATLANTIC','ME-NH-VT'),
('05034','BRIDGEWATER','BRIDGEWATER','VT','ATLANTIC','ME-NH-VT'),
('05035','BRIDGEWATER CORNERS','BRIDGEWATER CORNERS','VT','ATLANTIC','ME-NH-VT'),
('05036','BROOKFIELD','BROOKFIELD','VT','ATLANTIC','ME-NH-VT'),
('05037','BROWNSVILLE','BROWNSVILLE','VT','ATLANTIC','ME-NH-VT'),
('05037','WINDSOR','WINDSOR','VT','ATLANTIC','ME-NH-VT'),
('05038','CHELSEA','CHELSEA','VT','ATLANTIC','ME-NH-VT'),
('05039','CORINTH','CORINTH','VT','ATLANTIC','ME-NH-VT'),
('05040','EAST CORINTH','EAST CORINTH','VT','ATLANTIC','ME-NH-VT'),
('05041','EAST RANDOLPH','EAST RANDOLPH','VT','ATLANTIC','ME-NH-VT'),
('05042','EAST RYEGATE','EAST RYEGATE','VT','ATLANTIC','ME-NH-VT'),
('05043','EAST THETFORD','EAST THETFORD','VT','ATLANTIC','ME-NH-VT'),
('05045','FAIRLEE','FAIRLEE','VT','ATLANTIC','ME-NH-VT');

