INSERT INTO us_locations (zip_code, locale_name, city, state, area_name, district_name) VALUES
('26714','AUGUSTA','AUGUSTA','WV','CENTRAL','KY-WV'),
('26716','EGLON','EGLON','WV','CENTRAL','KY-WV'),
('26717','ELK GARDEN','ELK GARDEN','WV','CENTRAL','KY-WV'),
('26719','FORT ASHBY','FORT ASHBY','WV','CENTRAL','KY-WV'),
('26720','GORMANIA','GORMANIA','WV','CENTRAL','KY-WV'),
('26722','GREEN SPRING','GREEN SPRING','WV','CENTRAL','KY-WV'),
('26726','KEYSER','KEYSER','WV','CENTRAL','KY-WV'),
('26731','BURLINGTON','BURLINGTON','WV','CENTRAL','KY-WV'),
('26739','MOUNT STORM','MOUNT STORM','WV','CENTRAL','KY-WV'),
('26743','NEW CREEK','NEW CREEK','WV','CENTRAL','KY-WV'),
('26750','KEYSER','KEYSER','WV','CENTRAL','KY-WV'),
('26750','PIEDMONT','PIEDMONT','WV','CENTRAL','KY-WV'),
('26753','RIDGELEY','RIDGELEY','WV','CENTRAL','KY-WV'),
('26755','RIO','RIO','WV','CENTRAL','KY-WV'),
('26757','ROMNEY','ROMNEY','WV','CENTRAL','KY-WV'),
('26761','AUGUSTA','AUGUSTA','WV','CENTRAL','KY-WV'),
('26761','SHANKS','SHANKS','WV','CENTRAL','KY-WV'),
('26763','GREEN SPRING','GREEN SPRING','WV','CENTRAL','KY-WV'),
('26763','ROMNEY','ROMNEY','WV','CENTRAL','KY-WV'),
('26763','SPRINGFIELD','SPRINGFIELD','WV','CENTRAL','KY-WV'),
('26764','TERRA ALTA','TERRA ALTA','WV','CENTRAL','KY-WV'),
('26767','RIDGELEY','RIDGELEY','WV','CENTRAL','KY-WV'),
('26767','WILEY FORD','WILEY FORD','WV','CENTRAL','KY-WV'),
('26801','BAKER','BAKER','WV','CENTRAL','KY-WV'),
('26802','BRANDYWINE','BRANDYWINE','WV','CENTRAL','KY-WV'),
('26804','CIRCLEVILLE','CIRCLEVILLE','WV','CENTRAL','KY-WV'),
('26807','FRANKLIN','FRANKLIN','WV','CENTRAL','KY-WV'),
('26808','HIGH VIEW','HIGH VIEW','WV','CENTRAL','KY-WV'),
('26810','LOST CITY','LOST CITY','WV','CENTRAL','KY-WV'),
('26812','MATHIAS','MATHIAS','WV','CENTRAL','KY-WV'),
('26814','RIVERTON','RIVERTON','WV','CENTRAL','KY-WV'),
('26815','SUGAR GROVE','SUGAR GROVE','WV','CENTRAL','KY-WV'),
('26817','BLOOMERY','BLOOMERY','WV','CENTRAL','KY-WV'),
('26818','MOOREFIELD','MOOREFIELD','WV','CENTRAL','KY-WV'),
('26823','CAPON SPRINGS','CAPON SPRINGS','WV','CENTRAL','KY-WV'),
('26833','MAYSVILLE','MAYSVILLE','WV','CENTRAL','KY-WV'),
('26836','MOOREFIELD','MOOREFIELD','WV','CENTRAL','KY-WV'),
('26838','MOOREFIELD','MOOREFIELD','WV','CENTRAL','KY-WV'),
('26845','OLD FIELDS','OLD FIELDS','WV','CENTRAL','KY-WV'),
('26847','PETERSBURG','PETERSBURG','WV','CENTRAL','KY-WV'),
('26851','WARDENSVILLE','WARDENSVILLE','WV','CENTRAL','KY-WV'),
('26852','PURGITSVILLE','PURGITSVILLE','WV','CENTRAL','KY-WV'),
('26855','CABINS','CABINS','WV','CENTRAL','KY-WV'),
('26855','PETERSBURG','PETERSBURG','WV','CENTRAL','KY-WV'),
('26865','YELLOW SPRING','YELLOW SPRING','WV','CENTRAL','KY-WV'),
('26866','FRANKLIN','FRANKLIN','WV','CENTRAL','KY-WV'),
('26866','PETERSBURG','PETERSBURG','WV','CENTRAL','KY-WV'),
('26884','SENECA ROCKS','SENECA ROCKS','WV','CENTRAL','KY-WV'),
('26886','ONEGO','ONEGO','WV','CENTRAL','KY-WV'),
('27006','ADVANCE','ADVANCE','NC','ATLANTIC','NORTH CAROLINA');

INSERT INTO us_locations (zip_code, locale_name, city, state, area_name, district_name) VALUES
('27007','ARARAT','ARARAT','NC','ATLANTIC','NORTH CAROLINA'),
('27007','PILOT MOUNTAIN','PILOT MOUNTAIN','NC','ATLANTIC','NORTH CAROLINA'),
('27009','BELEWS CREEK','BELEWS CREEK','NC','ATLANTIC','NORTH CAROLINA'),
('27010','BETHANIA','BETHANIA','NC','ATLANTIC','NORTH CAROLINA'),
('27011','BOONVILLE','BOONVILLE','NC','ATLANTIC','NORTH CAROLINA'),
('27012','CLEMMONS','CLEMMONS','NC','ATLANTIC','NORTH CAROLINA'),
('27013','CLEVELAND','CLEVELAND','NC','ATLANTIC','NORTH CAROLINA'),
('27014','COOLEEMEE','COOLEEMEE','NC','ATLANTIC','NORTH CAROLINA'),
('27016','DANBURY','DANBURY','NC','ATLANTIC','NORTH CAROLINA'),
('27016','WALNUT COVE','WALNUT COVE','NC','ATLANTIC','NORTH CAROLINA'),
('27017','DOBSON','DOBSON','NC','ATLANTIC','NORTH CAROLINA'),
('27018','EAST BEND','EAST BEND','NC','ATLANTIC','NORTH CAROLINA'),
('27019','GERMANTON','GERMANTON','NC','ATLANTIC','NORTH CAROLINA'),
('27020','HAMPTONVILLE','HAMPTONVILLE','NC','ATLANTIC','NORTH CAROLINA'),
('27021','KING','KING','NC','ATLANTIC','NORTH CAROLINA'),
('27022','LAWSONVILLE','LAWSONVILLE','NC','ATLANTIC','NORTH CAROLINA'),
('27022','SANDY RIDGE','SANDY RIDGE','NC','ATLANTIC','NORTH CAROLINA'),
('27023','LEWISVILLE','LEWISVILLE','NC','ATLANTIC','NORTH CAROLINA'),
('27024','LOWGAP','LOWGAP','NC','ATLANTIC','NORTH CAROLINA'),
('27025','MADISON','MADISON','NC','ATLANTIC','NORTH CAROLINA'),
('27027','MAYODAN','MAYODAN','NC','ATLANTIC','NORTH CAROLINA'),
('27028','MOCKSVILLE','MOCKSVILLE','NC','ATLANTIC','NORTH CAROLINA'),
('27030','MOUNT AIRY','MOUNT AIRY','NC','ATLANTIC','NORTH CAROLINA'),
('27030','MOUNT AIRY ANNEX','MOUNT AIRY','NC','ATLANTIC','NORTH CAROLINA'),
('27040','PFAFFTOWN','PFAFFTOWN','NC','ATLANTIC','NORTH CAROLINA'),
('27040','WINSTON SALEM NC SDC','WINSTON SALEM','NC','ATLANTIC','NORTH CAROLINA'),
('27041','PILOT MOUNTAIN','PILOT MOUNTAIN','NC','ATLANTIC','NORTH CAROLINA'),
('27042','PINE HALL','PINE HALL','NC','ATLANTIC','NORTH CAROLINA'),
('27043','PINNACLE','PINNACLE','NC','ATLANTIC','NORTH CAROLINA'),
('27045','RURAL HALL','RURAL HALL','NC','ATLANTIC','NORTH CAROLINA'),
('27045','WINSTON SALEM NC SDC','WINSTON SALEM','NC','ATLANTIC','NORTH CAROLINA'),
('27046','SANDY RIDGE','SANDY RIDGE','NC','ATLANTIC','NORTH CAROLINA'),
('27047','EAST BEND','EAST BEND','NC','ATLANTIC','NORTH CAROLINA'),
('27047','SILOAM','SILOAM','NC','ATLANTIC','NORTH CAROLINA'),
('27048','STONEVILLE','STONEVILLE','NC','ATLANTIC','NORTH CAROLINA'),
('27049','TOAST','TOAST','NC','ATLANTIC','NORTH CAROLINA'),
('27050','TOBACCOVILLE','TOBACCOVILLE','NC','ATLANTIC','NORTH CAROLINA'),
('27051','WALKERTOWN','WALKERTOWN','NC','ATLANTIC','NORTH CAROLINA'),
('27051','WINSTON SALEM NC SDC','WINSTON SALEM','NC','ATLANTIC','NORTH CAROLINA'),
('27052','WALNUT COVE','WALNUT COVE','NC','ATLANTIC','NORTH CAROLINA'),
('27053','WESTFIELD','WESTFIELD','NC','ATLANTIC','NORTH CAROLINA'),
('27054','WOODLEAF','WOODLEAF','NC','ATLANTIC','NORTH CAROLINA'),
('27055','YADKINVILLE','YADKINVILLE','NC','ATLANTIC','NORTH CAROLINA'),
('27101','WINSTON SALEM NC SDC','WINSTON SALEM','NC','ATLANTIC','NORTH CAROLINA'),
('27102','WINSTON SALEM NC SDC','WINSTON SALEM','NC','ATLANTIC','NORTH CAROLINA'),
('27103','MANOR','WINSTON SALEM','NC','ATLANTIC','NORTH CAROLINA'),
('27104','MANOR','WINSTON SALEM','NC','ATLANTIC','NORTH CAROLINA'),
('27105','WINSTON SALEM NC SDC','WINSTON SALEM','NC','ATLANTIC','NORTH CAROLINA'),
('27106','NORTH POINT','WINSTON SALEM','NC','ATLANTIC','NORTH CAROLINA'),
('27107','WAUGHTOWN','WINSTON SALEM','NC','ATLANTIC','NORTH CAROLINA');

INSERT INTO us_locations (zip_code, locale_name, city, state, area_name, district_name) VALUES
('27113','CENTER CITY','WINSTON SALEM','NC','ATLANTIC','NORTH CAROLINA'),
('27114','MANOR','WINSTON SALEM','NC','ATLANTIC','NORTH CAROLINA'),
('27115','WINSTON SALEM NC SDC','WINSTON SALEM','NC','ATLANTIC','NORTH CAROLINA'),
('27116','NORTH POINT','WINSTON SALEM','NC','ATLANTIC','NORTH CAROLINA'),
('27117','WAUGHTOWN','WINSTON SALEM','NC','ATLANTIC','NORTH CAROLINA'),
('27120','CENTER CITY','WINSTON SALEM','NC','ATLANTIC','NORTH CAROLINA'),
('27127','WAUGHTOWN','WINSTON SALEM','NC','ATLANTIC','NORTH CAROLINA'),
('27130','HANES MALL','WINSTON SALEM','NC','ATLANTIC','NORTH CAROLINA'),
('27201','ALAMANCE','ALAMANCE','NC','ATLANTIC','NORTH CAROLINA'),
('27202','GIBSONVILLE','GIBSONVILLE','NC','ATLANTIC','NORTH CAROLINA'),
('27203','ASHEBORO','ASHEBORO','NC','ATLANTIC','NORTH CAROLINA'),
('27204','ASHEBORO','ASHEBORO','NC','ATLANTIC','NORTH CAROLINA'),
('27205','ASHEBORO','ASHEBORO','NC','ATLANTIC','NORTH CAROLINA'),
('27207','BEAR CREEK','BEAR CREEK','NC','ATLANTIC','NORTH CAROLINA'),
('27208','BENNETT','BENNETT','NC','ATLANTIC','NORTH CAROLINA'),
('27209','BISCOE','BISCOE','NC','ATLANTIC','NORTH CAROLINA'),
('27212','YANCEYVILLE','YANCEYVILLE','NC','ATLANTIC','NORTH CAROLINA'),
('27213','BONLEE','BONLEE','NC','ATLANTIC','NORTH CAROLINA'),
('27214','BROWNS SUMMIT','BROWNS SUMMIT','NC','ATLANTIC','NORTH CAROLINA'),
('27215','BURLINGTON','BURLINGTON','NC','ATLANTIC','NORTH CAROLINA'),
('27215','NORTH BURLINGTON','BURLINGTON','NC','ATLANTIC','NORTH CAROLINA'),
('27216','BURLINGTON','BURLINGTON','NC','ATLANTIC','NORTH CAROLINA'),
('27217','BURLINGTON','BURLINGTON','NC','ATLANTIC','NORTH CAROLINA'),
('27228','BYNUM','PITTSBORO','NC','ATLANTIC','NORTH CAROLINA'),
('27229','CANDOR','CANDOR','NC','ATLANTIC','NORTH CAROLINA'),
('27230','CEDAR FALLS','CEDAR FALLS','NC','ATLANTIC','NORTH CAROLINA'),
('27231','CEDAR GROVE','CEDAR GROVE','NC','ATLANTIC','NORTH CAROLINA'),
('27233','CLIMAX','CLIMAX','NC','ATLANTIC','NORTH CAROLINA'),
('27235','COLFAX','COLFAX','NC','ATLANTIC','NORTH CAROLINA'),
('27239','DENTON','DENTON','NC','ATLANTIC','NORTH CAROLINA'),
('27242','CANDOR','CANDOR','NC','ATLANTIC','NORTH CAROLINA'),
('27242','EAGLE SPRINGS','EAGLE SPRINGS','NC','ATLANTIC','NORTH CAROLINA'),
('27243','EFLAND','EFLAND','NC','ATLANTIC','NORTH CAROLINA'),
('27244','ELON','ELON','NC','ATLANTIC','NORTH CAROLINA'),
('27247','ETHER','ETHER','NC','ATLANTIC','NORTH CAROLINA'),
('27248','FRANKLINVILLE','FRANKLINVILLE','NC','ATLANTIC','NORTH CAROLINA'),
('27249','GIBSONVILLE','GIBSONVILLE','NC','ATLANTIC','NORTH CAROLINA'),
('27252','GOLDSTON','GOLDSTON','NC','ATLANTIC','NORTH CAROLINA'),
('27253','GRAHAM','GRAHAM','NC','ATLANTIC','NORTH CAROLINA'),
('27256','GULF','GULF','NC','ATLANTIC','NORTH CAROLINA'),
('27258','HAW RIVER','HAW RIVER','NC','ATLANTIC','NORTH CAROLINA'),
('27259','HIGHFALLS','HIGHFALLS','NC','ATLANTIC','NORTH CAROLINA'),
('27260','HIGH POINT NC S&DC','HIGH POINT','NC','ATLANTIC','NORTH CAROLINA'),
('27261','HIGH POINT NC S&DC','HIGH POINT','NC','ATLANTIC','NORTH CAROLINA'),
('27262','EMERYWOOD','HIGH POINT','NC','ATLANTIC','NORTH CAROLINA'),
('27262','HIGH POINT NC S&DC','HIGH POINT','NC','ATLANTIC','NORTH CAROLINA'),
('27263','ARCHDALE','ARCHDALE','NC','ATLANTIC','NORTH CAROLINA'),
('27263','HIGH POINT NC S&DC','HIGH POINT','NC','ATLANTIC','NORTH CAROLINA'),
('27264','ARCHDALE','ARCHDALE','NC','ATLANTIC','NORTH CAROLINA'),
('27265','HIGH POINT NC S&DC','HIGH POINT','NC','ATLANTIC','NORTH CAROLINA');

INSERT INTO us_locations (zip_code, locale_name, city, state, area_name, district_name) VALUES
('27278','HILLSBOROUGH','HILLSBOROUGH','NC','ATLANTIC','NORTH CAROLINA'),
('27281','JACKSON SPRINGS','JACKSON SPRINGS','NC','ATLANTIC','NORTH CAROLINA'),
('27281','WEST END','WEST END','NC','ATLANTIC','NORTH CAROLINA'),
('27282','JAMESTOWN','JAMESTOWN','NC','ATLANTIC','NORTH CAROLINA'),
('27283','JULIAN','JULIAN','NC','ATLANTIC','NORTH CAROLINA'),
('27283','LIBERTY','LIBERTY','NC','ATLANTIC','NORTH CAROLINA'),
('27284','KERNERSVILLE','KERNERSVILLE','NC','ATLANTIC','NORTH CAROLINA'),
('27285','KERNERSVILLE','KERNERSVILLE','NC','ATLANTIC','NORTH CAROLINA'),
('27288','EDEN','EDEN','NC','ATLANTIC','NORTH CAROLINA'),
('27289','EDEN','EDEN','NC','ATLANTIC','NORTH CAROLINA'),
('27291','LEASBURG','LEASBURG','NC','ATLANTIC','NORTH CAROLINA'),
('27291','YANCEYVILLE','YANCEYVILLE','NC','ATLANTIC','NORTH CAROLINA'),
('27292','LEXINGTON','LEXINGTON','NC','ATLANTIC','NORTH CAROLINA'),
('27293','LEXINGTON','LEXINGTON','NC','ATLANTIC','NORTH CAROLINA'),
('27295','LEXINGTON','LEXINGTON','NC','ATLANTIC','NORTH CAROLINA'),
('27298','LIBERTY','LIBERTY','NC','ATLANTIC','NORTH CAROLINA'),
('27299','LINWOOD','LINWOOD','NC','ATLANTIC','NORTH CAROLINA'),
('27301','MC LEANSVILLE','MC LEANSVILLE','NC','ATLANTIC','NORTH CAROLINA'),
('27302','MEBANE','MEBANE','NC','ATLANTIC','NORTH CAROLINA'),
('27305','MILTON','MILTON','NC','ATLANTIC','NORTH CAROLINA'),
('27305','YANCEYVILLE','YANCEYVILLE','NC','ATLANTIC','NORTH CAROLINA'),
('27306','MOUNT GILEAD','MOUNT GILEAD','NC','ATLANTIC','NORTH CAROLINA'),
('27310','OAK RIDGE','OAK RIDGE','NC','ATLANTIC','NORTH CAROLINA'),
('27311','PELHAM','PELHAM','NC','ATLANTIC','NORTH CAROLINA'),
('27312','PITTSBORO','PITTSBORO','NC','ATLANTIC','NORTH CAROLINA'),
('27313','PLEASANT GARDEN','PLEASANT GARDEN','NC','ATLANTIC','NORTH CAROLINA'),
('27314','PROSPECT HILL','PROSPECT HILL','NC','ATLANTIC','NORTH CAROLINA'),
('27315','PELHAM','PELHAM','NC','ATLANTIC','NORTH CAROLINA'),
('27315','PROVIDENCE','PROVIDENCE','NC','ATLANTIC','NORTH CAROLINA'),
('27316','ASHEBORO','ASHEBORO','NC','ATLANTIC','NORTH CAROLINA'),
('27316','RAMSEUR','RAMSEUR','NC','ATLANTIC','NORTH CAROLINA'),
('27317','RANDLEMAN','RANDLEMAN','NC','ATLANTIC','NORTH CAROLINA'),
('27320','REIDSVILLE','REIDSVILLE','NC','ATLANTIC','NORTH CAROLINA'),
('27323','REIDSVILLE','REIDSVILLE','NC','ATLANTIC','NORTH CAROLINA'),
('27325','ROBBINS','ROBBINS','NC','ATLANTIC','NORTH CAROLINA'),
('27326','PELHAM','PELHAM','NC','ATLANTIC','NORTH CAROLINA'),
('27326','RUFFIN','RUFFIN','NC','ATLANTIC','NORTH CAROLINA'),
('27330','SANFORD','SANFORD','NC','ATLANTIC','NORTH CAROLINA'),
('27331','SANFORD','SANFORD','NC','ATLANTIC','NORTH CAROLINA'),
('27332','SANFORD','SANFORD','NC','ATLANTIC','NORTH CAROLINA'),
('27340','SAXAPAHAW','SAXAPAHAW','NC','ATLANTIC','NORTH CAROLINA'),
('27341','ROBBINS','ROBBINS','NC','ATLANTIC','NORTH CAROLINA'),
('27341','SEAGROVE','SEAGROVE','NC','ATLANTIC','NORTH CAROLINA'),
('27342','SEDALIA','SEDALIA','NC','ATLANTIC','NORTH CAROLINA'),
('27343','SEMORA','SEMORA','NC','ATLANTIC','NORTH CAROLINA'),
('27343','YANCEYVILLE','YANCEYVILLE','NC','ATLANTIC','NORTH CAROLINA'),
('27344','SILER CITY','SILER CITY','NC','ATLANTIC','NORTH CAROLINA'),
('27349','SNOW CAMP','SNOW CAMP','NC','ATLANTIC','NORTH CAROLINA'),
('27350','RANDLEMAN','RANDLEMAN','NC','ATLANTIC','NORTH CAROLINA'),
('27350','SOPHIA','SOPHIA','NC','ATLANTIC','NORTH CAROLINA');

INSERT INTO us_locations (zip_code, locale_name, city, state, area_name, district_name) VALUES
('27351','SOUTHMONT','SOUTHMONT','NC','ATLANTIC','NORTH CAROLINA'),
('27355','LIBERTY','LIBERTY','NC','ATLANTIC','NORTH CAROLINA'),
('27355','STALEY','STALEY','NC','ATLANTIC','NORTH CAROLINA'),
('27356','STAR','STAR','NC','ATLANTIC','NORTH CAROLINA'),
('27357','STOKESDALE','STOKESDALE','NC','ATLANTIC','NORTH CAROLINA'),
('27358','SUMMERFIELD','SUMMERFIELD','NC','ATLANTIC','NORTH CAROLINA'),
('27359','GRAHAM','GRAHAM','NC','ATLANTIC','NORTH CAROLINA'),
('27360','THOMASVILLE','THOMASVILLE','NC','ATLANTIC','NORTH CAROLINA'),
('27361','THOMASVILLE','THOMASVILLE','NC','ATLANTIC','NORTH CAROLINA'),
('27370','TRINITY','TRINITY','NC','ATLANTIC','NORTH CAROLINA'),
('27371','TROY','TROY','NC','ATLANTIC','NORTH CAROLINA'),
('27373','WALLBURG','WALLBURG','NC','ATLANTIC','NORTH CAROLINA'),
('27374','WELCOME','WELCOME','NC','ATLANTIC','NORTH CAROLINA'),
('27375','WENTWORTH','WENTWORTH','NC','ATLANTIC','NORTH CAROLINA'),
('27376','WEST END','WEST END','NC','ATLANTIC','NORTH CAROLINA'),
('27377','WHITSETT','WHITSETT','NC','ATLANTIC','NORTH CAROLINA'),
('27379','YANCEYVILLE','YANCEYVILLE','NC','ATLANTIC','NORTH CAROLINA'),
('27401','GREENSBORO','GREENSBORO','NC','ATLANTIC','NORTH CAROLINA'),
('27402','GREENSBORO','GREENSBORO','NC','ATLANTIC','NORTH CAROLINA'),
('27403','GREENSBORO','GREENSBORO','NC','ATLANTIC','NORTH CAROLINA'),
('27404','FRIENDLY','GREENSBORO','NC','ATLANTIC','NORTH CAROLINA'),
('27405','SUMMIT','GREENSBORO','NC','ATLANTIC','NORTH CAROLINA'),
('27406','SPRING VALLEY','GREENSBORO','NC','ATLANTIC','NORTH CAROLINA'),
('27407','WESTSIDE ANNEX','GREENSBORO','NC','ATLANTIC','NORTH CAROLINA'),
('27408','GREENSBORO','GREENSBORO','NC','ATLANTIC','NORTH CAROLINA'),
('27409','PLEASANT RIDGE ANNEX','GREENSBORO','NC','ATLANTIC','NORTH CAROLINA'),
('27410','WESTSIDE ANNEX','GREENSBORO','NC','ATLANTIC','NORTH CAROLINA'),
('27415','SUMMIT','GREENSBORO','NC','ATLANTIC','NORTH CAROLINA'),
('27416','SPRING VALLEY','GREENSBORO','NC','ATLANTIC','NORTH CAROLINA'),
('27417','HILLTOP FINANCE','GREENSBORO','NC','ATLANTIC','NORTH CAROLINA'),
('27419','GUILFORD','GREENSBORO','NC','ATLANTIC','NORTH CAROLINA'),
('27420','GREENSBORO','GREENSBORO','NC','ATLANTIC','NORTH CAROLINA'),
('27425','GUILFORD','GREENSBORO','NC','ATLANTIC','NORTH CAROLINA'),
('27427','FOUR SEASONS','GREENSBORO','NC','ATLANTIC','NORTH CAROLINA'),
('27429','GREENSBORO','GREENSBORO','NC','ATLANTIC','NORTH CAROLINA'),
('27435','GREENSBORO','GREENSBORO','NC','ATLANTIC','NORTH CAROLINA'),
('27438','BATTLEGROUND','GREENSBORO','NC','ATLANTIC','NORTH CAROLINA'),
('27455','GREENSBORO','GREENSBORO','NC','ATLANTIC','NORTH CAROLINA'),
('27501','ANGIER','ANGIER','NC','ATLANTIC','NORTH CAROLINA'),
('27502','APEX','APEX','NC','ATLANTIC','NORTH CAROLINA'),
('27503','BAHAMA','BAHAMA','NC','ATLANTIC','NORTH CAROLINA'),
('27503','ROUGEMONT','ROUGEMONT','NC','ATLANTIC','NORTH CAROLINA'),
('27504','BENSON','BENSON','NC','ATLANTIC','NORTH CAROLINA'),
('27505','BROADWAY','BROADWAY','NC','ATLANTIC','NORTH CAROLINA'),
('27506','BUIES CREEK','BUIES CREEK','NC','ATLANTIC','NORTH CAROLINA'),
('27507','BULLOCK','BULLOCK','NC','ATLANTIC','NORTH CAROLINA'),
('27508','BUNN','BUNN','NC','ATLANTIC','NORTH CAROLINA'),
('27509','BUTNER','BUTNER','NC','ATLANTIC','NORTH CAROLINA'),
('27510','CARRBORO','CARRBORO','NC','ATLANTIC','NORTH CAROLINA'),
('27511','CARY','CARY','NC','ATLANTIC','NORTH CAROLINA');

INSERT INTO us_locations (zip_code, locale_name, city, state, area_name, district_name) VALUES
('27512','CARY','CARY','NC','ATLANTIC','NORTH CAROLINA'),
('27513','CARY','CARY','NC','ATLANTIC','NORTH CAROLINA'),
('27514','CHAPEL HILL','CHAPEL HILL','NC','ATLANTIC','NORTH CAROLINA'),
('27514','FRANKLIN STREET','CHAPEL HILL','NC','ATLANTIC','NORTH CAROLINA'),
('27515','CHAPEL HILL','CHAPEL HILL','NC','ATLANTIC','NORTH CAROLINA'),
('27516','CARRBORO','CARRBORO','NC','ATLANTIC','NORTH CAROLINA'),
('27516','TIMBERLYNE','CHAPEL HILL','NC','ATLANTIC','NORTH CAROLINA'),
('27517','CHAPEL HILL','CHAPEL HILL','NC','ATLANTIC','NORTH CAROLINA'),
('27518','CARY','CARY','NC','ATLANTIC','NORTH CAROLINA'),
('27519','ACADEMY ST','CARY','NC','ATLANTIC','NORTH CAROLINA'),
('27519','CARY','CARY','NC','ATLANTIC','NORTH CAROLINA'),
('27520','CLAYTON','CLAYTON','NC','ATLANTIC','NORTH CAROLINA'),
('27521','COATS','COATS','NC','ATLANTIC','NORTH CAROLINA'),
('27522','CREEDMOOR','CREEDMOOR','NC','ATLANTIC','NORTH CAROLINA'),
('27523','APEX','APEX','NC','ATLANTIC','NORTH CAROLINA'),
('27524','FOUR OAKS','FOUR OAKS','NC','ATLANTIC','NORTH CAROLINA'),
('27525','FRANKLINTON','FRANKLINTON','NC','ATLANTIC','NORTH CAROLINA'),
('27526','FUQUAY VARINA','FUQUAY VARINA','NC','ATLANTIC','NORTH CAROLINA'),
('27527','CLAYTON','CLAYTON','NC','ATLANTIC','NORTH CAROLINA'),
('27528','CLAYTON','CLAYTON','NC','ATLANTIC','NORTH CAROLINA'),
('27529','GARNER','GARNER','NC','ATLANTIC','NORTH CAROLINA'),
('27530','GOLDSBORO','GOLDSBORO','NC','ATLANTIC','NORTH CAROLINA'),
('27532','BERKELEY','GOLDSBORO','NC','ATLANTIC','NORTH CAROLINA'),
('27533','GOLDSBORO','GOLDSBORO','NC','ATLANTIC','NORTH CAROLINA'),
('27534','BERKELEY','GOLDSBORO','NC','ATLANTIC','NORTH CAROLINA'),
('27536','HENDERSON','HENDERSON','NC','ATLANTIC','NORTH CAROLINA'),
('27537','HENDERSON','HENDERSON','NC','ATLANTIC','NORTH CAROLINA'),
('27539','APEX ANNEX','HOLLY SPRINGS','NC','ATLANTIC','NORTH CAROLINA'),
('27540','FUQUAY VARINA','FUQUAY VARINA','NC','ATLANTIC','NORTH CAROLINA'),
('27540','HOLLY SPRINGS','HOLLY SPRINGS','NC','ATLANTIC','NORTH CAROLINA'),
('27541','HURDLE MILLS','HURDLE MILLS','NC','ATLANTIC','NORTH CAROLINA'),
('27541','TIMBERLAKE','TIMBERLAKE','NC','ATLANTIC','NORTH CAROLINA'),
('27542','KENLY','KENLY','NC','ATLANTIC','NORTH CAROLINA'),
('27543','KIPLING','KIPLING','NC','ATLANTIC','NORTH CAROLINA'),
('27544','KITTRELL','KITTRELL','NC','ATLANTIC','NORTH CAROLINA'),
('27545','KNIGHTDALE','KNIGHTDALE','NC','ATLANTIC','NORTH CAROLINA'),
('27546','LILLINGTON','LILLINGTON','NC','ATLANTIC','NORTH CAROLINA'),
('27549','LOUISBURG','LOUISBURG','NC','ATLANTIC','NORTH CAROLINA'),
('27549','LOUISBURG CARRIER ANNEX','LOUISBURG','NC','ATLANTIC','NORTH CAROLINA'),
('27551','MACON','MACON','NC','ATLANTIC','NORTH CAROLINA'),
('27551','WARRENTON','WARRENTON','NC','ATLANTIC','NORTH CAROLINA'),
('27552','MAMERS','MAMERS','NC','ATLANTIC','NORTH CAROLINA'),
('27553','MANSON','MANSON','NC','ATLANTIC','NORTH CAROLINA'),
('27553','NORLINA','NORLINA','NC','ATLANTIC','NORTH CAROLINA'),
('27555','MICRO','MICRO','NC','ATLANTIC','NORTH CAROLINA'),
('27556','MIDDLEBURG','MIDDLEBURG','NC','ATLANTIC','NORTH CAROLINA'),
('27557','MIDDLESEX','MIDDLESEX','NC','ATLANTIC','NORTH CAROLINA'),
('27559','MONCURE','MONCURE','NC','ATLANTIC','NORTH CAROLINA'),
('27560','MORRISVILLE','MORRISVILLE','NC','ATLANTIC','NORTH CAROLINA'),
('27562','NEW HILL','NEW HILL','NC','ATLANTIC','NORTH CAROLINA');

INSERT INTO us_locations (zip_code, locale_name, city, state, area_name, district_name) VALUES
('27563','NORLINA','NORLINA','NC','ATLANTIC','NORTH CAROLINA'),
('27565','OXFORD','OXFORD','NC','ATLANTIC','NORTH CAROLINA'),
('27568','PINE LEVEL','SELMA','NC','ATLANTIC','NORTH CAROLINA'),
('27569','PRINCETON','PRINCETON','NC','ATLANTIC','NORTH CAROLINA'),
('27570','RIDGEWAY','RIDGEWAY','NC','ATLANTIC','NORTH CAROLINA'),
('27571','ROLESVILLE','ROLESVILLE','NC','ATLANTIC','NORTH CAROLINA'),
('27572','ROUGEMONT','ROUGEMONT','NC','ATLANTIC','NORTH CAROLINA'),
('27573','ROXBORO','ROXBORO','NC','ATLANTIC','NORTH CAROLINA'),
('27574','ROXBORO','ROXBORO','NC','ATLANTIC','NORTH CAROLINA'),
('27576','SELMA','SELMA','NC','ATLANTIC','NORTH CAROLINA'),
('27577','SMITHFIELD','SMITHFIELD','NC','ATLANTIC','NORTH CAROLINA'),
('27581','STEM','STEM','NC','ATLANTIC','NORTH CAROLINA'),
('27582','STOVALL','STOVALL','NC','ATLANTIC','NORTH CAROLINA'),
('27583','TIMBERLAKE','TIMBERLAKE','NC','ATLANTIC','NORTH CAROLINA'),
('27584','TOWNSVILLE','TOWNSVILLE','NC','ATLANTIC','NORTH CAROLINA'),
('27586','MACON','MACON','NC','ATLANTIC','NORTH CAROLINA'),
('27587','WAKE FOREST','WAKE FOREST','NC','ATLANTIC','NORTH CAROLINA'),
('27588','WAKE FOREST','WAKE FOREST','NC','ATLANTIC','NORTH CAROLINA'),
('27589','WARRENTON','WARRENTON','NC','ATLANTIC','NORTH CAROLINA'),
('27591','WENDELL','WENDELL','NC','ATLANTIC','NORTH CAROLINA'),
('27592','WILLOW SPRING','WILLOW SPRING','NC','ATLANTIC','NORTH CAROLINA'),
('27593','WILSONS MILLS','WILSONS MILLS','NC','ATLANTIC','NORTH CAROLINA'),
('27594','WISE','WISE','NC','ATLANTIC','NORTH CAROLINA'),
('27596','YOUNGSVILLE','YOUNGSVILLE','NC','ATLANTIC','NORTH CAROLINA'),
('27597','ZEBULON','ZEBULON','NC','ATLANTIC','NORTH CAROLINA'),
('27601','SUNNYBROOK','RALEIGH','NC','ATLANTIC','NORTH CAROLINA'),
('27602','CENTURY','RALEIGH','NC','ATLANTIC','NORTH CAROLINA'),
('27603','AVENT FERRY RALEIGH','RALEIGH','NC','ATLANTIC','NORTH CAROLINA'),
('27604','BRENTWOOD','RALEIGH','NC','ATLANTIC','NORTH CAROLINA'),
('27605','CAPITOL','RALEIGH','NC','ATLANTIC','NORTH CAROLINA'),
('27605','OBERLIN VILLAGE','RALEIGH','NC','ATLANTIC','NORTH CAROLINA'),
('27606','AVENT FERRY RALEIGH','RALEIGH','NC','ATLANTIC','NORTH CAROLINA'),
('27607','AVENT FERRY RALEIGH','RALEIGH','NC','ATLANTIC','NORTH CAROLINA'),
('27608','CAPITOL','RALEIGH','NC','ATLANTIC','NORTH CAROLINA'),
('27609','NORTH RIDGE','RALEIGH','NC','ATLANTIC','NORTH CAROLINA'),
('27610','SUNNYBROOK','RALEIGH','NC','ATLANTIC','NORTH CAROLINA'),
('27611','CAPITOL','RALEIGH','NC','ATLANTIC','NORTH CAROLINA'),
('27612','HILBURN ANNEX','RALEIGH','NC','ATLANTIC','NORTH CAROLINA'),
('27612','WESTGATE','RALEIGH','NC','ATLANTIC','NORTH CAROLINA'),
('27613','HILBURN ANNEX','RALEIGH','NC','ATLANTIC','NORTH CAROLINA'),
('27614','NORTH RIDGE','RALEIGH','NC','ATLANTIC','NORTH CAROLINA'),
('27615','NORTH RIDGE','RALEIGH','NC','ATLANTIC','NORTH CAROLINA'),
('27616','BRENTWOOD','RALEIGH','NC','ATLANTIC','NORTH CAROLINA'),
('27617','WESTGATE','RALEIGH','NC','ATLANTIC','NORTH CAROLINA'),
('27619','NORTH HILLS','RALEIGH','NC','ATLANTIC','NORTH CAROLINA'),
('27620','SUNNYBROOK','RALEIGH','NC','ATLANTIC','NORTH CAROLINA'),
('27622','NORTH HILLS','RALEIGH','NC','ATLANTIC','NORTH CAROLINA'),
('27623','WESTGATE','RALEIGH','NC','ATLANTIC','NORTH CAROLINA'),
('27624','NORTH RIDGE','RALEIGH','NC','ATLANTIC','NORTH CAROLINA'),
('27626','CAPITOL','RALEIGH','NC','ATLANTIC','NORTH CAROLINA');

INSERT INTO us_locations (zip_code, locale_name, city, state, area_name, district_name) VALUES
('27627','AVENT FERRY RALEIGH','RALEIGH','NC','ATLANTIC','NORTH CAROLINA'),
('27628','FIVE POINTS','RALEIGH','NC','ATLANTIC','NORTH CAROLINA'),
('27629','BRENTWOOD','RALEIGH','NC','ATLANTIC','NORTH CAROLINA'),
('27636','METHOD','RALEIGH','NC','ATLANTIC','NORTH CAROLINA'),
('27650','OBERLIN VILLAGE','RALEIGH','NC','ATLANTIC','NORTH CAROLINA'),
('27658','MILLBROOK','RALEIGH','NC','ATLANTIC','NORTH CAROLINA'),
('27661','NEUSE','RALEIGH','NC','ATLANTIC','NORTH CAROLINA'),
('27675','WESTGATE','RALEIGH','NC','ATLANTIC','NORTH CAROLINA'),
('27701','EAST DURHAM','DURHAM','NC','ATLANTIC','NORTH CAROLINA'),
('27702','DURHAM','DURHAM','NC','ATLANTIC','NORTH CAROLINA'),
('27703','EAST DURHAM','DURHAM','NC','ATLANTIC','NORTH CAROLINA'),
('27704','ENO VALLEY','DURHAM','NC','ATLANTIC','NORTH CAROLINA'),
('27704','NORTH DURHAM','DURHAM','NC','ATLANTIC','NORTH CAROLINA'),
('27705','WEST DURHAM','DURHAM','NC','ATLANTIC','NORTH CAROLINA'),
('27707','CPU SHEPARD STATION','DURHAM','NC','ATLANTIC','NORTH CAROLINA'),
('27707','SHANNON PLAZA','DURHAM','NC','ATLANTIC','NORTH CAROLINA'),
('27709','RESEARCH TRIANGLE PARK','DURHAM','NC','ATLANTIC','NORTH CAROLINA'),
('27712','ENO VALLEY','DURHAM','NC','ATLANTIC','NORTH CAROLINA'),
('27713','RESEARCH TRIANGLE PARK','DURHAM','NC','ATLANTIC','NORTH CAROLINA'),
('27715','WEST DURHAM','DURHAM','NC','ATLANTIC','NORTH CAROLINA'),
('27717','SHANNON PLAZA','DURHAM','NC','ATLANTIC','NORTH CAROLINA'),
('27722','ENO VALLEY','DURHAM','NC','ATLANTIC','NORTH CAROLINA'),
('27801','ROCKY MOUNT ANNEX','ROCKY MOUNT','NC','ATLANTIC','NORTH CAROLINA'),
('27802','ROCKY MOUNT','ROCKY MOUNT','NC','ATLANTIC','NORTH CAROLINA'),
('27803','ROCKY MOUNT','ROCKY MOUNT','NC','ATLANTIC','NORTH CAROLINA'),
('27803','ROCKY MOUNT ANNEX','ROCKY MOUNT','NC','ATLANTIC','NORTH CAROLINA'),
('27804','ROCKY MOUNT ANNEX','ROCKY MOUNT','NC','ATLANTIC','NORTH CAROLINA'),
('27804','WESTRIDGE','ROCKY MOUNT','NC','ATLANTIC','NORTH CAROLINA'),
('27805','AULANDER','AULANDER','NC','ATLANTIC','NORTH CAROLINA'),
('27806','AURORA','AURORA','NC','ATLANTIC','NORTH CAROLINA'),
('27807','BAILEY','BAILEY','NC','ATLANTIC','NORTH CAROLINA'),
('27808','BATH','BATH','NC','ATLANTIC','NORTH CAROLINA'),
('27809','BATTLEBORO','BATTLEBORO','NC','ATLANTIC','NORTH CAROLINA'),
('27810','BELHAVEN','BELHAVEN','NC','ATLANTIC','NORTH CAROLINA'),
('27811','BELLARTHUR','BELLARTHUR','NC','ATLANTIC','NORTH CAROLINA'),
('27812','BETHEL','BETHEL','NC','ATLANTIC','NORTH CAROLINA'),
('27813','BLACK CREEK','BLACK CREEK','NC','ATLANTIC','NORTH CAROLINA'),
('27814','BLOUNTS CREEK','BLOUNTS CREEK','NC','ATLANTIC','NORTH CAROLINA'),
('27816','CASTALIA','CASTALIA','NC','ATLANTIC','NORTH CAROLINA'),
('27817','CHOCOWINITY','CHOCOWINITY','NC','ATLANTIC','NORTH CAROLINA'),
('27818','COMO','COMO','NC','ATLANTIC','NORTH CAROLINA'),
('27818','MURFREESBORO','MURFREESBORO','NC','ATLANTIC','NORTH CAROLINA'),
('27819','CONETOE','CONETOE','NC','ATLANTIC','NORTH CAROLINA'),
('27820','CONWAY','CONWAY','NC','ATLANTIC','NORTH CAROLINA'),
('27821','AURORA','AURORA','NC','ATLANTIC','NORTH CAROLINA'),
('27821','EDWARD','EDWARD','NC','ATLANTIC','NORTH CAROLINA'),
('27822','ELM CITY','ELM CITY','NC','ATLANTIC','NORTH CAROLINA'),
('27823','ENFIELD','ENFIELD','NC','ATLANTIC','NORTH CAROLINA'),
('27824','ENGELHARD','ENGELHARD','NC','ATLANTIC','NORTH CAROLINA'),
('27825','EVERETTS','EVERETTS','NC','ATLANTIC','NORTH CAROLINA');

INSERT INTO us_locations (zip_code, locale_name, city, state, area_name, district_name) VALUES
('27826','ENGELHARD','ENGELHARD','NC','ATLANTIC','NORTH CAROLINA'),
('27826','FAIRFIELD','FAIRFIELD','NC','ATLANTIC','NORTH CAROLINA'),
('27827','FALKLAND','FALKLAND','NC','ATLANTIC','NORTH CAROLINA'),
('27828','FARMVILLE','FARMVILLE','NC','ATLANTIC','NORTH CAROLINA'),
('27829','FARMVILLE','FARMVILLE','NC','ATLANTIC','NORTH CAROLINA'),
('27829','FOUNTAIN','FOUNTAIN','NC','ATLANTIC','NORTH CAROLINA'),
('27830','FREMONT','FREMONT','NC','ATLANTIC','NORTH CAROLINA'),
('27831','GARYSBURG','GARYSBURG','NC','ATLANTIC','NORTH CAROLINA'),
('27832','GASTON','GASTON','NC','ATLANTIC','NORTH CAROLINA'),
('27832','ROANOKE RAPIDS','ROANOKE RAPIDS','NC','ATLANTIC','NORTH CAROLINA'),
('27833','SOUTH MEMORIAL','GREENVILLE','NC','ATLANTIC','NORTH CAROLINA'),
('27834','SOUTH MEMORIAL','GREENVILLE','NC','ATLANTIC','NORTH CAROLINA'),
('27835','GREENVILLE','GREENVILLE','NC','ATLANTIC','NORTH CAROLINA'),
('27836','ECU STATION','GREENVILLE','NC','ATLANTIC','NORTH CAROLINA'),
('27837','GRIMESLAND','GRIMESLAND','NC','ATLANTIC','NORTH CAROLINA'),
('27839','HALIFAX','HALIFAX','NC','ATLANTIC','NORTH CAROLINA'),
('27840','HAMILTON','HAMILTON','NC','ATLANTIC','NORTH CAROLINA'),
('27840','ROBERSONVILLE','ROBERSONVILLE','NC','ATLANTIC','NORTH CAROLINA'),
('27841','HASSELL','HASSELL','NC','ATLANTIC','NORTH CAROLINA'),
('27842','HENRICO','HENRICO','NC','ATLANTIC','NORTH CAROLINA'),
('27843','HOBGOOD','HOBGOOD','NC','ATLANTIC','NORTH CAROLINA'),
('27843','SCOTLAND NECK','SCOTLAND NECK','NC','ATLANTIC','NORTH CAROLINA'),
('27844','HOLLISTER','HOLLISTER','NC','ATLANTIC','NORTH CAROLINA'),
('27845','JACKSON','JACKSON','NC','ATLANTIC','NORTH CAROLINA'),
('27846','JAMESVILLE','JAMESVILLE','NC','ATLANTIC','NORTH CAROLINA'),
('27847','KELFORD','KELFORD','NC','ATLANTIC','NORTH CAROLINA'),
('27847','RICH SQUARE','RICH SQUARE','NC','ATLANTIC','NORTH CAROLINA'),
('27849','LEWISTON WOODVILLE','LEWISTON WOODVILLE','NC','ATLANTIC','NORTH CAROLINA'),
('27850','LITTLETON','LITTLETON','NC','ATLANTIC','NORTH CAROLINA'),
('27851','LUCAMA','LUCAMA','NC','ATLANTIC','NORTH CAROLINA'),
('27852','MACCLESFIELD','MACCLESFIELD','NC','ATLANTIC','NORTH CAROLINA'),
('27853','JACKSON','JACKSON','NC','ATLANTIC','NORTH CAROLINA'),
('27853','MARGARETTSVILLE','MARGARETTSVILLE','NC','ATLANTIC','NORTH CAROLINA'),
('27855','MURFREESBORO','MURFREESBORO','NC','ATLANTIC','NORTH CAROLINA'),
('27856','NASHVILLE','NASHVILLE','NC','ATLANTIC','NORTH CAROLINA'),
('27857','OAK CITY','OAK CITY','NC','ATLANTIC','NORTH CAROLINA'),
('27857','ROBERSONVILLE','ROBERSONVILLE','NC','ATLANTIC','NORTH CAROLINA'),
('27858','GREENVILLE','GREENVILLE','NC','ATLANTIC','NORTH CAROLINA'),
('27858','SOUTH MEMORIAL','GREENVILLE','NC','ATLANTIC','NORTH CAROLINA'),
('27860','BELHAVEN','BELHAVEN','NC','ATLANTIC','NORTH CAROLINA'),
('27860','PANTEGO','PANTEGO','NC','ATLANTIC','NORTH CAROLINA'),
('27861','PARMELE','ROBERSONVILLE','NC','ATLANTIC','NORTH CAROLINA'),
('27862','PENDLETON','PENDLETON','NC','ATLANTIC','NORTH CAROLINA'),
('27863','PIKEVILLE','PIKEVILLE','NC','ATLANTIC','NORTH CAROLINA'),
('27864','PINETOPS','PINETOPS','NC','ATLANTIC','NORTH CAROLINA'),
('27865','PINETOWN','PINETOWN','NC','ATLANTIC','NORTH CAROLINA'),
('27866','JACKSON','JACKSON','NC','ATLANTIC','NORTH CAROLINA'),
('27866','PLEASANT HILL','PLEASANT HILL','NC','ATLANTIC','NORTH CAROLINA'),
('27867','POTECASI','POTECASI','NC','ATLANTIC','NORTH CAROLINA'),
('27868','RED OAK','RED OAK','NC','ATLANTIC','NORTH CAROLINA');

INSERT INTO us_locations (zip_code, locale_name, city, state, area_name, district_name) VALUES
('27869','RICH SQUARE','RICH SQUARE','NC','ATLANTIC','NORTH CAROLINA'),
('27870','ROANOKE RAPIDS','ROANOKE RAPIDS','NC','ATLANTIC','NORTH CAROLINA'),
('27871','ROBERSONVILLE','ROBERSONVILLE','NC','ATLANTIC','NORTH CAROLINA'),
('27872','ROXOBEL','ROXOBEL','NC','ATLANTIC','NORTH CAROLINA'),
('27873','SARATOGA','SARATOGA','NC','ATLANTIC','NORTH CAROLINA'),
('27874','SCOTLAND NECK','SCOTLAND NECK','NC','ATLANTIC','NORTH CAROLINA'),
('27875','ENGELHARD','ENGELHARD','NC','ATLANTIC','NORTH CAROLINA'),
('27875','SCRANTON','SCRANTON','NC','ATLANTIC','NORTH CAROLINA'),
('27876','JACKSON','JACKSON','NC','ATLANTIC','NORTH CAROLINA'),
('27876','SEABOARD','SEABOARD','NC','ATLANTIC','NORTH CAROLINA'),
('27877','SEVERN','SEVERN','NC','ATLANTIC','NORTH CAROLINA'),
('27878','SHARPSBURG','SHARPSBURG','NC','ATLANTIC','NORTH CAROLINA'),
('27879','SIMPSON','SIMPSON','NC','ATLANTIC','NORTH CAROLINA'),
('27880','BAILEY','BAILEY','NC','ATLANTIC','NORTH CAROLINA'),
('27880','SIMS','SIMS','NC','ATLANTIC','NORTH CAROLINA'),
('27881','SPEED','SPEED','NC','ATLANTIC','NORTH CAROLINA'),
('27882','SPRING HOPE','SPRING HOPE','NC','ATLANTIC','NORTH CAROLINA'),
('27883','STANTONSBURG','STANTONSBURG','NC','ATLANTIC','NORTH CAROLINA'),
('27884','STOKES','STOKES','NC','ATLANTIC','NORTH CAROLINA'),
('27885','ENGELHARD','ENGELHARD','NC','ATLANTIC','NORTH CAROLINA'),
('27885','SWANQUARTER','SWANQUARTER','NC','ATLANTIC','NORTH CAROLINA'),
('27886','TARBORO','TARBORO','NC','ATLANTIC','NORTH CAROLINA'),
('27887','TILLERY','TILLERY','NC','ATLANTIC','NORTH CAROLINA'),
('27888','WALSTONBURG','WALSTONBURG','NC','ATLANTIC','NORTH CAROLINA'),
('27889','WASHINGTON','WASHINGTON','NC','ATLANTIC','NORTH CAROLINA'),
('27890','ROANOKE RAPIDS','ROANOKE RAPIDS','NC','ATLANTIC','NORTH CAROLINA'),
('27890','WELDON','WELDON','NC','ATLANTIC','NORTH CAROLINA'),
('27891','WHITAKERS','WHITAKERS','NC','ATLANTIC','NORTH CAROLINA'),
('27892','WILLIAMSTON','WILLIAMSTON','NC','ATLANTIC','NORTH CAROLINA'),
('27893','CPU BRENTWOOD BUNN ASSOC.','WILSON','NC','ATLANTIC','NORTH CAROLINA'),
('27893','WILSON','WILSON','NC','ATLANTIC','NORTH CAROLINA'),
('27894','WILSON','WILSON','NC','ATLANTIC','NORTH CAROLINA'),
('27895','PARKWOOD','WILSON','NC','ATLANTIC','NORTH CAROLINA'),
('27896','WILSON','WILSON','NC','ATLANTIC','NORTH CAROLINA'),
('27897','RICH SQUARE','RICH SQUARE','NC','ATLANTIC','NORTH CAROLINA'),
('27897','WOODLAND','WOODLAND','NC','ATLANTIC','NORTH CAROLINA'),
('27906','ELIZABETH CITY','ELIZABETH CITY','NC','ATLANTIC','NORTH CAROLINA'),
('27907','ELIZABETH CITY','ELIZABETH CITY','NC','ATLANTIC','NORTH CAROLINA'),
('27909','ELIZABETH CITY','ELIZABETH CITY','NC','ATLANTIC','NORTH CAROLINA'),
('27910','AHOSKIE','AHOSKIE','NC','ATLANTIC','NORTH CAROLINA'),
('27915','AVON','AVON','NC','ATLANTIC','NORTH CAROLINA'),
('27916','AYDLETT','AYDLETT','NC','ATLANTIC','NORTH CAROLINA'),
('27917','BARCO','BARCO','NC','ATLANTIC','NORTH CAROLINA'),
('27917','MOYOCK','MOYOCK','NC','ATLANTIC','NORTH CAROLINA'),
('27919','BELVIDERE','BELVIDERE','NC','ATLANTIC','NORTH CAROLINA'),
('27919','HERTFORD','HERTFORD','NC','ATLANTIC','NORTH CAROLINA'),
('27920','BUXTON','BUXTON','NC','ATLANTIC','NORTH CAROLINA'),
('27921','CAMDEN','CAMDEN','NC','ATLANTIC','NORTH CAROLINA'),
('27922','COFIELD','COFIELD','NC','ATLANTIC','NORTH CAROLINA'),
('27922','WINTON','WINTON','NC','ATLANTIC','NORTH CAROLINA');

