INSERT INTO us_locations (zip_code, locale_name, city, state, area_name, district_name) VALUES
('28603','CPU SPRINGS ROAD','HICKORY','NC','ATLANTIC','NORTH CAROLINA'),
('28603','HICKORY','HICKORY','NC','ATLANTIC','NORTH CAROLINA'),
('28604','BANNER ELK','BANNER ELK','NC','ATLANTIC','NORTH CAROLINA'),
('28605','BLOWING ROCK','BLOWING ROCK','NC','ATLANTIC','NORTH CAROLINA'),
('28606','BOOMER','BOOMER','NC','ATLANTIC','NORTH CAROLINA'),
('28606','MORAVIAN FALLS','MORAVIAN FALLS','NC','ATLANTIC','NORTH CAROLINA'),
('28607','BOONE','BOONE','NC','ATLANTIC','NORTH CAROLINA'),
('28607','DOWNTOWN BOONE','BOONE','NC','ATLANTIC','NORTH CAROLINA'),
('28609','CATAWBA','CATAWBA','NC','ATLANTIC','NORTH CAROLINA'),
('28610','CLAREMONT','CLAREMONT','NC','ATLANTIC','NORTH CAROLINA'),
('28611','COLLETTSVILLE','COLLETTSVILLE','NC','ATLANTIC','NORTH CAROLINA'),
('28612','CONNELLY SPRINGS','CONNELLY SPRINGS','NC','ATLANTIC','NORTH CAROLINA'),
('28613','CONOVER','CONOVER','NC','ATLANTIC','NORTH CAROLINA'),
('28613','NEWTON','NEWTON','NC','ATLANTIC','NORTH CAROLINA'),
('28615','CRESTON','CRESTON','NC','ATLANTIC','NORTH CAROLINA'),
('28615','JEFFERSON','JEFFERSON','NC','ATLANTIC','NORTH CAROLINA'),
('28616','CROSSNORE','CROSSNORE','NC','ATLANTIC','NORTH CAROLINA'),
('28617','CRUMPLER','CRUMPLER','NC','ATLANTIC','NORTH CAROLINA'),
('28618','DEEP GAP','DEEP GAP','NC','ATLANTIC','NORTH CAROLINA'),
('28619','DREXEL','DREXEL','NC','ATLANTIC','NORTH CAROLINA'),
('28621','ELKIN','ELKIN','NC','ATLANTIC','NORTH CAROLINA'),
('28622','ELK PARK','ELK PARK','NC','ATLANTIC','NORTH CAROLINA'),
('28623','ENNICE','ENNICE','NC','ATLANTIC','NORTH CAROLINA'),
('28623','SPARTA','SPARTA','NC','ATLANTIC','NORTH CAROLINA'),
('28624','FERGUSON','FERGUSON','NC','ATLANTIC','NORTH CAROLINA'),
('28624','MORAVIAN FALLS','MORAVIAN FALLS','NC','ATLANTIC','NORTH CAROLINA'),
('28625','STATESVILLE','STATESVILLE','NC','ATLANTIC','NORTH CAROLINA'),
('28626','BOONE','BOONE','NC','ATLANTIC','NORTH CAROLINA'),
('28626','FLEETWOOD','FLEETWOOD','NC','ATLANTIC','NORTH CAROLINA'),
('28627','GLADE VALLEY','GLADE VALLEY','NC','ATLANTIC','NORTH CAROLINA'),
('28627','SPARTA','SPARTA','NC','ATLANTIC','NORTH CAROLINA'),
('28628','GLEN ALPINE','GLEN ALPINE','NC','ATLANTIC','NORTH CAROLINA'),
('28629','GLENDALE SPRINGS','GLENDALE SPRINGS','NC','ATLANTIC','NORTH CAROLINA'),
('28630','GRANITE FALLS','GRANITE FALLS','NC','ATLANTIC','NORTH CAROLINA'),
('28631','GRASSY CREEK','GRASSY CREEK','NC','ATLANTIC','NORTH CAROLINA'),
('28631','LANSING','LANSING','NC','ATLANTIC','NORTH CAROLINA'),
('28634','HARMONY','HARMONY','NC','ATLANTIC','NORTH CAROLINA'),
('28635','HAYS','HAYS','NC','ATLANTIC','NORTH CAROLINA'),
('28636','HIDDENITE','HIDDENITE','NC','ATLANTIC','NORTH CAROLINA'),
('28637','HILDEBRAN','HILDEBRAN','NC','ATLANTIC','NORTH CAROLINA'),
('28638','HUDSON','HUDSON','NC','ATLANTIC','NORTH CAROLINA'),
('28640','JEFFERSON','JEFFERSON','NC','ATLANTIC','NORTH CAROLINA'),
('28641','JONAS RIDGE','JONAS RIDGE','NC','ATLANTIC','NORTH CAROLINA'),
('28642','JONESVILLE','JONESVILLE','NC','ATLANTIC','NORTH CAROLINA'),
('28643','LANSING','LANSING','NC','ATLANTIC','NORTH CAROLINA'),
('28644','LAUREL SPRINGS','LAUREL SPRINGS','NC','ATLANTIC','NORTH CAROLINA'),
('28644','SPARTA','SPARTA','NC','ATLANTIC','NORTH CAROLINA'),
('28645','LENOIR','LENOIR','NC','ATLANTIC','NORTH CAROLINA'),
('28646','LINVILLE','LINVILLE','NC','ATLANTIC','NORTH CAROLINA'),
('28647','LINVILLE FALLS','LINVILLE FALLS','NC','ATLANTIC','NORTH CAROLINA');

INSERT INTO us_locations (zip_code, locale_name, city, state, area_name, district_name) VALUES
('28649','MC GRADY','MC GRADY','NC','ATLANTIC','NORTH CAROLINA'),
('28650','MAIDEN','MAIDEN','NC','ATLANTIC','NORTH CAROLINA'),
('28651','MILLERS CREEK','MILLERS CREEK','NC','ATLANTIC','NORTH CAROLINA'),
('28652','MINNEAPOLIS','MINNEAPOLIS','NC','ATLANTIC','NORTH CAROLINA'),
('28653','MONTEZUMA','MONTEZUMA','NC','ATLANTIC','NORTH CAROLINA'),
('28654','MORAVIAN FALLS','MORAVIAN FALLS','NC','ATLANTIC','NORTH CAROLINA'),
('28655','MORGANTON','MORGANTON','NC','ATLANTIC','NORTH CAROLINA'),
('28657','NEWLAND','NEWLAND','NC','ATLANTIC','NORTH CAROLINA'),
('28658','NEWTON','NEWTON','NC','ATLANTIC','NORTH CAROLINA'),
('28659','NORTH WILKESBORO','NORTH WILKESBORO','NC','ATLANTIC','NORTH CAROLINA'),
('28660','HARMONY','HARMONY','NC','ATLANTIC','NORTH CAROLINA'),
('28660','OLIN','OLIN','NC','ATLANTIC','NORTH CAROLINA'),
('28661','PATTERSON','PATTERSON','NC','ATLANTIC','NORTH CAROLINA'),
('28662','PINEOLA','PINEOLA','NC','ATLANTIC','NORTH CAROLINA'),
('28663','PINEY CREEK','PINEY CREEK','NC','ATLANTIC','NORTH CAROLINA'),
('28663','SPARTA','SPARTA','NC','ATLANTIC','NORTH CAROLINA'),
('28664','PLUMTREE','PLUMTREE','NC','ATLANTIC','NORTH CAROLINA'),
('28665','PURLEAR','PURLEAR','NC','ATLANTIC','NORTH CAROLINA'),
('28666','ICARD','ICARD','NC','ATLANTIC','NORTH CAROLINA'),
('28667','RHODHISS','RHODHISS','NC','ATLANTIC','NORTH CAROLINA'),
('28668','HAYS','HAYS','NC','ATLANTIC','NORTH CAROLINA'),
('28668','ROARING GAP','ROARING GAP','NC','ATLANTIC','NORTH CAROLINA'),
('28669','ROARING RIVER','ROARING RIVER','NC','ATLANTIC','NORTH CAROLINA'),
('28669','RONDA','RONDA','NC','ATLANTIC','NORTH CAROLINA'),
('28670','RONDA','RONDA','NC','ATLANTIC','NORTH CAROLINA'),
('28671','RUTHERFORD COLLEGE','RUTHERFORD COLLEGE','NC','ATLANTIC','NORTH CAROLINA'),
('28672','SPARTA','SPARTA','NC','ATLANTIC','NORTH CAROLINA'),
('28673','SHERRILLS FORD','SHERRILLS FORD','NC','ATLANTIC','NORTH CAROLINA'),
('28675','SPARTA','SPARTA','NC','ATLANTIC','NORTH CAROLINA'),
('28676','STATE ROAD','STATE ROAD','NC','ATLANTIC','NORTH CAROLINA'),
('28677','STATESVILLE','STATESVILLE','NC','ATLANTIC','NORTH CAROLINA'),
('28678','STONY POINT','STONY POINT','NC','ATLANTIC','NORTH CAROLINA'),
('28679','SUGAR GROVE CARRIERS','ZIONVILLE','NC','ATLANTIC','NORTH CAROLINA'),
('28679','ZIONVILLE','ZIONVILLE','NC','ATLANTIC','NORTH CAROLINA'),
('28680','MORGANTON','MORGANTON','NC','ATLANTIC','NORTH CAROLINA'),
('28681','TAYLORSVILLE','TAYLORSVILLE','NC','ATLANTIC','NORTH CAROLINA'),
('28682','SHERRILLS FORD','SHERRILLS FORD','NC','ATLANTIC','NORTH CAROLINA'),
('28682','TERRELL','TERRELL','NC','ATLANTIC','NORTH CAROLINA'),
('28683','STATE ROAD','STATE ROAD','NC','ATLANTIC','NORTH CAROLINA'),
('28683','THURMOND','THURMOND','NC','ATLANTIC','NORTH CAROLINA'),
('28684','BOONE','BOONE','NC','ATLANTIC','NORTH CAROLINA'),
('28684','TODD','TODD','NC','ATLANTIC','NORTH CAROLINA'),
('28685','HAYS','HAYS','NC','ATLANTIC','NORTH CAROLINA'),
('28685','TRAPHILL','TRAPHILL','NC','ATLANTIC','NORTH CAROLINA'),
('28687','CPU DOWNTOWN POSTAL UNIT','STATESVILLE','NC','ATLANTIC','NORTH CAROLINA'),
('28687','STATESVILLE','STATESVILLE','NC','ATLANTIC','NORTH CAROLINA'),
('28688','TURNERSBURG','TURNERSBURG','NC','ATLANTIC','NORTH CAROLINA'),
('28689','HARMONY','HARMONY','NC','ATLANTIC','NORTH CAROLINA'),
('28689','UNION GROVE','UNION GROVE','NC','ATLANTIC','NORTH CAROLINA'),
('28690','VALDESE','VALDESE','NC','ATLANTIC','NORTH CAROLINA');

INSERT INTO us_locations (zip_code, locale_name, city, state, area_name, district_name) VALUES
('28691','VALLE CRUCIS','BANNER ELK','NC','ATLANTIC','NORTH CAROLINA'),
('28692','VILAS','VILAS','NC','ATLANTIC','NORTH CAROLINA'),
('28693','LANSING','LANSING','NC','ATLANTIC','NORTH CAROLINA'),
('28693','WARRENSVILLE','WARRENSVILLE','NC','ATLANTIC','NORTH CAROLINA'),
('28694','WEST JEFFERSON','WEST JEFFERSON','NC','ATLANTIC','NORTH CAROLINA'),
('28697','WILKESBORO','WILKESBORO','NC','ATLANTIC','NORTH CAROLINA'),
('28698','ZIONVILLE','ZIONVILLE','NC','ATLANTIC','NORTH CAROLINA'),
('28699','SCOTTS','SCOTTS','NC','ATLANTIC','NORTH CAROLINA'),
('28701','ALEXANDER','ALEXANDER','NC','ATLANTIC','NORTH CAROLINA'),
('28702','ALMOND','ALMOND','NC','ATLANTIC','NORTH CAROLINA'),
('28702','ROBBINSVILLE','ROBBINSVILLE','NC','ATLANTIC','NORTH CAROLINA'),
('28704','ARDEN','ARDEN','NC','ATLANTIC','NORTH CAROLINA'),
('28705','BAKERSVILLE','BAKERSVILLE','NC','ATLANTIC','NORTH CAROLINA'),
('28707','BALSAM','BALSAM','NC','ATLANTIC','NORTH CAROLINA'),
('28708','BALSAM GROVE','BALSAM GROVE','NC','ATLANTIC','NORTH CAROLINA'),
('28708','ROSMAN','ROSMAN','NC','ATLANTIC','NORTH CAROLINA'),
('28709','BARNARDSVILLE','BARNARDSVILLE','NC','ATLANTIC','NORTH CAROLINA'),
('28710','BAT CAVE','BAT CAVE','NC','ATLANTIC','NORTH CAROLINA'),
('28711','BLACK MOUNTAIN','BLACK MOUNTAIN','NC','ATLANTIC','NORTH CAROLINA'),
('28712','BREVARD','BREVARD','NC','ATLANTIC','NORTH CAROLINA'),
('28713','BRYSON CITY','BRYSON CITY','NC','ATLANTIC','NORTH CAROLINA'),
('28714','BURNSVILLE','BURNSVILLE','NC','ATLANTIC','NORTH CAROLINA'),
('28715','CANDLER','CANDLER','NC','ATLANTIC','NORTH CAROLINA'),
('28716','CANTON','CANTON','NC','ATLANTIC','NORTH CAROLINA'),
('28717','CASHIERS','CASHIERS','NC','ATLANTIC','NORTH CAROLINA'),
('28718','CEDAR MOUNTAIN','CEDAR MOUNTAIN','NC','ATLANTIC','NORTH CAROLINA'),
('28719','CHEROKEE','CHEROKEE','NC','ATLANTIC','NORTH CAROLINA'),
('28720','LAKE LURE','LAKE LURE','NC','ATLANTIC','NORTH CAROLINA'),
('28721','CLYDE','CLYDE','NC','ATLANTIC','NORTH CAROLINA'),
('28722','COLUMBUS','COLUMBUS','NC','ATLANTIC','NORTH CAROLINA'),
('28723','CULLOWHEE','CULLOWHEE','NC','ATLANTIC','NORTH CAROLINA'),
('28724','DANA','DANA','NC','ATLANTIC','NORTH CAROLINA'),
('28725','DILLSBORO','DILLSBORO','NC','ATLANTIC','NORTH CAROLINA'),
('28726','EAST FLAT ROCK','EAST FLAT ROCK','NC','ATLANTIC','NORTH CAROLINA'),
('28727','EDNEYVILLE','EDNEYVILLE','NC','ATLANTIC','NORTH CAROLINA'),
('28728','ENKA','ENKA','NC','ATLANTIC','NORTH CAROLINA'),
('28729','ETOWAH','ETOWAH','NC','ATLANTIC','NORTH CAROLINA'),
('28730','FAIRVIEW','FAIRVIEW','NC','ATLANTIC','NORTH CAROLINA'),
('28731','EAST FLAT ROCK','EAST FLAT ROCK','NC','ATLANTIC','NORTH CAROLINA'),
('28731','FLAT ROCK','FLAT ROCK','NC','ATLANTIC','NORTH CAROLINA'),
('28732','FLETCHER','FLETCHER','NC','ATLANTIC','NORTH CAROLINA'),
('28733','FONTANA DAM','FONTANA DAM','NC','ATLANTIC','NORTH CAROLINA'),
('28733','ROBBINSVILLE','ROBBINSVILLE','NC','ATLANTIC','NORTH CAROLINA'),
('28734','FRANKLIN','FRANKLIN','NC','ATLANTIC','NORTH CAROLINA'),
('28735','FAIRVIEW','FAIRVIEW','NC','ATLANTIC','NORTH CAROLINA'),
('28735','GERTON CARRIERS','FAIRVIEW','NC','ATLANTIC','NORTH CAROLINA'),
('28736','GLENVILLE','GLENVILLE','NC','ATLANTIC','NORTH CAROLINA'),
('28737','MARION','MARION','NC','ATLANTIC','NORTH CAROLINA'),
('28738','HAZELWOOD','WAYNESVILLE','NC','ATLANTIC','NORTH CAROLINA'),
('28739','HENDERSONVILLE ANNEX','HENDERSONVILLE','NC','ATLANTIC','NORTH CAROLINA');

INSERT INTO us_locations (zip_code, locale_name, city, state, area_name, district_name) VALUES
('28740','BURNSVILLE','BURNSVILLE','NC','ATLANTIC','NORTH CAROLINA'),
('28740','GREEN MOUNTAIN CARRIERS','BURNSVILLE','NC','ATLANTIC','NORTH CAROLINA'),
('28741','HIGHLANDS','HIGHLANDS','NC','ATLANTIC','NORTH CAROLINA'),
('28742','HORSE SHOE','HORSE SHOE','NC','ATLANTIC','NORTH CAROLINA'),
('28743','HOT SPRINGS','HOT SPRINGS','NC','ATLANTIC','NORTH CAROLINA'),
('28744','FRANKLIN','FRANKLIN','NC','ATLANTIC','NORTH CAROLINA'),
('28745','LAKE JUNALUSKA','LAKE JUNALUSKA','NC','ATLANTIC','NORTH CAROLINA'),
('28746','LAKE LURE','LAKE LURE','NC','ATLANTIC','NORTH CAROLINA'),
('28747','LAKE TOXAWAY','LAKE TOXAWAY','NC','ATLANTIC','NORTH CAROLINA'),
('28748','LEICESTER','LEICESTER','NC','ATLANTIC','NORTH CAROLINA'),
('28749','LITTLE SWITZERLAND','LITTLE SWITZERLAND','NC','ATLANTIC','NORTH CAROLINA'),
('28750','LYNN','LYNN','NC','ATLANTIC','NORTH CAROLINA'),
('28751','MAGGIE VALLEY','MAGGIE VALLEY','NC','ATLANTIC','NORTH CAROLINA'),
('28752','MARION','MARION','NC','ATLANTIC','NORTH CAROLINA'),
('28753','MARSHALL CARRIERS','WEAVERVILLE','NC','ATLANTIC','NORTH CAROLINA'),
('28753','MARSHALL DPOBU','MARSHALL','NC','ATLANTIC','NORTH CAROLINA'),
('28754','MARS HILL','MARS HILL','NC','ATLANTIC','NORTH CAROLINA'),
('28755','BURNSVILLE','BURNSVILLE','NC','ATLANTIC','NORTH CAROLINA'),
('28756','COLUMBUS','COLUMBUS','NC','ATLANTIC','NORTH CAROLINA'),
('28756','MILL SPRING','MILL SPRING','NC','ATLANTIC','NORTH CAROLINA'),
('28757','MONTREAT','MONTREAT','NC','ATLANTIC','NORTH CAROLINA'),
('28758','MOUNTAIN HOME','MOUNTAIN HOME','NC','ATLANTIC','NORTH CAROLINA'),
('28759','HORSE SHOE','HORSE SHOE','NC','ATLANTIC','NORTH CAROLINA'),
('28760','NAPLES','NAPLES','NC','ATLANTIC','NORTH CAROLINA'),
('28761','NEBO','NEBO','NC','ATLANTIC','NORTH CAROLINA'),
('28762','OLD FORT','OLD FORT','NC','ATLANTIC','NORTH CAROLINA'),
('28763','OTTO','OTTO','NC','ATLANTIC','NORTH CAROLINA'),
('28765','PENLAND','PENLAND','NC','ATLANTIC','NORTH CAROLINA'),
('28766','PENROSE','PENROSE','NC','ATLANTIC','NORTH CAROLINA'),
('28768','BREVARD','BREVARD','NC','ATLANTIC','NORTH CAROLINA'),
('28768','PISGAH FOREST','PISGAH FOREST','NC','ATLANTIC','NORTH CAROLINA'),
('28770','RIDGECREST','RIDGECREST','NC','ATLANTIC','NORTH CAROLINA'),
('28771','ROBBINSVILLE','ROBBINSVILLE','NC','ATLANTIC','NORTH CAROLINA'),
('28772','ROSMAN','ROSMAN','NC','ATLANTIC','NORTH CAROLINA'),
('28773','SALUDA','SALUDA','NC','ATLANTIC','NORTH CAROLINA'),
('28774','SAPPHIRE','SAPPHIRE','NC','ATLANTIC','NORTH CAROLINA'),
('28775','HIGHLANDS','HIGHLANDS','NC','ATLANTIC','NORTH CAROLINA'),
('28775','SCALY MOUNTAIN','SCALY MOUNTAIN','NC','ATLANTIC','NORTH CAROLINA'),
('28776','SKYLAND','SKYLAND','NC','ATLANTIC','NORTH CAROLINA'),
('28777','SPRUCE PINE','SPRUCE PINE','NC','ATLANTIC','NORTH CAROLINA'),
('28778','SWANNANOA','SWANNANOA','NC','ATLANTIC','NORTH CAROLINA'),
('28779','SYLVA','SYLVA','NC','ATLANTIC','NORTH CAROLINA'),
('28781','ANDREWS','ANDREWS','NC','ATLANTIC','NORTH CAROLINA'),
('28781','TOPTON','TOPTON','NC','ATLANTIC','NORTH CAROLINA'),
('28782','TRYON','TRYON','NC','ATLANTIC','NORTH CAROLINA'),
('28783','CULLOWHEE','CULLOWHEE','NC','ATLANTIC','NORTH CAROLINA'),
('28783','TUCKASEGEE','TUCKASEGEE','NC','ATLANTIC','NORTH CAROLINA'),
('28784','ZIRCONIA','ZIRCONIA','NC','ATLANTIC','NORTH CAROLINA'),
('28785','WAYNESVILLE','WAYNESVILLE','NC','ATLANTIC','NORTH CAROLINA'),
('28786','WAYNESVILLE','WAYNESVILLE','NC','ATLANTIC','NORTH CAROLINA');

INSERT INTO us_locations (zip_code, locale_name, city, state, area_name, district_name) VALUES
('28787','WEAVERVILLE','WEAVERVILLE','NC','ATLANTIC','NORTH CAROLINA'),
('28788','SYLVA','SYLVA','NC','ATLANTIC','NORTH CAROLINA'),
('28789','WHITTIER','WHITTIER','NC','ATLANTIC','NORTH CAROLINA'),
('28790','SALUDA','SALUDA','NC','ATLANTIC','NORTH CAROLINA'),
('28790','ZIRCONIA','ZIRCONIA','NC','ATLANTIC','NORTH CAROLINA'),
('28791','HENDERSONVILLE ANNEX','HENDERSONVILLE','NC','ATLANTIC','NORTH CAROLINA'),
('28792','HENDERSONVILLE ANNEX','HENDERSONVILLE','NC','ATLANTIC','NORTH CAROLINA'),
('28793','CPU FOUR SEASONS','HENDERSONVILLE','NC','ATLANTIC','NORTH CAROLINA'),
('28793','HENDERSONVILLE','HENDERSONVILLE','NC','ATLANTIC','NORTH CAROLINA'),
('28801','ASHEVILLE NC S&DC','ASHEVILLE','NC','ATLANTIC','NORTH CAROLINA'),
('28802','DOWNTOWN ASHEVILLE','ASHEVILLE','NC','ATLANTIC','NORTH CAROLINA'),
('28803','LONDON RD ANNEX','ASHEVILLE','NC','ATLANTIC','NORTH CAROLINA'),
('28804','ASHEVILLE NC S&DC','ASHEVILLE','NC','ATLANTIC','NORTH CAROLINA'),
('28805','LONDON RD ANNEX','ASHEVILLE','NC','ATLANTIC','NORTH CAROLINA'),
('28806','ASHEVILLE NC S&DC','ASHEVILLE','NC','ATLANTIC','NORTH CAROLINA'),
('28813','BILTMORE','ASHEVILLE','NC','ATLANTIC','NORTH CAROLINA'),
('28814','GRACE','ASHEVILLE','NC','ATLANTIC','NORTH CAROLINA'),
('28815','OTEEN','ASHEVILLE','NC','ATLANTIC','NORTH CAROLINA'),
('28816','WEST ASHEVILLE','ASHEVILLE','NC','ATLANTIC','NORTH CAROLINA'),
('28901','ANDREWS','ANDREWS','NC','ATLANTIC','NORTH CAROLINA'),
('28902','BRASSTOWN','BRASSTOWN','NC','ATLANTIC','NORTH CAROLINA'),
('28902','HAYESVILLE','HAYESVILLE','NC','ATLANTIC','NORTH CAROLINA'),
('28903','CULBERSON','CULBERSON','NC','ATLANTIC','NORTH CAROLINA'),
('28904','HAYESVILLE','HAYESVILLE','NC','ATLANTIC','NORTH CAROLINA'),
('28905','MARBLE','MARBLE','NC','ATLANTIC','NORTH CAROLINA'),
('28906','MURPHY','MURPHY','NC','ATLANTIC','NORTH CAROLINA'),
('28909','HAYESVILLE','HAYESVILLE','NC','ATLANTIC','NORTH CAROLINA'),
('28909','WARNE','WARNE','NC','ATLANTIC','NORTH CAROLINA'),
('29001','ALCOLU','ALCOLU','SC','SOUTHERN','SOUTH CAROLINA'),
('29001','MANNING','MANNING','SC','SOUTHERN','SOUTH CAROLINA'),
('29002','BALLENTINE','BALLENTINE','SC','SOUTHERN','SOUTH CAROLINA'),
('29003','BAMBERG','BAMBERG','SC','SOUTHERN','SOUTH CAROLINA'),
('29006','BATESBURG LEESVILLE','LEESVILLE','SC','SOUTHERN','SOUTH CAROLINA'),
('29009','BETHUNE','BETHUNE','SC','SOUTHERN','SOUTH CAROLINA'),
('29010','BISHOPVILLE','BISHOPVILLE','SC','SOUTHERN','SOUTH CAROLINA'),
('29014','BLACKSTOCK','BLACKSTOCK','SC','SOUTHERN','SOUTH CAROLINA'),
('29015','BLAIR','BLAIR','SC','SOUTHERN','SOUTH CAROLINA'),
('29015','JENKINSVILLE','JENKINSVILLE','SC','SOUTHERN','SOUTH CAROLINA'),
('29016','BLYTHEWOOD','BLYTHEWOOD','SC','SOUTHERN','SOUTH CAROLINA'),
('29018','BOWMAN','BOWMAN','SC','SOUTHERN','SOUTH CAROLINA'),
('29020','KING HAIGLER','CAMDEN','SC','SOUTHERN','SOUTH CAROLINA'),
('29021','CAMDEN','CAMDEN','SC','SOUTHERN','SOUTH CAROLINA'),
('29030','CAMERON','CAMERON','SC','SOUTHERN','SOUTH CAROLINA'),
('29030','SAINT MATTHEWS','SAINT MATTHEWS','SC','SOUTHERN','SOUTH CAROLINA'),
('29031','CARLISLE','CARLISLE','SC','SOUTHERN','SOUTH CAROLINA'),
('29031','WHITMIRE','WHITMIRE','SC','SOUTHERN','SOUTH CAROLINA'),
('29032','BETHUNE','BETHUNE','SC','SOUTHERN','SOUTH CAROLINA'),
('29032','CASSATT','CASSATT','SC','SOUTHERN','SOUTH CAROLINA'),
('29033','CAYCE WEST COLUMBIA','WEST COLUMBIA','SC','SOUTHERN','SOUTH CAROLINA'),
('29036','CHAPIN','CHAPIN','SC','SOUTHERN','SOUTH CAROLINA');

INSERT INTO us_locations (zip_code, locale_name, city, state, area_name, district_name) VALUES
('29037','SALUDA','SALUDA','SC','SOUTHERN','SOUTH CAROLINA'),
('29038','BAMBERG','BAMBERG','SC','SOUTHERN','SOUTH CAROLINA'),
('29038','COPE','COPE','SC','SOUTHERN','SOUTH CAROLINA'),
('29039','CORDOVA','CORDOVA','SC','SOUTHERN','SOUTH CAROLINA'),
('29039','ORANGEBURG','ORANGEBURG','SC','SOUTHERN','SOUTH CAROLINA'),
('29040','DALZELL','DALZELL','SC','SOUTHERN','SOUTH CAROLINA'),
('29041','DAVIS STATION','DAVIS STATION','SC','SOUTHERN','SOUTH CAROLINA'),
('29042','DENMARK','DENMARK','SC','SOUTHERN','SOUTH CAROLINA'),
('29044','EASTOVER','EASTOVER','SC','SOUTHERN','SOUTH CAROLINA'),
('29045','ELGIN','ELGIN','SC','SOUTHERN','SOUTH CAROLINA'),
('29046','ELLIOTT','ELLIOTT','SC','SOUTHERN','SOUTH CAROLINA'),
('29047','ELLOREE','ELLOREE','SC','SOUTHERN','SOUTH CAROLINA'),
('29048','EUTAWVILLE','EUTAWVILLE','SC','SOUTHERN','SOUTH CAROLINA'),
('29051','GABLE','GABLE','SC','SOUTHERN','SOUTH CAROLINA'),
('29051','SUMTER','SUMTER','SC','SOUTHERN','SOUTH CAROLINA'),
('29052','EASTOVER','EASTOVER','SC','SOUTHERN','SOUTH CAROLINA'),
('29052','GADSDEN','GADSDEN','SC','SOUTHERN','SOUTH CAROLINA'),
('29053','GASTON','GASTON','SC','SOUTHERN','SOUTH CAROLINA'),
('29054','GILBERT','GILBERT','SC','SOUTHERN','SOUTH CAROLINA'),
('29055','GREAT FALLS','GREAT FALLS','SC','SOUTHERN','SOUTH CAROLINA'),
('29056','GREELEYVILLE','GREELEYVILLE','SC','SOUTHERN','SOUTH CAROLINA'),
('29058','HEATH SPRINGS','HEATH SPRINGS','SC','SOUTHERN','SOUTH CAROLINA'),
('29059','HOLLY HILL','HOLLY HILL','SC','SOUTHERN','SOUTH CAROLINA'),
('29061','HOPKINS','HOPKINS','SC','SOUTHERN','SOUTH CAROLINA'),
('29061','LEESBURG','COLUMBIA','SC','SOUTHERN','SOUTH CAROLINA'),
('29062','HORATIO','HORATIO','SC','SOUTHERN','SOUTH CAROLINA'),
('29063','IRMO','IRMO','SC','SOUTHERN','SOUTH CAROLINA'),
('29065','JENKINSVILLE','JENKINSVILLE','SC','SOUTHERN','SOUTH CAROLINA'),
('29067','KERSHAW','KERSHAW','SC','SOUTHERN','SOUTH CAROLINA'),
('29069','LAMAR','LAMAR','SC','SOUTHERN','SOUTH CAROLINA'),
('29070','BATESBURG LEESVILLE','LEESVILLE','SC','SOUTHERN','SOUTH CAROLINA'),
('29071','DOWNTOWN LEXINGTON','LEXINGTON','SC','SOUTHERN','SOUTH CAROLINA'),
('29072','LEXINGTON','LEXINGTON','SC','SOUTHERN','SOUTH CAROLINA'),
('29073','LEXINGTON','LEXINGTON','SC','SOUTHERN','SOUTH CAROLINA'),
('29074','LIBERTY HILL','LIBERTY HILL','SC','SOUTHERN','SOUTH CAROLINA'),
('29075','CHAPIN','CHAPIN','SC','SOUTHERN','SOUTH CAROLINA'),
('29075','LITTLE MOUNTAIN','LITTLE MOUNTAIN','SC','SOUTHERN','SOUTH CAROLINA'),
('29078','LUGOFF','LUGOFF','SC','SOUTHERN','SOUTH CAROLINA'),
('29079','LYDIA','LYDIA','SC','SOUTHERN','SOUTH CAROLINA'),
('29080','LYNCHBURG','LYNCHBURG','SC','SOUTHERN','SOUTH CAROLINA'),
('29080','TIMMONSVILLE','TIMMONSVILLE','SC','SOUTHERN','SOUTH CAROLINA'),
('29081','EHRHARDT','EHRHARDT','SC','SOUTHERN','SOUTH CAROLINA'),
('29082','EHRHARDT','EHRHARDT','SC','SOUTHERN','SOUTH CAROLINA'),
('29082','LODGE','LODGE','SC','SOUTHERN','SOUTH CAROLINA'),
('29101','BETHUNE','BETHUNE','SC','SOUTHERN','SOUTH CAROLINA'),
('29101','MC BEE','MC BEE','SC','SOUTHERN','SOUTH CAROLINA'),
('29102','MANNING','MANNING','SC','SOUTHERN','SOUTH CAROLINA'),
('29104','MAYESVILLE','MAYESVILLE','SC','SOUTHERN','SOUTH CAROLINA'),
('29104','SUMTER','SUMTER','SC','SOUTHERN','SOUTH CAROLINA'),
('29105','BATESBURG LEESVILLE','LEESVILLE','SC','SOUTHERN','SOUTH CAROLINA');

INSERT INTO us_locations (zip_code, locale_name, city, state, area_name, district_name) VALUES
('29105','MONETTA','MONETTA','SC','SOUTHERN','SOUTH CAROLINA'),
('29107','NEESES','NEESES','SC','SOUTHERN','SOUTH CAROLINA'),
('29108','NEWBERRY','NEWBERRY','SC','SOUTHERN','SOUTH CAROLINA'),
('29111','NEW ZION','NEW ZION','SC','SOUTHERN','SOUTH CAROLINA'),
('29112','NORTH','NORTH','SC','SOUTHERN','SOUTH CAROLINA'),
('29113','DENMARK','DENMARK','SC','SOUTHERN','SOUTH CAROLINA'),
('29113','NORWAY','NORWAY','SC','SOUTHERN','SOUTH CAROLINA'),
('29114','OLANTA','OLANTA','SC','SOUTHERN','SOUTH CAROLINA'),
('29115','ORANGEBURG','ORANGEBURG','SC','SOUTHERN','SOUTH CAROLINA'),
('29116','ORANGEBURG','ORANGEBURG','SC','SOUTHERN','SOUTH CAROLINA'),
('29118','ORANGEBURG','ORANGEBURG','SC','SOUTHERN','SOUTH CAROLINA'),
('29122','PEAK','PEAK','SC','SOUTHERN','SOUTH CAROLINA'),
('29123','PELION','PELION','SC','SOUTHERN','SOUTH CAROLINA'),
('29125','PINEWOOD','PINEWOOD','SC','SOUTHERN','SOUTH CAROLINA'),
('29126','POMARIA','POMARIA','SC','SOUTHERN','SOUTH CAROLINA'),
('29127','PROSPERITY','PROSPERITY','SC','SOUTHERN','SOUTH CAROLINA'),
('29128','REMBERT','REMBERT','SC','SOUTHERN','SOUTH CAROLINA'),
('29129','BATESBURG LEESVILLE','LEESVILLE','SC','SOUTHERN','SOUTH CAROLINA'),
('29129','RIDGE SPRING','RIDGE SPRING','SC','SOUTHERN','SOUTH CAROLINA'),
('29130','RIDGEWAY','RIDGEWAY','SC','SOUTHERN','SOUTH CAROLINA'),
('29133','ORANGEBURG','ORANGEBURG','SC','SOUTHERN','SOUTH CAROLINA'),
('29133','ROWESVILLE','ROWESVILLE','SC','SOUTHERN','SOUTH CAROLINA'),
('29135','SAINT MATTHEWS','SAINT MATTHEWS','SC','SOUTHERN','SOUTH CAROLINA'),
('29137','SALLEY','SALLEY','SC','SOUTHERN','SOUTH CAROLINA'),
('29138','SALUDA','SALUDA','SC','SOUTHERN','SOUTH CAROLINA'),
('29142','SANTEE','SANTEE','SC','SOUTHERN','SOUTH CAROLINA'),
('29145','NEWBERRY','NEWBERRY','SC','SOUTHERN','SOUTH CAROLINA'),
('29145','SILVERSTREET','SILVERSTREET','SC','SOUTHERN','SOUTH CAROLINA'),
('29146','SPRINGFIELD','SPRINGFIELD','SC','SOUTHERN','SOUTH CAROLINA'),
('29147','STATE PARK','STATE PARK','SC','SOUTHERN','SOUTH CAROLINA'),
('29148','SUMMERTON','SUMMERTON','SC','SOUTHERN','SOUTH CAROLINA'),
('29150','SUMTER','SUMTER','SC','SOUTHERN','SOUTH CAROLINA'),
('29151','SUMTER','SUMTER','SC','SOUTHERN','SOUTH CAROLINA'),
('29152','SHAW AFB','SHAW AFB','SC','SOUTHERN','SOUTH CAROLINA'),
('29153','SUMTER','SUMTER','SC','SOUTHERN','SOUTH CAROLINA'),
('29154','SUMTER','SUMTER','SC','SOUTHERN','SOUTH CAROLINA'),
('29160','SWANSEA','SWANSEA','SC','SOUTHERN','SOUTH CAROLINA'),
('29161','TIMMONSVILLE','TIMMONSVILLE','SC','SOUTHERN','SOUTH CAROLINA'),
('29162','TURBEVILLE','TURBEVILLE','SC','SOUTHERN','SOUTH CAROLINA'),
('29163','VANCE','VANCE','SC','SOUTHERN','SOUTH CAROLINA'),
('29164','WAGENER','WAGENER','SC','SOUTHERN','SOUTH CAROLINA'),
('29166','BATESBURG LEESVILLE','LEESVILLE','SC','SOUTHERN','SOUTH CAROLINA'),
('29166','WARD','WARD','SC','SOUTHERN','SOUTH CAROLINA'),
('29168','WEDGEFIELD','WEDGEFIELD','SC','SOUTHERN','SOUTH CAROLINA'),
('29169','CAYCE WEST COLUMBIA','WEST COLUMBIA','SC','SOUTHERN','SOUTH CAROLINA'),
('29170','CAYCE WEST COLUMBIA','WEST COLUMBIA','SC','SOUTHERN','SOUTH CAROLINA'),
('29171','CAYCE WEST COLUMBIA','WEST COLUMBIA','SC','SOUTHERN','SOUTH CAROLINA'),
('29172','CAYCE WEST COLUMBIA','WEST COLUMBIA','SC','SOUTHERN','SOUTH CAROLINA'),
('29175','KERSHAW','KERSHAW','SC','SOUTHERN','SOUTH CAROLINA'),
('29175','WESTVILLE','WESTVILLE','SC','SOUTHERN','SOUTH CAROLINA');

INSERT INTO us_locations (zip_code, locale_name, city, state, area_name, district_name) VALUES
('29177','WHITE ROCK','WHITE ROCK','SC','SOUTHERN','SOUTH CAROLINA'),
('29178','WHITMIRE','WHITMIRE','SC','SOUTHERN','SOUTH CAROLINA'),
('29180','WINNSBORO','WINNSBORO','SC','SOUTHERN','SOUTH CAROLINA'),
('29201','COLUMBIA SC S&DC','COLUMBIA','SC','SOUTHERN','SOUTH CAROLINA'),
('29202','COLUMBIA SC S&DC','COLUMBIA','SC','SOUTHERN','SOUTH CAROLINA'),
('29203','COLUMBIA SC S&DC','COLUMBIA','SC','SOUTHERN','SOUTH CAROLINA'),
('29204','COLUMBIA SC S&DC','COLUMBIA','SC','SOUTHERN','SOUTH CAROLINA'),
('29205','COLUMBIA SC S&DC','COLUMBIA','SC','SOUTHERN','SOUTH CAROLINA'),
('29206','FOREST ACRES','COLUMBIA','SC','SOUTHERN','SOUTH CAROLINA'),
('29207','FORT JACKSON','COLUMBIA','SC','SOUTHERN','SOUTH CAROLINA'),
('29209','LEESBURG','COLUMBIA','SC','SOUTHERN','SOUTH CAROLINA'),
('29210','DUTCH FORK','COLUMBIA','SC','SOUTHERN','SOUTH CAROLINA'),
('29211','CAPITOL','COLUMBIA','SC','SOUTHERN','SOUTH CAROLINA'),
('29212','DUTCH FORK','COLUMBIA','SC','SOUTHERN','SOUTH CAROLINA'),
('29221','DUTCH FORK','COLUMBIA','SC','SOUTHERN','SOUTH CAROLINA'),
('29223','NORTHEAST','COLUMBIA','SC','SOUTHERN','SOUTH CAROLINA'),
('29224','NORTHEAST','COLUMBIA','SC','SOUTHERN','SOUTH CAROLINA'),
('29229','SANDHILLS','COLUMBIA','SC','SOUTHERN','SOUTH CAROLINA'),
('29230','EAU CLAIRE','COLUMBIA','SC','SOUTHERN','SOUTH CAROLINA'),
('29240','EDGEWOOD','COLUMBIA','SC','SOUTHERN','SOUTH CAROLINA'),
('29250','FIVE POINTS','COLUMBIA','SC','SOUTHERN','SOUTH CAROLINA'),
('29260','FOREST ACRES','COLUMBIA','SC','SOUTHERN','SOUTH CAROLINA'),
('29290','LEESBURG','COLUMBIA','SC','SOUTHERN','SOUTH CAROLINA'),
('29301','WESTSIDE','SPARTANBURG','SC','SOUTHERN','SOUTH CAROLINA'),
('29302','SPARTANBURG','SPARTANBURG','SC','SOUTHERN','SOUTH CAROLINA'),
('29303','SPARTANBURG','SPARTANBURG','SC','SOUTHERN','SOUTH CAROLINA'),
('29304','SPARTANBURG','SPARTANBURG','SC','SOUTHERN','SOUTH CAROLINA'),
('29305','SPARTANBURG','SPARTANBURG','SC','SOUTHERN','SOUTH CAROLINA'),
('29306','SPARTANBURG','SPARTANBURG','SC','SOUTHERN','SOUTH CAROLINA'),
('29307','SPARTANBURG','SPARTANBURG','SC','SOUTHERN','SOUTH CAROLINA'),
('29316','BOILING SPRINGS','BOILING SPRINGS','SC','SOUTHERN','SOUTH CAROLINA'),
('29316','SPARTANBURG','SPARTANBURG','SC','SOUTHERN','SOUTH CAROLINA'),
('29320','ARCADIA','ARCADIA','SC','SOUTHERN','SOUTH CAROLINA'),
('29321','BUFFALO','BUFFALO','SC','SOUTHERN','SOUTH CAROLINA'),
('29322','CAMPOBELLO','CAMPOBELLO','SC','SOUTHERN','SOUTH CAROLINA'),
('29323','CHESNEE','CHESNEE','SC','SOUTHERN','SOUTH CAROLINA'),
('29324','CLIFTON','CLIFTON','SC','SOUTHERN','SOUTH CAROLINA'),
('29325','CLINTON','CLINTON','SC','SOUTHERN','SOUTH CAROLINA'),
('29329','CONVERSE','CONVERSE','SC','SOUTHERN','SOUTH CAROLINA'),
('29330','COWPENS','COWPENS','SC','SOUTHERN','SOUTH CAROLINA'),
('29331','CROSS ANCHOR','CROSS ANCHOR','SC','SOUTHERN','SOUTH CAROLINA'),
('29332','CROSS HILL','CROSS HILL','SC','SOUTHERN','SOUTH CAROLINA'),
('29333','DRAYTON','DRAYTON','SC','SOUTHERN','SOUTH CAROLINA'),
('29334','DUNCAN','DUNCAN','SC','SOUTHERN','SOUTH CAROLINA'),
('29335','ENOREE','ENOREE','SC','SOUTHERN','SOUTH CAROLINA'),
('29336','FAIRFOREST','FAIRFOREST','SC','SOUTHERN','SOUTH CAROLINA'),
('29338','FINGERVILLE','FINGERVILLE','SC','SOUTHERN','SOUTH CAROLINA'),
('29340','GAFFNEY','GAFFNEY','SC','SOUTHERN','SOUTH CAROLINA'),
('29341','GAFFNEY','GAFFNEY','SC','SOUTHERN','SOUTH CAROLINA'),
('29342','GAFFNEY','GAFFNEY','SC','SOUTHERN','SOUTH CAROLINA');

INSERT INTO us_locations (zip_code, locale_name, city, state, area_name, district_name) VALUES
('29346','GLENDALE','GLENDALE','SC','SOUTHERN','SOUTH CAROLINA'),
('29348','GRAMLING','GRAMLING','SC','SOUTHERN','SOUTH CAROLINA'),
('29349','INMAN','INMAN','SC','SOUTHERN','SOUTH CAROLINA'),
('29351','CLINTON','CLINTON','SC','SOUTHERN','SOUTH CAROLINA'),
('29351','JOANNA','JOANNA','SC','SOUTHERN','SOUTH CAROLINA'),
('29353','JONESVILLE','JONESVILLE','SC','SOUTHERN','SOUTH CAROLINA'),
('29355','CLINTON','CLINTON','SC','SOUTHERN','SOUTH CAROLINA'),
('29356','LANDRUM','LANDRUM','SC','SOUTHERN','SOUTH CAROLINA'),
('29360','LAURENS','LAURENS','SC','SOUTHERN','SOUTH CAROLINA'),
('29364','LOCKHART','LOCKHART','SC','SOUTHERN','SOUTH CAROLINA'),
('29365','LYMAN','LYMAN','SC','SOUTHERN','SOUTH CAROLINA'),
('29368','MAYO','MAYO','SC','SOUTHERN','SOUTH CAROLINA'),
('29369','MOORE','MOORE','SC','SOUTHERN','SOUTH CAROLINA'),
('29370','MOUNTVILLE','MOUNTVILLE','SC','SOUTHERN','SOUTH CAROLINA'),
('29372','PACOLET','PACOLET','SC','SOUTHERN','SOUTH CAROLINA'),
('29373','PACOLET MILLS','PACOLET MILLS','SC','SOUTHERN','SOUTH CAROLINA'),
('29374','PAULINE','PAULINE','SC','SOUTHERN','SOUTH CAROLINA'),
('29375','REIDVILLE','REIDVILLE','SC','SOUTHERN','SOUTH CAROLINA'),
('29376','ROEBUCK','ROEBUCK','SC','SOUTHERN','SOUTH CAROLINA'),
('29377','STARTEX','STARTEX','SC','SOUTHERN','SOUTH CAROLINA'),
('29378','UNA','UNA','SC','SOUTHERN','SOUTH CAROLINA'),
('29379','UNION','UNION','SC','SOUTHERN','SOUTH CAROLINA'),
('29384','WATERLOO','WATERLOO','SC','SOUTHERN','SOUTH CAROLINA'),
('29385','LYMAN','LYMAN','SC','SOUTHERN','SOUTH CAROLINA'),
('29385','WELLFORD','WELLFORD','SC','SOUTHERN','SOUTH CAROLINA'),
('29386','WHITE STONE','WHITE STONE','SC','SOUTHERN','SOUTH CAROLINA'),
('29388','WOODRUFF','WOODRUFF','SC','SOUTHERN','SOUTH CAROLINA'),
('29401','EAST BAY','CHARLESTON','SC','SOUTHERN','SOUTH CAROLINA'),
('29402','CHARLESTON','CHARLESTON','SC','SOUTHERN','SOUTH CAROLINA'),
('29403','EAST BAY','CHARLESTON','SC','SOUTHERN','SOUTH CAROLINA'),
('29404','CROSS COUNTY','NORTH CHARLESTON','SC','SOUTHERN','SOUTH CAROLINA'),
('29405','PINEHAVEN','NORTH CHARLESTON','SC','SOUTHERN','SOUTH CAROLINA'),
('29406','NORTH CHARLESTON','NORTH CHARLESTON','SC','SOUTHERN','SOUTH CAROLINA'),
('29407','SAINT ANDREWS','CHARLESTON','SC','SOUTHERN','SOUTH CAROLINA'),
('29410','NORTH CHARLESTON','NORTH CHARLESTON','SC','SOUTHERN','SOUTH CAROLINA'),
('29412','JAMES ISLAND','CHARLESTON','SC','SOUTHERN','SOUTH CAROLINA'),
('29413','EAST BAY','CHARLESTON','SC','SOUTHERN','SOUTH CAROLINA'),
('29414','ASHLEY RIVER','CHARLESTON','SC','SOUTHERN','SOUTH CAROLINA'),
('29415','PINEHAVEN','NORTH CHARLESTON','SC','SOUTHERN','SOUTH CAROLINA'),
('29416','ASHLEY RIVER','CHARLESTON','SC','SOUTHERN','SOUTH CAROLINA'),
('29417','SAINT ANDREWS','CHARLESTON','SC','SOUTHERN','SOUTH CAROLINA'),
('29418','CROSS COUNTY','NORTH CHARLESTON','SC','SOUTHERN','SOUTH CAROLINA'),
('29419','NORTH CHARLESTON','NORTH CHARLESTON','SC','SOUTHERN','SOUTH CAROLINA'),
('29420','CROSS COUNTY','NORTH CHARLESTON','SC','SOUTHERN','SOUTH CAROLINA'),
('29422','JAMES ISLAND','CHARLESTON','SC','SOUTHERN','SOUTH CAROLINA'),
('29423','CROSS COUNTY','NORTH CHARLESTON','SC','SOUTHERN','SOUTH CAROLINA'),
('29426','ADAMS RUN','ADAMS RUN','SC','SOUTHERN','SOUTH CAROLINA'),
('29426','HOLLYWOOD','HOLLYWOOD','SC','SOUTHERN','SOUTH CAROLINA'),
('29429','AWENDAW','AWENDAW','SC','SOUTHERN','SOUTH CAROLINA'),
('29431','BONNEAU','BONNEAU','SC','SOUTHERN','SOUTH CAROLINA');

INSERT INTO us_locations (zip_code, locale_name, city, state, area_name, district_name) VALUES
('29431','SAINT STEPHEN','SAINT STEPHEN','SC','SOUTHERN','SOUTH CAROLINA'),
('29432','BRANCHVILLE','BRANCHVILLE','SC','SOUTHERN','SOUTH CAROLINA'),
('29434','CORDESVILLE','CORDESVILLE','SC','SOUTHERN','SOUTH CAROLINA'),
('29434','MONCKS CORNER','MONCKS CORNER','SC','SOUTHERN','SOUTH CAROLINA'),
('29435','COTTAGEVILLE','COTTAGEVILLE','SC','SOUTHERN','SOUTH CAROLINA'),
('29436','CROSS','CROSS','SC','SOUTHERN','SOUTH CAROLINA'),
('29437','DORCHESTER','DORCHESTER','SC','SOUTHERN','SOUTH CAROLINA'),
('29438','EDISTO ISLAND','EDISTO ISLAND','SC','SOUTHERN','SOUTH CAROLINA'),
('29439','FOLLY BEACH','FOLLY BEACH','SC','SOUTHERN','SOUTH CAROLINA'),
('29440','GEORGETOWN','GEORGETOWN','SC','SOUTHERN','SOUTH CAROLINA'),
('29442','GEORGETOWN','GEORGETOWN','SC','SOUTHERN','SOUTH CAROLINA'),
('29445','GOOSE CREEK','GOOSE CREEK','SC','SOUTHERN','SOUTH CAROLINA'),
('29446','GREEN POND','GREEN POND','SC','SOUTHERN','SOUTH CAROLINA'),
('29448','HARLEYVILLE','HARLEYVILLE','SC','SOUTHERN','SOUTH CAROLINA'),
('29449','HOLLYWOOD','HOLLYWOOD','SC','SOUTHERN','SOUTH CAROLINA'),
('29450','HUGER','HUGER','SC','SOUTHERN','SOUTH CAROLINA'),
('29451','ISLE OF PALMS','ISLE OF PALMS','SC','SOUTHERN','SOUTH CAROLINA'),
('29452','JACKSONBORO','JACKSONBORO','SC','SOUTHERN','SOUTH CAROLINA'),
('29453','JAMESTOWN','JAMESTOWN','SC','SOUTHERN','SOUTH CAROLINA'),
('29453','SAINT STEPHEN','SAINT STEPHEN','SC','SOUTHERN','SOUTH CAROLINA'),
('29455','JOHNS ISLAND','JOHNS ISLAND','SC','SOUTHERN','SOUTH CAROLINA'),
('29456','LADSON','LADSON','SC','SOUTHERN','SOUTH CAROLINA'),
('29456','OAKBROOK','SUMMERVILLE','SC','SOUTHERN','SOUTH CAROLINA'),
('29457','JOHNS ISLAND','JOHNS ISLAND','SC','SOUTHERN','SOUTH CAROLINA'),
('29458','MC CLELLANVILLE','MC CLELLANVILLE','SC','SOUTHERN','SOUTH CAROLINA'),
('29461','MONCKS CORNER','MONCKS CORNER','SC','SOUTHERN','SOUTH CAROLINA'),
('29464','MOUNT PLEASANT','MOUNT PLEASANT','SC','SOUTHERN','SOUTH CAROLINA'),
('29465','MOUNT PLEASANT','MOUNT PLEASANT','SC','SOUTHERN','SOUTH CAROLINA'),
('29466','MOUNT PLEASANT','MOUNT PLEASANT','SC','SOUTHERN','SOUTH CAROLINA'),
('29468','PINEVILLE','PINEVILLE','SC','SOUTHERN','SOUTH CAROLINA'),
('29468','SAINT STEPHEN','SAINT STEPHEN','SC','SOUTHERN','SOUTH CAROLINA'),
('29469','MONCKS CORNER','MONCKS CORNER','SC','SOUTHERN','SOUTH CAROLINA'),
('29469','PINOPOLIS','PINOPOLIS','SC','SOUTHERN','SOUTH CAROLINA'),
('29470','RAVENEL','RAVENEL','SC','SOUTHERN','SOUTH CAROLINA'),
('29471','REEVESVILLE','REEVESVILLE','SC','SOUTHERN','SOUTH CAROLINA'),
('29471','SAINT GEORGE','SAINT GEORGE','SC','SOUTHERN','SOUTH CAROLINA'),
('29472','RIDGEVILLE','RIDGEVILLE','SC','SOUTHERN','SOUTH CAROLINA'),
('29474','COTTAGEVILLE','COTTAGEVILLE','SC','SOUTHERN','SOUTH CAROLINA'),
('29474','ROUND O','ROUND O','SC','SOUTHERN','SOUTH CAROLINA'),
('29475','RUFFIN','RUFFIN','SC','SOUTHERN','SOUTH CAROLINA'),
('29476','RUSSELLVILLE','RUSSELLVILLE','SC','SOUTHERN','SOUTH CAROLINA'),
('29477','SAINT GEORGE','SAINT GEORGE','SC','SOUTHERN','SOUTH CAROLINA'),
('29479','SAINT STEPHEN','SAINT STEPHEN','SC','SOUTHERN','SOUTH CAROLINA'),
('29481','RUFFIN','RUFFIN','SC','SOUTHERN','SOUTH CAROLINA'),
('29481','SMOAKS','SMOAKS','SC','SOUTHERN','SOUTH CAROLINA'),
('29482','ISLE OF PALMS','ISLE OF PALMS','SC','SOUTHERN','SOUTH CAROLINA'),
('29482','SULLIVANS ISLAND','SULLIVANS ISLAND','SC','SOUTHERN','SOUTH CAROLINA'),
('29483','SUMMERVILLE','SUMMERVILLE','SC','SOUTHERN','SOUTH CAROLINA'),
('29484','SUMMERVILLE','SUMMERVILLE','SC','SOUTHERN','SOUTH CAROLINA'),
('29485','OAKBROOK','SUMMERVILLE','SC','SOUTHERN','SOUTH CAROLINA');

