INSERT INTO us_locations (zip_code, locale_name, city, state, area_name, district_name) VALUES
('22469','KINSALE','KINSALE','VA','ATLANTIC','VIRGINIA'),
('22471','HARTWOOD','HARTWOOD','VA','ATLANTIC','VIRGINIA'),
('22472','HAYNESVILLE','HAYNESVILLE','VA','ATLANTIC','VIRGINIA'),
('22473','HEATHSVILLE','HEATHSVILLE','VA','ATLANTIC','VIRGINIA'),
('22476','CHAMPLAIN','CHAMPLAIN','VA','ATLANTIC','VIRGINIA'),
('22476','TAPPAHANNOCK','TAPPAHANNOCK','VA','ATLANTIC','VIRGINIA'),
('22480','IRVINGTON','IRVINGTON','VA','ATLANTIC','VIRGINIA'),
('22481','JERSEY','JERSEY','VA','ATLANTIC','VIRGINIA'),
('22482','KILMARNOCK','KILMARNOCK','VA','ATLANTIC','VIRGINIA'),
('22485','KING GEORGE','KING GEORGE','VA','ATLANTIC','VIRGINIA'),
('22488','KINSALE','KINSALE','VA','ATLANTIC','VIRGINIA'),
('22501','LADYSMITH','LADYSMITH','VA','ATLANTIC','VIRGINIA'),
('22503','LANCASTER','LANCASTER','VA','ATLANTIC','VIRGINIA'),
('22504','TAPPAHANNOCK','TAPPAHANNOCK','VA','ATLANTIC','VIRGINIA'),
('22507','LIVELY','LIVELY','VA','ATLANTIC','VIRGINIA'),
('22508','LOCUST GROVE','LOCUST GROVE','VA','ATLANTIC','VIRGINIA'),
('22509','TAPPAHANNOCK','TAPPAHANNOCK','VA','ATLANTIC','VIRGINIA'),
('22511','CALLAO','CALLAO','VA','ATLANTIC','VIRGINIA'),
('22511','LOTTSBURG','LOTTSBURG','VA','ATLANTIC','VIRGINIA'),
('22513','MERRY POINT','MERRY POINT','VA','ATLANTIC','VIRGINIA'),
('22514','BOWLING GREEN','BOWLING GREEN','VA','ATLANTIC','VIRGINIA'),
('22514','MILFORD','MILFORD','VA','ATLANTIC','VIRGINIA'),
('22517','MOLLUSK','MOLLUSK','VA','ATLANTIC','VIRGINIA'),
('22520','MONTROSS','MONTROSS','VA','ATLANTIC','VIRGINIA'),
('22523','MORATTICO','MORATTICO','VA','ATLANTIC','VIRGINIA'),
('22524','MOUNT HOLLY','MOUNT HOLLY','VA','ATLANTIC','VIRGINIA'),
('22526','NINDE','NINDE','VA','ATLANTIC','VIRGINIA'),
('22528','LIVELY','LIVELY','VA','ATLANTIC','VIRGINIA'),
('22529','OLDHAMS','OLDHAMS','VA','ATLANTIC','VIRGINIA'),
('22530','OPHELIA','OPHELIA','VA','ATLANTIC','VIRGINIA'),
('22534','PARTLOW','PARTLOW','VA','ATLANTIC','VIRGINIA'),
('22535','PORT ROYAL','PORT ROYAL','VA','ATLANTIC','VIRGINIA'),
('22538','FREDERICKSBURG','FREDERICKSBURG','VA','ATLANTIC','VIRGINIA'),
('22538','RAPPAHANNOCK ACADEMY','RAPPAHANNOCK ACADEMY','VA','ATLANTIC','VIRGINIA'),
('22539','REEDVILLE','REEDVILLE','VA','ATLANTIC','VIRGINIA'),
('22542','RHOADESVILLE','RHOADESVILLE','VA','ATLANTIC','VIRGINIA'),
('22545','RUBY','RUBY','VA','ATLANTIC','VIRGINIA'),
('22546','RUTHER GLEN','RUTHER GLEN','VA','ATLANTIC','VIRGINIA'),
('22547','SEALSTON','SEALSTON','VA','ATLANTIC','VIRGINIA'),
('22548','SHARPS','SHARPS','VA','ATLANTIC','VIRGINIA'),
('22551','SPOTSYLVANIA','SPOTSYLVANIA','VA','ATLANTIC','VIRGINIA'),
('22553','SPOTSYLVANIA','SPOTSYLVANIA','VA','ATLANTIC','VIRGINIA'),
('22554','STAFFORD','STAFFORD','VA','ATLANTIC','VIRGINIA'),
('22555','STAFFORD','STAFFORD','VA','ATLANTIC','VIRGINIA'),
('22556','STAFFORD','STAFFORD','VA','ATLANTIC','VIRGINIA'),
('22560','TAPPAHANNOCK','TAPPAHANNOCK','VA','ATLANTIC','VIRGINIA'),
('22565','THORNBURG','THORNBURG','VA','ATLANTIC','VIRGINIA'),
('22567','UNIONVILLE','UNIONVILLE','VA','ATLANTIC','VIRGINIA'),
('22570','HAYNESVILLE','HAYNESVILLE','VA','ATLANTIC','VIRGINIA'),
('22572','WARSAW','WARSAW','VA','ATLANTIC','VIRGINIA');

INSERT INTO us_locations (zip_code, locale_name, city, state, area_name, district_name) VALUES
('22576','IRVINGTON','IRVINGTON','VA','ATLANTIC','VIRGINIA'),
('22577','SANDY POINT','SANDY POINT','VA','ATLANTIC','VIRGINIA'),
('22578','WHITE STONE','WHITE STONE','VA','ATLANTIC','VIRGINIA'),
('22579','WICOMICO CHURCH','WICOMICO CHURCH','VA','ATLANTIC','VIRGINIA'),
('22580','WOODFORD','WOODFORD','VA','ATLANTIC','VIRGINIA'),
('22601','WINCHESTER','WINCHESTER','VA','ATLANTIC','VIRGINIA'),
('22602','WINCHESTER','WINCHESTER','VA','ATLANTIC','VIRGINIA'),
('22603','WINCHESTER','WINCHESTER','VA','ATLANTIC','VIRGINIA'),
('22604','DOWNTOWN WINCHESTER','WINCHESTER','VA','ATLANTIC','VIRGINIA'),
('22604','WINCHESTER','WINCHESTER','VA','ATLANTIC','VIRGINIA'),
('22610','BENTONVILLE','BENTONVILLE','VA','ATLANTIC','VIRGINIA'),
('22610','FRONT ROYAL','FRONT ROYAL','VA','ATLANTIC','VIRGINIA'),
('22611','BERRYVILLE','BERRYVILLE','VA','ATLANTIC','VIRGINIA'),
('22620','BOYCE','BOYCE','VA','ATLANTIC','VIRGINIA'),
('22623','FRONT ROYAL','FRONT ROYAL','VA','ATLANTIC','VIRGINIA'),
('22624','CLEAR BROOK','CLEAR BROOK','VA','ATLANTIC','VIRGINIA'),
('22625','CROSS JUNCTION','CROSS JUNCTION','VA','ATLANTIC','VIRGINIA'),
('22626','FISHERS HILL','FISHERS HILL','VA','ATLANTIC','VIRGINIA'),
('22627','FLINT HILL','FLINT HILL','VA','ATLANTIC','VIRGINIA'),
('22630','FRONT ROYAL','FRONT ROYAL','VA','ATLANTIC','VIRGINIA'),
('22637','CROSS JUNCTION','CROSS JUNCTION','VA','ATLANTIC','VIRGINIA'),
('22637','GORE','GORE','VA','ATLANTIC','VIRGINIA'),
('22639','HUME','HUME','VA','ATLANTIC','VIRGINIA'),
('22639','LINDEN','LINDEN','VA','ATLANTIC','VIRGINIA'),
('22640','FRONT ROYAL','FRONT ROYAL','VA','ATLANTIC','VIRGINIA'),
('22641','STRASBURG','STRASBURG','VA','ATLANTIC','VIRGINIA'),
('22642','LINDEN','LINDEN','VA','ATLANTIC','VIRGINIA'),
('22643','LINDEN','LINDEN','VA','ATLANTIC','VIRGINIA'),
('22643','MARKHAM','MARKHAM','VA','ATLANTIC','VIRGINIA'),
('22644','MAURERTOWN','MAURERTOWN','VA','ATLANTIC','VIRGINIA'),
('22645','MIDDLETOWN','MIDDLETOWN','VA','ATLANTIC','VIRGINIA'),
('22645','STEPHENS CITY','STEPHENS CITY','VA','ATLANTIC','VIRGINIA'),
('22646','MILLWOOD','MILLWOOD','VA','ATLANTIC','VIRGINIA'),
('22649','STEPHENS CITY','STEPHENS CITY','VA','ATLANTIC','VIRGINIA'),
('22650','FRONT ROYAL','FRONT ROYAL','VA','ATLANTIC','VIRGINIA'),
('22652','FORT VALLEY','FORT VALLEY','VA','ATLANTIC','VIRGINIA'),
('22652','STRASBURG','STRASBURG','VA','ATLANTIC','VIRGINIA'),
('22654','STAR TANNERY','STAR TANNERY','VA','ATLANTIC','VIRGINIA'),
('22654','STRASBURG','STRASBURG','VA','ATLANTIC','VIRGINIA'),
('22655','STEPHENS CITY','STEPHENS CITY','VA','ATLANTIC','VIRGINIA'),
('22656','STEPHENSON','STEPHENSON','VA','ATLANTIC','VIRGINIA'),
('22657','STRASBURG','STRASBURG','VA','ATLANTIC','VIRGINIA'),
('22660','MAURERTOWN','MAURERTOWN','VA','ATLANTIC','VIRGINIA'),
('22660','TOMS BROOK','TOMS BROOK','VA','ATLANTIC','VIRGINIA'),
('22663','BOYCE','BOYCE','VA','ATLANTIC','VIRGINIA'),
('22663','WHITE POST','WHITE POST','VA','ATLANTIC','VIRGINIA'),
('22664','WOODSTOCK','WOODSTOCK','VA','ATLANTIC','VIRGINIA'),
('22701','CULPEPER','CULPEPER','VA','ATLANTIC','VIRGINIA'),
('22709','MADISON','MADISON','VA','ATLANTIC','VIRGINIA'),
('22711','MADISON','MADISON','VA','ATLANTIC','VIRGINIA');

INSERT INTO us_locations (zip_code, locale_name, city, state, area_name, district_name) VALUES
('22712','BEALETON','BEALETON','VA','ATLANTIC','VIRGINIA'),
('22713','BOSTON','BOSTON','VA','ATLANTIC','VIRGINIA'),
('22713','CULPEPER','CULPEPER','VA','ATLANTIC','VIRGINIA'),
('22714','BRANDY STATION','BRANDY STATION','VA','ATLANTIC','VIRGINIA'),
('22714','CULPEPER','CULPEPER','VA','ATLANTIC','VIRGINIA'),
('22715','BRIGHTWOOD','BRIGHTWOOD','VA','ATLANTIC','VIRGINIA'),
('22715','MADISON','MADISON','VA','ATLANTIC','VIRGINIA'),
('22716','CULPEPER','CULPEPER','VA','ATLANTIC','VIRGINIA'),
('22718','CULPEPER','CULPEPER','VA','ATLANTIC','VIRGINIA'),
('22718','ELKWOOD','ELKWOOD','VA','ATLANTIC','VIRGINIA'),
('22719','MADISON','MADISON','VA','ATLANTIC','VIRGINIA'),
('22720','SUMERDUCK','SUMERDUCK','VA','ATLANTIC','VIRGINIA'),
('22722','CULPEPER','CULPEPER','VA','ATLANTIC','VIRGINIA'),
('22723','HOOD','HOOD','VA','ATLANTIC','VIRGINIA'),
('22724','CULPEPER','CULPEPER','VA','ATLANTIC','VIRGINIA'),
('22725','BRIGHTWOOD','BRIGHTWOOD','VA','ATLANTIC','VIRGINIA'),
('22725','MADISON','MADISON','VA','ATLANTIC','VIRGINIA'),
('22726','LIGNUM','LIGNUM','VA','ATLANTIC','VIRGINIA'),
('22727','MADISON','MADISON','VA','ATLANTIC','VIRGINIA'),
('22728','BEALETON','BEALETON','VA','ATLANTIC','VIRGINIA'),
('22728','MIDLAND','MIDLAND','VA','ATLANTIC','VIRGINIA'),
('22729','CULPEPER','CULPEPER','VA','ATLANTIC','VIRGINIA'),
('22729','MITCHELLS','MITCHELLS','VA','ATLANTIC','VIRGINIA'),
('22730','MADISON','MADISON','VA','ATLANTIC','VIRGINIA'),
('22730','OAKPARK','OAKPARK','VA','ATLANTIC','VIRGINIA'),
('22731','MADISON','MADISON','VA','ATLANTIC','VIRGINIA'),
('22731','PRATTS','PRATTS','VA','ATLANTIC','VIRGINIA'),
('22732','MADISON','MADISON','VA','ATLANTIC','VIRGINIA'),
('22733','CULPEPER','CULPEPER','VA','ATLANTIC','VIRGINIA'),
('22733','RAPIDAN','RAPIDAN','VA','ATLANTIC','VIRGINIA'),
('22734','BEALETON','BEALETON','VA','ATLANTIC','VIRGINIA'),
('22734','REMINGTON','REMINGTON','VA','ATLANTIC','VIRGINIA'),
('22735','CULPEPER','CULPEPER','VA','ATLANTIC','VIRGINIA'),
('22736','LIGNUM','LIGNUM','VA','ATLANTIC','VIRGINIA'),
('22737','RIXEYVILLE','RIXEYVILLE','VA','ATLANTIC','VIRGINIA'),
('22738','MADISON','MADISON','VA','ATLANTIC','VIRGINIA'),
('22738','ROCHELLE','ROCHELLE','VA','ATLANTIC','VIRGINIA'),
('22739','MIDLAND','MIDLAND','VA','ATLANTIC','VIRGINIA'),
('22740','SPERRYVILLE','SPERRYVILLE','VA','ATLANTIC','VIRGINIA'),
('22740','WASHINGTON','WASHINGTON','VA','ATLANTIC','VIRGINIA'),
('22741','CULPEPER','CULPEPER','VA','ATLANTIC','VIRGINIA'),
('22741','LIGNUM','LIGNUM','VA','ATLANTIC','VIRGINIA'),
('22742','SUMERDUCK','SUMERDUCK','VA','ATLANTIC','VIRGINIA'),
('22743','MADISON','MADISON','VA','ATLANTIC','VIRGINIA'),
('22747','WASHINGTON','WASHINGTON','VA','ATLANTIC','VIRGINIA'),
('22748','WOLFTOWN','WOLFTOWN','VA','ATLANTIC','VIRGINIA'),
('22749','BOSTON','BOSTON','VA','ATLANTIC','VIRGINIA'),
('22801','HARRISONBURG','HARRISONBURG','VA','ATLANTIC','VIRGINIA'),
('22802','HARRISONBURG','HARRISONBURG','VA','ATLANTIC','VIRGINIA'),
('22803','DOWNTOWN HARRISONBURG','HARRISONBURG','VA','ATLANTIC','VIRGINIA');

INSERT INTO us_locations (zip_code, locale_name, city, state, area_name, district_name) VALUES
('22810','BASYE','BASYE','VA','ATLANTIC','VIRGINIA'),
('22811','BERGTON','BERGTON','VA','ATLANTIC','VIRGINIA'),
('22811','BROADWAY','BROADWAY','VA','ATLANTIC','VIRGINIA'),
('22812','BRIDGEWATER','BRIDGEWATER','VA','ATLANTIC','VIRGINIA'),
('22815','BROADWAY','BROADWAY','VA','ATLANTIC','VIRGINIA'),
('22820','BROADWAY','BROADWAY','VA','ATLANTIC','VIRGINIA'),
('22820','CRIDERS','CRIDERS','VA','ATLANTIC','VIRGINIA'),
('22821','DAYTON','DAYTON','VA','ATLANTIC','VIRGINIA'),
('22824','EDINBURG','EDINBURG','VA','ATLANTIC','VIRGINIA'),
('22827','ELKTON','ELKTON','VA','ATLANTIC','VIRGINIA'),
('22830','BROADWAY','BROADWAY','VA','ATLANTIC','VIRGINIA'),
('22830','FULKS RUN','FULKS RUN','VA','ATLANTIC','VIRGINIA'),
('22831','DAYTON','DAYTON','VA','ATLANTIC','VIRGINIA'),
('22831','HINTON','HINTON','VA','ATLANTIC','VIRGINIA'),
('22832','HARRISONBURG','HARRISONBURG','VA','ATLANTIC','VIRGINIA'),
('22833','LACEY SPRING','LACEY SPRING','VA','ATLANTIC','VIRGINIA'),
('22834','HARRISONBURG','HARRISONBURG','VA','ATLANTIC','VIRGINIA'),
('22834','LINVILLE','LINVILLE','VA','ATLANTIC','VIRGINIA'),
('22835','LURAY','LURAY','VA','ATLANTIC','VIRGINIA'),
('22840','MC GAHEYSVILLE','MC GAHEYSVILLE','VA','ATLANTIC','VIRGINIA'),
('22841','HARRISONBURG','HARRISONBURG','VA','ATLANTIC','VIRGINIA'),
('22841','MOUNT CRAWFORD','MOUNT CRAWFORD','VA','ATLANTIC','VIRGINIA'),
('22842','MOUNT JACKSON','MOUNT JACKSON','VA','ATLANTIC','VIRGINIA'),
('22843','BRIDGEWATER','BRIDGEWATER','VA','ATLANTIC','VIRGINIA'),
('22843','MOUNT SOLON','MOUNT SOLON','VA','ATLANTIC','VIRGINIA'),
('22844','NEW MARKET','NEW MARKET','VA','ATLANTIC','VIRGINIA'),
('22845','ORKNEY SPRINGS','ORKNEY SPRINGS','VA','ATLANTIC','VIRGINIA'),
('22846','HARRISONBURG','HARRISONBURG','VA','ATLANTIC','VIRGINIA'),
('22846','PENN LAIRD','PENN LAIRD','VA','ATLANTIC','VIRGINIA'),
('22847','NEW MARKET','NEW MARKET','VA','ATLANTIC','VIRGINIA'),
('22847','QUICKSBURG','QUICKSBURG','VA','ATLANTIC','VIRGINIA'),
('22849','SHENANDOAH','SHENANDOAH','VA','ATLANTIC','VIRGINIA'),
('22850','HARRISONBURG','HARRISONBURG','VA','ATLANTIC','VIRGINIA'),
('22850','SINGERS GLEN','SINGERS GLEN','VA','ATLANTIC','VIRGINIA'),
('22851','STANLEY','STANLEY','VA','ATLANTIC','VIRGINIA'),
('22853','TIMBERVILLE','TIMBERVILLE','VA','ATLANTIC','VIRGINIA'),
('22901','CHARLOTTESVILLE VA S&DC','CHARLOTTESVILLE','VA','ATLANTIC','VIRGINIA'),
('22902','CHARLOTTESVILLE VA S&DC','CHARLOTTESVILLE','VA','ATLANTIC','VIRGINIA'),
('22902','DOWNTOWN CHARLOTTESVILLE','CHARLOTTESVILLE','VA','ATLANTIC','VIRGINIA'),
('22903','CHARLOTTESVILLE VA S&DC','CHARLOTTESVILLE','VA','ATLANTIC','VIRGINIA'),
('22905','BARRACKS ROAD','CHARLOTTESVILLE','VA','ATLANTIC','VIRGINIA'),
('22906','CHARLOTTESVILLE VA S&DC','CHARLOTTESVILLE','VA','ATLANTIC','VIRGINIA'),
('22911','CHARLOTTESVILLE VA S&DC','CHARLOTTESVILLE','VA','ATLANTIC','VIRGINIA'),
('22920','AFTON','AFTON','VA','ATLANTIC','VIRGINIA'),
('22920','WAYNESBORO','WAYNESBORO','VA','ATLANTIC','VIRGINIA'),
('22922','ARRINGTON','ARRINGTON','VA','ATLANTIC','VIRGINIA'),
('22922','LOVINGSTON','LOVINGSTON','VA','ATLANTIC','VIRGINIA'),
('22923','BARBOURSVILLE','BARBOURSVILLE','VA','ATLANTIC','VIRGINIA'),
('22923','GORDONSVILLE','GORDONSVILLE','VA','ATLANTIC','VIRGINIA'),
('22924','BATESVILLE','BATESVILLE','VA','ATLANTIC','VIRGINIA');

INSERT INTO us_locations (zip_code, locale_name, city, state, area_name, district_name) VALUES
('22931','CHARLOTTESVILLE VA S&DC','CHARLOTTESVILLE','VA','ATLANTIC','VIRGINIA'),
('22931','COVESVILLE','COVESVILLE','VA','ATLANTIC','VIRGINIA'),
('22932','CROZET','CROZET','VA','ATLANTIC','VIRGINIA'),
('22935','STANARDSVILLE','STANARDSVILLE','VA','ATLANTIC','VIRGINIA'),
('22936','CHARLOTTESVILLE VA S&DC','CHARLOTTESVILLE','VA','ATLANTIC','VIRGINIA'),
('22936','EARLYSVILLE','EARLYSVILLE','VA','ATLANTIC','VIRGINIA'),
('22937','CHARLOTTESVILLE VA S&DC','CHARLOTTESVILLE','VA','ATLANTIC','VIRGINIA'),
('22937','ESMONT','ESMONT','VA','ATLANTIC','VIRGINIA'),
('22938','FABER','FABER','VA','ATLANTIC','VIRGINIA'),
('22938','SCHUYLER','SCHUYLER','VA','ATLANTIC','VIRGINIA'),
('22939','FISHERSVILLE','FISHERSVILLE','VA','ATLANTIC','VIRGINIA'),
('22940','CHARLOTTESVILLE VA S&DC','CHARLOTTESVILLE','VA','ATLANTIC','VIRGINIA'),
('22940','FREE UNION','FREE UNION','VA','ATLANTIC','VIRGINIA'),
('22942','GORDONSVILLE','GORDONSVILLE','VA','ATLANTIC','VIRGINIA'),
('22943','GREENWOOD','GREENWOOD','VA','ATLANTIC','VIRGINIA'),
('22945','IVY','IVY','VA','ATLANTIC','VIRGINIA'),
('22946','CHARLOTTESVILLE VA S&DC','CHARLOTTESVILLE','VA','ATLANTIC','VIRGINIA'),
('22946','KEENE','KEENE','VA','ATLANTIC','VIRGINIA'),
('22947','CHARLOTTESVILLE VA S&DC','CHARLOTTESVILLE','VA','ATLANTIC','VIRGINIA'),
('22947','KESWICK','KESWICK','VA','ATLANTIC','VIRGINIA'),
('22948','LOCUST DALE','LOCUST DALE','VA','ATLANTIC','VIRGINIA'),
('22948','ORANGE','ORANGE','VA','ATLANTIC','VIRGINIA'),
('22949','LOVINGSTON','LOVINGSTON','VA','ATLANTIC','VIRGINIA'),
('22952','LYNDHURST','LYNDHURST','VA','ATLANTIC','VIRGINIA'),
('22952','WAYNESBORO','WAYNESBORO','VA','ATLANTIC','VIRGINIA'),
('22957','ORANGE','ORANGE','VA','ATLANTIC','VIRGINIA'),
('22958','NELLYSFORD','NELLYSFORD','VA','ATLANTIC','VIRGINIA'),
('22959','CHARLOTTESVILLE VA S&DC','CHARLOTTESVILLE','VA','ATLANTIC','VIRGINIA'),
('22959','NORTH GARDEN','NORTH GARDEN','VA','ATLANTIC','VIRGINIA'),
('22960','ORANGE','ORANGE','VA','ATLANTIC','VIRGINIA'),
('22963','PALMYRA','PALMYRA','VA','ATLANTIC','VIRGINIA'),
('22964','LOVINGSTON','LOVINGSTON','VA','ATLANTIC','VIRGINIA'),
('22964','PINEY RIVER','PINEY RIVER','VA','ATLANTIC','VIRGINIA'),
('22965','QUINQUE','QUINQUE','VA','ATLANTIC','VIRGINIA'),
('22967','ROSELAND','ROSELAND','VA','ATLANTIC','VIRGINIA'),
('22968','RUCKERSVILLE','RUCKERSVILLE','VA','ATLANTIC','VIRGINIA'),
('22969','SCHUYLER','SCHUYLER','VA','ATLANTIC','VIRGINIA'),
('22971','LOVINGSTON','LOVINGSTON','VA','ATLANTIC','VIRGINIA'),
('22971','SHIPMAN','SHIPMAN','VA','ATLANTIC','VIRGINIA'),
('22972','GORDONSVILLE','GORDONSVILLE','VA','ATLANTIC','VIRGINIA'),
('22972','SOMERSET','SOMERSET','VA','ATLANTIC','VIRGINIA'),
('22973','STANARDSVILLE','STANARDSVILLE','VA','ATLANTIC','VIRGINIA'),
('22974','CHARLOTTESVILLE VA S&DC','CHARLOTTESVILLE','VA','ATLANTIC','VIRGINIA'),
('22974','TROY','TROY','VA','ATLANTIC','VIRGINIA'),
('22976','ROSELAND','ROSELAND','VA','ATLANTIC','VIRGINIA'),
('22980','PARK','WAYNESBORO','VA','ATLANTIC','VIRGINIA'),
('22980','WAYNESBORO','WAYNESBORO','VA','ATLANTIC','VIRGINIA'),
('22987','WHITE HALL','WHITE HALL','VA','ATLANTIC','VIRGINIA'),
('23001','ACHILLES','ACHILLES','VA','ATLANTIC','VIRGINIA'),
('23002','AMELIA COURT HOUSE','AMELIA COURT HOUSE','VA','ATLANTIC','VIRGINIA');

INSERT INTO us_locations (zip_code, locale_name, city, state, area_name, district_name) VALUES
('23003','ARK','ARK','VA','ATLANTIC','VIRGINIA'),
('23004','ARVONIA','ARVONIA','VA','ATLANTIC','VIRGINIA'),
('23004','NEW CANTON','NEW CANTON','VA','ATLANTIC','VIRGINIA'),
('23005','ASHLAND','ASHLAND','VA','ATLANTIC','VIRGINIA'),
('23005','ASHLAND DPOBU','ASHLAND','VA','ATLANTIC','VIRGINIA'),
('23009','AYLETT','AYLETT','VA','ATLANTIC','VIRGINIA'),
('23011','BARHAMSVILLE','BARHAMSVILLE','VA','ATLANTIC','VIRGINIA'),
('23011','TOANO','TOANO','VA','ATLANTIC','VIRGINIA'),
('23015','BEAVERDAM','BEAVERDAM','VA','ATLANTIC','VIRGINIA'),
('23018','BENA','BENA','VA','ATLANTIC','VIRGINIA'),
('23021','MATHEWS','MATHEWS','VA','ATLANTIC','VIRGINIA'),
('23022','BREMO BLUFF','BREMO BLUFF','VA','ATLANTIC','VIRGINIA'),
('23022','NEW CANTON','NEW CANTON','VA','ATLANTIC','VIRGINIA'),
('23023','SAINT STEPHENS CHURCH','SAINT STEPHENS CHURCH','VA','ATLANTIC','VIRGINIA'),
('23024','BUMPASS','BUMPASS','VA','ATLANTIC','VIRGINIA'),
('23025','NORTH','NORTH','VA','ATLANTIC','VIRGINIA'),
('23027','CARTERSVILLE','CARTERSVILLE','VA','ATLANTIC','VIRGINIA'),
('23030','CHARLES CITY','CHARLES CITY','VA','ATLANTIC','VIRGINIA'),
('23032','CHURCH VIEW','CHURCH VIEW','VA','ATLANTIC','VIRGINIA'),
('23032','URBANNA','URBANNA','VA','ATLANTIC','VIRGINIA'),
('23035','COBBS CREEK','COBBS CREEK','VA','ATLANTIC','VIRGINIA'),
('23038','COLUMBIA','COLUMBIA','VA','ATLANTIC','VIRGINIA'),
('23039','CROZIER','CROZIER','VA','ATLANTIC','VIRGINIA'),
('23039','MAIDENS','MAIDENS','VA','ATLANTIC','VIRGINIA'),
('23040','CUMBERLAND','CUMBERLAND','VA','ATLANTIC','VIRGINIA'),
('23043','DELTAVILLE','DELTAVILLE','VA','ATLANTIC','VIRGINIA'),
('23045','MATHEWS','MATHEWS','VA','ATLANTIC','VIRGINIA'),
('23047','DOSWELL','DOSWELL','VA','ATLANTIC','VIRGINIA'),
('23047','RUTHER GLEN','RUTHER GLEN','VA','ATLANTIC','VIRGINIA'),
('23050','COBBS CREEK','COBBS CREEK','VA','ATLANTIC','VIRGINIA'),
('23050','DUTTON','DUTTON','VA','ATLANTIC','VIRGINIA'),
('23055','FORK UNION','FORK UNION','VA','ATLANTIC','VIRGINIA'),
('23056','FOSTER','FOSTER','VA','ATLANTIC','VIRGINIA'),
('23056','MATHEWS','MATHEWS','VA','ATLANTIC','VIRGINIA'),
('23058','GLEN ALLEN','GLEN ALLEN','VA','ATLANTIC','VIRGINIA'),
('23059','GLEN ALLEN','GLEN ALLEN','VA','ATLANTIC','VIRGINIA'),
('23060','GLEN ALLEN','GLEN ALLEN','VA','ATLANTIC','VIRGINIA'),
('23060','GLEN ALLEN ANNEX','GLEN ALLEN','VA','ATLANTIC','VIRGINIA'),
('23061','GLOUCESTER','GLOUCESTER','VA','ATLANTIC','VIRGINIA'),
('23062','GLOUCESTER POINT','GLOUCESTER POINT','VA','ATLANTIC','VIRGINIA'),
('23063','GOOCHLAND','GOOCHLAND','VA','ATLANTIC','VIRGINIA'),
('23064','GRIMSTEAD','GRIMSTEAD','VA','ATLANTIC','VIRGINIA'),
('23065','GOOCHLAND','GOOCHLAND','VA','ATLANTIC','VIRGINIA'),
('23065','GUM SPRING','GUM SPRING','VA','ATLANTIC','VIRGINIA'),
('23066','GWYNN','GWYNN','VA','ATLANTIC','VIRGINIA'),
('23067','HADENSVILLE','HADENSVILLE','VA','ATLANTIC','VIRGINIA'),
('23068','HALLIEFORD','HALLIEFORD','VA','ATLANTIC','VIRGINIA'),
('23068','MATHEWS','MATHEWS','VA','ATLANTIC','VIRGINIA'),
('23069','HANOVER','HANOVER','VA','ATLANTIC','VIRGINIA'),
('23069','RICHMOND VA S&DC','RICHMOND','VA','ATLANTIC','VIRGINIA');

INSERT INTO us_locations (zip_code, locale_name, city, state, area_name, district_name) VALUES
('23070','DELTAVILLE','DELTAVILLE','VA','ATLANTIC','VIRGINIA'),
('23070','HARDYVILLE','HARDYVILLE','VA','ATLANTIC','VIRGINIA'),
('23071','HARTFIELD','HARTFIELD','VA','ATLANTIC','VIRGINIA'),
('23072','HAYES','HAYES','VA','ATLANTIC','VIRGINIA'),
('23075','HIGHLAND SPRINGS','HENRICO','VA','ATLANTIC','VIRGINIA'),
('23075','RICHMOND VA S&DC','RICHMOND','VA','ATLANTIC','VIRGINIA'),
('23076','HUDGINS','HUDGINS','VA','ATLANTIC','VIRGINIA'),
('23076','MATHEWS','MATHEWS','VA','ATLANTIC','VIRGINIA'),
('23079','URBANNA','URBANNA','VA','ATLANTIC','VIRGINIA'),
('23083','JETERSVILLE','JETERSVILLE','VA','ATLANTIC','VIRGINIA'),
('23084','COLUMBIA','COLUMBIA','VA','ATLANTIC','VIRGINIA'),
('23084','KENTS STORE','KENTS STORE','VA','ATLANTIC','VIRGINIA'),
('23085','KING AND QUEEN COURT HOUSE','KING AND QUEEN COURT HOUSE','VA','ATLANTIC','VIRGINIA'),
('23085','SAINT STEPHENS CHURCH','SAINT STEPHENS CHURCH','VA','ATLANTIC','VIRGINIA'),
('23086','AYLETT','AYLETT','VA','ATLANTIC','VIRGINIA'),
('23086','KING WILLIAM','KING WILLIAM','VA','ATLANTIC','VIRGINIA'),
('23089','LANEXA','LANEXA','VA','ATLANTIC','VIRGINIA'),
('23090','LIGHTFOOT','LIGHTFOOT','VA','ATLANTIC','VIRGINIA'),
('23091','SHACKLEFORDS','SHACKLEFORDS','VA','ATLANTIC','VIRGINIA'),
('23092','HARTFIELD','HARTFIELD','VA','ATLANTIC','VIRGINIA'),
('23092','LOCUST HILL','LOCUST HILL','VA','ATLANTIC','VIRGINIA'),
('23093','LOUISA','LOUISA','VA','ATLANTIC','VIRGINIA'),
('23102','MAIDENS','MAIDENS','VA','ATLANTIC','VIRGINIA'),
('23103','MANAKIN SABOT','MANAKIN SABOT','VA','ATLANTIC','VIRGINIA'),
('23106','AYLETT','AYLETT','VA','ATLANTIC','VIRGINIA'),
('23106','MANQUIN','MANQUIN','VA','ATLANTIC','VIRGINIA'),
('23108','SHACKLEFORDS','SHACKLEFORDS','VA','ATLANTIC','VIRGINIA'),
('23109','MATHEWS','MATHEWS','VA','ATLANTIC','VIRGINIA'),
('23110','MATTAPONI','MATTAPONI','VA','ATLANTIC','VIRGINIA'),
('23110','SHACKLEFORDS','SHACKLEFORDS','VA','ATLANTIC','VIRGINIA'),
('23111','ATLEE','MECHANICSVILLE','VA','ATLANTIC','VIRGINIA'),
('23111','MECHANICSVILLE','MECHANICSVILLE','VA','ATLANTIC','VIRGINIA'),
('23112','GENITO','MIDLOTHIAN','VA','ATLANTIC','VIRGINIA'),
('23113','BRANDERMILL','MIDLOTHIAN','VA','ATLANTIC','VIRGINIA'),
('23113','MIDLOTHIAN','MIDLOTHIAN','VA','ATLANTIC','VIRGINIA'),
('23114','MIDLOTHIAN','MIDLOTHIAN','VA','ATLANTIC','VIRGINIA'),
('23115','MILLERS TAVERN','MILLERS TAVERN','VA','ATLANTIC','VIRGINIA'),
('23116','ATLEE','MECHANICSVILLE','VA','ATLANTIC','VIRGINIA'),
('23117','MINERAL','MINERAL','VA','ATLANTIC','VIRGINIA'),
('23119','MATHEWS','MATHEWS','VA','ATLANTIC','VIRGINIA'),
('23119','MOON','MOON','VA','ATLANTIC','VIRGINIA'),
('23120','GENITO','MIDLOTHIAN','VA','ATLANTIC','VIRGINIA'),
('23120','MOSELEY','MOSELEY','VA','ATLANTIC','VIRGINIA'),
('23123','NEW CANTON','NEW CANTON','VA','ATLANTIC','VIRGINIA'),
('23124','NEW KENT','NEW KENT','VA','ATLANTIC','VIRGINIA'),
('23125','MATHEWS','MATHEWS','VA','ATLANTIC','VIRGINIA'),
('23125','NEW POINT','NEW POINT','VA','ATLANTIC','VIRGINIA'),
('23126','NEWTOWN','NEWTOWN','VA','ATLANTIC','VIRGINIA'),
('23126','SAINT STEPHENS CHURCH','SAINT STEPHENS CHURCH','VA','ATLANTIC','VIRGINIA'),
('23127','NORGE','NORGE','VA','ATLANTIC','VIRGINIA');

INSERT INTO us_locations (zip_code, locale_name, city, state, area_name, district_name) VALUES
('23128','NORTH','NORTH','VA','ATLANTIC','VIRGINIA'),
('23129','MAIDENS','MAIDENS','VA','ATLANTIC','VIRGINIA'),
('23129','OILVILLE','OILVILLE','VA','ATLANTIC','VIRGINIA'),
('23130','MATHEWS','MATHEWS','VA','ATLANTIC','VIRGINIA'),
('23131','ORDINARY','ORDINARY','VA','ATLANTIC','VIRGINIA'),
('23138','MATHEWS','MATHEWS','VA','ATLANTIC','VIRGINIA'),
('23138','PORT HAYWOOD','PORT HAYWOOD','VA','ATLANTIC','VIRGINIA'),
('23139','POWHATAN','POWHATAN','VA','ATLANTIC','VIRGINIA'),
('23140','PROVIDENCE FORGE','PROVIDENCE FORGE','VA','ATLANTIC','VIRGINIA'),
('23141','QUINTON','QUINTON','VA','ATLANTIC','VIRGINIA'),
('23146','ROCKVILLE','ROCKVILLE','VA','ATLANTIC','VIRGINIA'),
('23147','RUTHVILLE','RUTHVILLE','VA','ATLANTIC','VIRGINIA'),
('23148','SAINT STEPHENS CHURCH','SAINT STEPHENS CHURCH','VA','ATLANTIC','VIRGINIA'),
('23149','SALUDA','SALUDA','VA','ATLANTIC','VIRGINIA'),
('23150','SANDSTON','SANDSTON','VA','ATLANTIC','VIRGINIA'),
('23153','GOOCHLAND','GOOCHLAND','VA','ATLANTIC','VIRGINIA'),
('23153','SANDY HOOK','SANDY HOOK','VA','ATLANTIC','VIRGINIA'),
('23154','SCHLEY','SCHLEY','VA','ATLANTIC','VIRGINIA'),
('23156','SHACKLEFORDS','SHACKLEFORDS','VA','ATLANTIC','VIRGINIA'),
('23161','SAINT STEPHENS CHURCH','SAINT STEPHENS CHURCH','VA','ATLANTIC','VIRGINIA'),
('23162','STUDLEY','STUDLEY','VA','ATLANTIC','VIRGINIA'),
('23163','MATHEWS','MATHEWS','VA','ATLANTIC','VIRGINIA'),
('23163','SUSAN','SUSAN','VA','ATLANTIC','VIRGINIA'),
('23168','TOANO','TOANO','VA','ATLANTIC','VIRGINIA'),
('23169','TOPPING','TOPPING','VA','ATLANTIC','VIRGINIA'),
('23170','LOUISA','LOUISA','VA','ATLANTIC','VIRGINIA'),
('23175','URBANNA','URBANNA','VA','ATLANTIC','VIRGINIA'),
('23176','TOPPING','TOPPING','VA','ATLANTIC','VIRGINIA'),
('23176','WAKE','WAKE','VA','ATLANTIC','VIRGINIA'),
('23177','AYLETT','AYLETT','VA','ATLANTIC','VIRGINIA'),
('23177','WALKERTON','WALKERTON','VA','ATLANTIC','VIRGINIA'),
('23178','WARE NECK','WARE NECK','VA','ATLANTIC','VIRGINIA'),
('23180','URBANNA','URBANNA','VA','ATLANTIC','VIRGINIA'),
('23181','WEST POINT','WEST POINT','VA','ATLANTIC','VIRGINIA'),
('23183','WHITE MARSH','WHITE MARSH','VA','ATLANTIC','VIRGINIA'),
('23184','WICOMICO','WICOMICO','VA','ATLANTIC','VIRGINIA'),
('23185','WILLIAMSBURG','WILLIAMSBURG','VA','ATLANTIC','VIRGINIA'),
('23187','WILLIAMSBURG','WILLIAMSBURG','VA','ATLANTIC','VIRGINIA'),
('23188','MONTICELLO','WILLIAMSBURG','VA','ATLANTIC','VIRGINIA'),
('23192','MONTPELIER','MONTPELIER','VA','ATLANTIC','VIRGINIA'),
('23218','CAPITOL','RICHMOND','VA','ATLANTIC','VIRGINIA'),
('23219','RICHMOND VA S&DC','RICHMOND','VA','ATLANTIC','VIRGINIA'),
('23220','RICHMOND VA S&DC','RICHMOND','VA','ATLANTIC','VIRGINIA'),
('23220','SAUNDERS','RICHMOND','VA','ATLANTIC','VIRGINIA'),
('23221','WESTHAMPTON','RICHMOND','VA','ATLANTIC','VIRGINIA'),
('23222','BELLEVUE','RICHMOND','VA','ATLANTIC','VIRGINIA'),
('23222','RICHMOND VA S&DC','RICHMOND','VA','ATLANTIC','VIRGINIA'),
('23223','EAST END','RICHMOND','VA','ATLANTIC','VIRGINIA'),
('23223','RICHMOND VA S&DC','RICHMOND','VA','ATLANTIC','VIRGINIA'),
('23224','SOUTHSIDE','RICHMOND','VA','ATLANTIC','VIRGINIA');

INSERT INTO us_locations (zip_code, locale_name, city, state, area_name, district_name) VALUES
('23225','FOREST HILL','RICHMOND','VA','ATLANTIC','VIRGINIA'),
('23225','RICHMOND VA S&DC','RICHMOND','VA','ATLANTIC','VIRGINIA'),
('23226','WESTHAMPTON','RICHMOND','VA','ATLANTIC','VIRGINIA'),
('23227','BELLEVUE','RICHMOND','VA','ATLANTIC','VIRGINIA'),
('23227','RICHMOND VA S&DC','RICHMOND','VA','ATLANTIC','VIRGINIA'),
('23228','LAKESIDE','HENRICO','VA','ATLANTIC','VIRGINIA'),
('23229','REGENCY','HENRICO','VA','ATLANTIC','VIRGINIA'),
('23230','WEST END','RICHMOND','VA','ATLANTIC','VIRGINIA'),
('23230','WESTHAMPTON','RICHMOND','VA','ATLANTIC','VIRGINIA'),
('23231','MONTROSE HEIGHTS','HENRICO','VA','ATLANTIC','VIRGINIA'),
('23231','RICHMOND VA S&DC','RICHMOND','VA','ATLANTIC','VIRGINIA'),
('23233','RIDGE','HENRICO','VA','ATLANTIC','VIRGINIA'),
('23234','AMPTHILL','NORTH CHESTERFIELD','VA','ATLANTIC','VIRGINIA'),
('23235','BON AIR','NORTH CHESTERFIELD','VA','ATLANTIC','VIRGINIA'),
('23235','BON AIR CARRIER ANNEX','NORTH CHESTERFIELD','VA','ATLANTIC','VIRGINIA'),
('23235','TOWNE CENTER','NORTH CHESTERFIELD','VA','ATLANTIC','VIRGINIA'),
('23236','POCOSHOCK CREEK','NORTH CHESTERFIELD','VA','ATLANTIC','VIRGINIA'),
('23237','AMPTHILL','NORTH CHESTERFIELD','VA','ATLANTIC','VIRGINIA'),
('23238','RIDGE','HENRICO','VA','ATLANTIC','VIRGINIA'),
('23241','CENTRAL RICHMOND','RICHMOND','VA','ATLANTIC','VIRGINIA'),
('23242','RIDGE','HENRICO','VA','ATLANTIC','VIRGINIA'),
('23250','MONTROSE HEIGHTS','HENRICO','VA','ATLANTIC','VIRGINIA'),
('23250','RICHMOND VA S&DC','RICHMOND','VA','ATLANTIC','VIRGINIA'),
('23255','REGENCY','HENRICO','VA','ATLANTIC','VIRGINIA'),
('23260','RICHMOND VA S&DC','RICHMOND','VA','ATLANTIC','VIRGINIA'),
('23261','RICHMOND VA S&DC','RICHMOND','VA','ATLANTIC','VIRGINIA'),
('23285','RICHMOND VA S&DC','RICHMOND','VA','ATLANTIC','VIRGINIA'),
('23294','REGENCY','HENRICO','VA','ATLANTIC','VIRGINIA'),
('23301','ACCOMAC','ACCOMAC','VA','ATLANTIC','VIRGINIA'),
('23302','ASSAWOMAN','ASSAWOMAN','VA','ATLANTIC','VIRGINIA'),
('23302','OAK HALL','OAK HALL','VA','ATLANTIC','VIRGINIA'),
('23303','ATLANTIC','ATLANTIC','VA','ATLANTIC','VIRGINIA'),
('23303','OAK HALL','OAK HALL','VA','ATLANTIC','VIRGINIA'),
('23304','BATTERY PARK','BATTERY PARK','VA','ATLANTIC','VIRGINIA'),
('23306','BELLE HAVEN','BELLE HAVEN','VA','ATLANTIC','VIRGINIA'),
('23307','NASSAWADOX','NASSAWADOX','VA','ATLANTIC','VIRGINIA'),
('23308','BLOXOM','BLOXOM','VA','ATLANTIC','VIRGINIA'),
('23310','CAPE CHARLES','CAPE CHARLES','VA','ATLANTIC','VIRGINIA'),
('23313','CAPEVILLE','CAPEVILLE','VA','ATLANTIC','VIRGINIA'),
('23314','CARROLLTON','CARROLLTON','VA','ATLANTIC','VIRGINIA'),
('23315','CARRSVILLE','CARRSVILLE','VA','ATLANTIC','VIRGINIA'),
('23315','WINDSOR','WINDSOR','VA','ATLANTIC','VIRGINIA'),
('23316','CHERITON','CHERITON','VA','ATLANTIC','VIRGINIA'),
('23320','CHESAPEAKE','CHESAPEAKE','VA','ATLANTIC','VIRGINIA'),
('23321','JOLLIFF','CHESAPEAKE','VA','ATLANTIC','VIRGINIA'),
('23321','JOLLIFF RETAIL','CHESAPEAKE','VA','ATLANTIC','VIRGINIA'),
('23322','GREAT BRIDGE','CHESAPEAKE','VA','ATLANTIC','VIRGINIA'),
('23322','NORTHWEST RADIO','CHESAPEAKE','VA','ATLANTIC','VIRGINIA'),
('23323','DEEP CREEK','CHESAPEAKE','VA','ATLANTIC','VIRGINIA'),
('23323','NORFOLK VA S&DC','NORFOLK','VA','ATLANTIC','VIRGINIA');

INSERT INTO us_locations (zip_code, locale_name, city, state, area_name, district_name) VALUES
('23324','NORFOLK VA S&DC','NORFOLK','VA','ATLANTIC','VIRGINIA'),
('23324','PORTLOCK','CHESAPEAKE','VA','ATLANTIC','VIRGINIA'),
('23324','SOUTH NORFOLK','CHESAPEAKE','VA','ATLANTIC','VIRGINIA'),
('23325','INDIAN RIVER','CHESAPEAKE','VA','ATLANTIC','VIRGINIA'),
('23325','NORFOLK VA S&DC','NORFOLK','VA','ATLANTIC','VIRGINIA'),
('23327','CHESAPEAKE','CHESAPEAKE','VA','ATLANTIC','VIRGINIA'),
('23328','GREAT BRIDGE','CHESAPEAKE','VA','ATLANTIC','VIRGINIA'),
('23336','CHINCOTEAGUE ISLAND','CHINCOTEAGUE ISLAND','VA','ATLANTIC','VIRGINIA'),
('23337','CHINCOTEAGUE ISLAND','CHINCOTEAGUE ISLAND','VA','ATLANTIC','VIRGINIA'),
('23337','WALLOPS ISLAND','WALLOPS ISLAND','VA','ATLANTIC','VIRGINIA'),
('23341','CRADDOCKVILLE','CRADDOCKVILLE','VA','ATLANTIC','VIRGINIA'),
('23347','EASTVILLE','EASTVILLE','VA','ATLANTIC','VIRGINIA'),
('23350','EXMORE','EXMORE','VA','ATLANTIC','VIRGINIA'),
('23354','FRANKTOWN','FRANKTOWN','VA','ATLANTIC','VIRGINIA'),
('23354','NASSAWADOX','NASSAWADOX','VA','ATLANTIC','VIRGINIA'),
('23356','HORNTOWN','HORNTOWN','VA','ATLANTIC','VIRGINIA'),
('23356','NEW CHURCH','NEW CHURCH','VA','ATLANTIC','VIRGINIA'),
('23357','ACCOMAC','ACCOMAC','VA','ATLANTIC','VIRGINIA'),
('23357','GREENBUSH','GREENBUSH','VA','ATLANTIC','VIRGINIA'),
('23358','PAINTER','PAINTER','VA','ATLANTIC','VIRGINIA'),
('23359','BLOXOM','BLOXOM','VA','ATLANTIC','VIRGINIA'),
('23359','HALLWOOD','HALLWOOD','VA','ATLANTIC','VIRGINIA'),
('23389','HARBORTON','HARBORTON','VA','ATLANTIC','VIRGINIA'),
('23395','HORNTOWN','HORNTOWN','VA','ATLANTIC','VIRGINIA'),
('23395','NEW CHURCH','NEW CHURCH','VA','ATLANTIC','VIRGINIA'),
('23397','ISLE OF WIGHT','ISLE OF WIGHT','VA','ATLANTIC','VIRGINIA'),
('23398','JAMESVILLE','JAMESVILLE','VA','ATLANTIC','VIRGINIA'),
('23401','KELLER','KELLER','VA','ATLANTIC','VIRGINIA'),
('23404','LOCUSTVILLE','LOCUSTVILLE','VA','ATLANTIC','VIRGINIA'),
('23405','MACHIPONGO','MACHIPONGO','VA','ATLANTIC','VIRGINIA'),
('23407','MAPPSVILLE','MAPPSVILLE','VA','ATLANTIC','VIRGINIA'),
('23408','MARIONVILLE','MARIONVILLE','VA','ATLANTIC','VIRGINIA'),
('23409','BLOXOM','BLOXOM','VA','ATLANTIC','VIRGINIA'),
('23410','MELFA','MELFA','VA','ATLANTIC','VIRGINIA'),
('23412','NELSONIA','NELSONIA','VA','ATLANTIC','VIRGINIA'),
('23413','NASSAWADOX','NASSAWADOX','VA','ATLANTIC','VIRGINIA'),
('23414','NELSONIA','NELSONIA','VA','ATLANTIC','VIRGINIA'),
('23415','NEW CHURCH','NEW CHURCH','VA','ATLANTIC','VIRGINIA'),
('23416','OAK HALL','OAK HALL','VA','ATLANTIC','VIRGINIA'),
('23417','ONANCOCK','ONANCOCK','VA','ATLANTIC','VIRGINIA'),
('23418','ONLEY','ONLEY','VA','ATLANTIC','VIRGINIA'),
('23420','PAINTER','PAINTER','VA','ATLANTIC','VIRGINIA'),
('23421','PARKSLEY','PARKSLEY','VA','ATLANTIC','VIRGINIA'),
('23422','PUNGOTEAGUE','PUNGOTEAGUE','VA','ATLANTIC','VIRGINIA'),
('23423','QUINBY','QUINBY','VA','ATLANTIC','VIRGINIA'),
('23424','RESCUE','RESCUE','VA','ATLANTIC','VIRGINIA'),
('23426','BLOXOM','BLOXOM','VA','ATLANTIC','VIRGINIA'),
('23426','OAK HALL','OAK HALL','VA','ATLANTIC','VIRGINIA'),
('23427','SAXIS','SAXIS','VA','ATLANTIC','VIRGINIA'),
('23430','SMITHFIELD','SMITHFIELD','VA','ATLANTIC','VIRGINIA');

