INSERT INTO us_locations (zip_code, locale_name, city, state, area_name, district_name) VALUES
('21060','GLEN BURNIE','GLEN BURNIE','MD','ATLANTIC','MARYLAND'),
('21061','GLEN BURNIE','GLEN BURNIE','MD','ATLANTIC','MARYLAND'),
('21071','GLYNDON','GLYNDON','MD','ATLANTIC','MARYLAND'),
('21074','HAMPSTEAD','HAMPSTEAD','MD','ATLANTIC','MARYLAND'),
('21075','ELKRIDGE','ELKRIDGE','MD','ATLANTIC','MARYLAND'),
('21076','ELKRIDGE','ELKRIDGE','MD','ATLANTIC','MARYLAND'),
('21076','HANOVER','HANOVER','MD','ATLANTIC','MARYLAND'),
('21077','ELKRIDGE','ELKRIDGE','MD','ATLANTIC','MARYLAND'),
('21078','HAVRE DE GRACE','HAVRE DE GRACE','MD','ATLANTIC','MARYLAND'),
('21082','BALDWIN','BALDWIN','MD','ATLANTIC','MARYLAND'),
('21082','HYDES','HYDES','MD','ATLANTIC','MARYLAND'),
('21084','JARRETTSVILLE','JARRETTSVILLE','MD','ATLANTIC','MARYLAND'),
('21085','JOPPA','JOPPA','MD','ATLANTIC','MARYLAND'),
('21087','KINGSVILLE','KINGSVILLE','MD','ATLANTIC','MARYLAND'),
('21090','LINTHICUM HEIGHTS','LINTHICUM HEIGHTS','MD','ATLANTIC','MARYLAND'),
('21093','LUTHERVILLE TIMONIUM','LUTHERVILLE TIMONIUM','MD','ATLANTIC','MARYLAND'),
('21094','LUTHERVILLE TIMONIUM','LUTHERVILLE TIMONIUM','MD','ATLANTIC','MARYLAND'),
('21102','MANCHESTER','MANCHESTER','MD','ATLANTIC','MARYLAND'),
('21104','RANDALLSTOWN','RANDALLSTOWN','MD','ATLANTIC','MARYLAND'),
('21105','MARYLAND LINE','MARYLAND LINE','MD','ATLANTIC','MARYLAND'),
('21106','MAYO','MAYO','MD','ATLANTIC','MARYLAND'),
('21108','MILLERSVILLE','MILLERSVILLE','MD','ATLANTIC','MARYLAND'),
('21111','MONKTON','MONKTON','MD','ATLANTIC','MARYLAND'),
('21113','MILLERSVILLE','MILLERSVILLE','MD','ATLANTIC','MARYLAND'),
('21113','ODENTON','ODENTON','MD','ATLANTIC','MARYLAND'),
('21114','CROFTON','CROFTON','MD','ATLANTIC','MARYLAND'),
('21117','OWINGS MILLS','OWINGS MILLS','MD','ATLANTIC','MARYLAND'),
('21120','PARKTON','PARKTON','MD','ATLANTIC','MARYLAND'),
('21122','SEVERNA PARK MD S&DC','SEVERNA PARK','MD','ATLANTIC','MARYLAND'),
('21123','PASADENA','PASADENA','MD','ATLANTIC','MARYLAND'),
('21128','NOTTINGHAM','NOTTINGHAM','MD','ATLANTIC','MARYLAND'),
('21128','PERRY HALL','PERRY HALL','MD','ATLANTIC','MARYLAND'),
('21130','PERRYMAN','PERRYMAN','MD','ATLANTIC','MARYLAND'),
('21131','PHOENIX','PHOENIX','MD','ATLANTIC','MARYLAND'),
('21132','PYLESVILLE','PYLESVILLE','MD','ATLANTIC','MARYLAND'),
('21132','STREET','STREET','MD','ATLANTIC','MARYLAND'),
('21133','RANDALLSTOWN','RANDALLSTOWN','MD','ATLANTIC','MARYLAND'),
('21136','REISTERSTOWN','REISTERSTOWN','MD','ATLANTIC','MARYLAND'),
('21139','RIDERWOOD','RIDERWOOD','MD','ATLANTIC','MARYLAND'),
('21140','EDGEWATER','EDGEWATER','MD','ATLANTIC','MARYLAND'),
('21140','RIVA','RIVA','MD','ATLANTIC','MARYLAND'),
('21144','SEVERN','SEVERN','MD','ATLANTIC','MARYLAND'),
('21144','SEVERNA PARK MD S&DC','SEVERNA PARK','MD','ATLANTIC','MARYLAND'),
('21146','SEVERNA PARK MD S&DC','SEVERNA PARK','MD','ATLANTIC','MARYLAND'),
('21150','SIMPSONVILLE','SIMPSONVILLE','MD','ATLANTIC','MARYLAND'),
('21152','SPARKS GLENCOE','SPARKS GLENCOE','MD','ATLANTIC','MARYLAND'),
('21153','STEVENSON','STEVENSON','MD','ATLANTIC','MARYLAND'),
('21154','STREET','STREET','MD','ATLANTIC','MARYLAND'),
('21155','HAMPSTEAD','HAMPSTEAD','MD','ATLANTIC','MARYLAND'),
('21155','UPPERCO','UPPERCO','MD','ATLANTIC','MARYLAND');

INSERT INTO us_locations (zip_code, locale_name, city, state, area_name, district_name) VALUES
('21156','UPPER FALLS','UPPER FALLS','MD','ATLANTIC','MARYLAND'),
('21157','WESTMINSTER','WESTMINSTER','MD','ATLANTIC','MARYLAND'),
('21158','WESTMINSTER','WESTMINSTER','MD','ATLANTIC','MARYLAND'),
('21160','STREET','STREET','MD','ATLANTIC','MARYLAND'),
('21160','WHITEFORD','WHITEFORD','MD','ATLANTIC','MARYLAND'),
('21161','WHITE HALL','WHITE HALL','MD','ATLANTIC','MARYLAND'),
('21162','NOTTINGHAM','NOTTINGHAM','MD','ATLANTIC','MARYLAND'),
('21162','WHITE MARSH','WHITE MARSH','MD','ATLANTIC','MARYLAND'),
('21163','RANDALLSTOWN','RANDALLSTOWN','MD','ATLANTIC','MARYLAND'),
('21163','WOODSTOCK','WOODSTOCK','MD','ATLANTIC','MARYLAND'),
('21201','BALTIMORE MD E LEXINGTON SDC','BALTIMORE','MD','ATLANTIC','MARYLAND'),
('21202','BALTIMORE MD E LEXINGTON SDC','BALTIMORE','MD','ATLANTIC','MARYLAND'),
('21203','BALTIMORE','BALTIMORE','MD','ATLANTIC','MARYLAND'),
('21204','LOCH RAVEN','TOWSON','MD','ATLANTIC','MARYLAND'),
('21205','CLIFTON EAST END','BALTIMORE','MD','ATLANTIC','MARYLAND'),
('21206','RASPEBURG','BALTIMORE','MD','ATLANTIC','MARYLAND'),
('21207','GWYNN OAK','GWYNN OAK','MD','ATLANTIC','MARYLAND'),
('21208','PIKESVILLE CARRIER ANNEX','PIKESVILLE','MD','ATLANTIC','MARYLAND'),
('21209','MOUNT WASHINGTON','BALTIMORE','MD','ATLANTIC','MARYLAND'),
('21210','HAMPDEN ROLAND PARK','BALTIMORE','MD','ATLANTIC','MARYLAND'),
('21210','ROLAND PARK','BALTIMORE','MD','ATLANTIC','MARYLAND'),
('21211','HAMPDEN ROLAND PARK','BALTIMORE','MD','ATLANTIC','MARYLAND'),
('21212','GOVANS','BALTIMORE','MD','ATLANTIC','MARYLAND'),
('21213','CLIFTON EAST END','BALTIMORE','MD','ATLANTIC','MARYLAND'),
('21214','HAMILTON','BALTIMORE','MD','ATLANTIC','MARYLAND'),
('21215','ARLINGTON','BALTIMORE','MD','ATLANTIC','MARYLAND'),
('21216','WALBROOK','BALTIMORE','MD','ATLANTIC','MARYLAND'),
('21217','DRUID','BALTIMORE','MD','ATLANTIC','MARYLAND'),
('21218','WAVERLY','BALTIMORE','MD','ATLANTIC','MARYLAND'),
('21219','DUNDALK SPARROWS POINT','DUNDALK','MD','ATLANTIC','MARYLAND'),
('21220','MIDDLE RIVER','MIDDLE RIVER','MD','ATLANTIC','MARYLAND'),
('21221','ESSEX','ESSEX','MD','ATLANTIC','MARYLAND'),
('21222','DUNDALK SPARROWS POINT','DUNDALK','MD','ATLANTIC','MARYLAND'),
('21223','FRANKLIN','BALTIMORE','MD','ATLANTIC','MARYLAND'),
('21224','HIGHLANDTOWN','BALTIMORE','MD','ATLANTIC','MARYLAND'),
('21225','BROOKLYN CURTIS BAY','BROOKLYN','MD','ATLANTIC','MARYLAND'),
('21225','BROOKLYN SOUTH','BROOKLYN','MD','ATLANTIC','MARYLAND'),
('21226','BROOKLYN SOUTH','BROOKLYN','MD','ATLANTIC','MARYLAND'),
('21227','HALETHORPE','HALETHORPE','MD','ATLANTIC','MARYLAND'),
('21228','CATONSVILLE','CATONSVILLE','MD','ATLANTIC','MARYLAND'),
('21228','CATONSVILLE CARRIER ANNEX','CATONSVILLE','MD','ATLANTIC','MARYLAND'),
('21229','BALTIMORE MD E LEXINGTON SDC','BALTIMORE','MD','ATLANTIC','MARYLAND'),
('21229','CARROLL','BALTIMORE','MD','ATLANTIC','MARYLAND'),
('21230','BROOKLYN SOUTH','BROOKLYN','MD','ATLANTIC','MARYLAND'),
('21230','SOUTH','BALTIMORE','MD','ATLANTIC','MARYLAND'),
('21231','BALTIMORE MD E LEXINGTON SDC','BALTIMORE','MD','ATLANTIC','MARYLAND'),
('21231','FELLS POINT','BALTIMORE','MD','ATLANTIC','MARYLAND'),
('21234','PARKVILLE','PARKVILLE','MD','ATLANTIC','MARYLAND'),
('21236','NOTTINGHAM','NOTTINGHAM','MD','ATLANTIC','MARYLAND'),
('21237','ROSEDALE','ROSEDALE','MD','ATLANTIC','MARYLAND');

INSERT INTO us_locations (zip_code, locale_name, city, state, area_name, district_name) VALUES
('21239','NORTHWOOD','BALTIMORE','MD','ATLANTIC','MARYLAND'),
('21240','MILLERSVILLE','MILLERSVILLE','MD','ATLANTIC','MARYLAND'),
('21244','WINDSOR MILL','WINDSOR MILL','MD','ATLANTIC','MARYLAND'),
('21270','ARLINGTON','BALTIMORE','MD','ATLANTIC','MARYLAND'),
('21281','SOUTHEAST','BALTIMORE','MD','ATLANTIC','MARYLAND'),
('21282','PIKESVILLE','PIKESVILLE','MD','ATLANTIC','MARYLAND'),
('21284','LOCH RAVEN','TOWSON','MD','ATLANTIC','MARYLAND'),
('21285','TOWSON','TOWSON','MD','ATLANTIC','MARYLAND'),
('21286','LOCH RAVEN','TOWSON','MD','ATLANTIC','MARYLAND'),
('21286','TOWSON TOWN CENTER','TOWSON','MD','ATLANTIC','MARYLAND'),
('21297','BALTIMORE','BALTIMORE','MD','ATLANTIC','MARYLAND'),
('21401','ANNAPOLIS MD S&DC','ANNAPOLIS','MD','ATLANTIC','MARYLAND'),
('21401','LEGION AVENUE','ANNAPOLIS','MD','ATLANTIC','MARYLAND'),
('21402','ANNAPOLIS MD S&DC','ANNAPOLIS','MD','ATLANTIC','MARYLAND'),
('21403','ANNAPOLIS MD S&DC','ANNAPOLIS','MD','ATLANTIC','MARYLAND'),
('21403','EASTPORT','ANNAPOLIS','MD','ATLANTIC','MARYLAND'),
('21404','ANNAPOLIS','ANNAPOLIS','MD','ATLANTIC','MARYLAND'),
('21409','ANNAPOLIS MD S&DC','ANNAPOLIS','MD','ATLANTIC','MARYLAND'),
('21412','NAVAL ACADEMY','ANNAPOLIS','MD','ATLANTIC','MARYLAND'),
('21501','CUMBERLAND','CUMBERLAND','MD','ATLANTIC','MARYLAND'),
('21502','CUMBERLAND','CUMBERLAND','MD','ATLANTIC','MARYLAND'),
('21503','STATION A','CUMBERLAND','MD','ATLANTIC','MARYLAND'),
('21504','LAVALE','CUMBERLAND','MD','ATLANTIC','MARYLAND'),
('21505','CRESAPTOWN','CUMBERLAND','MD','ATLANTIC','MARYLAND'),
('21520','ACCIDENT','ACCIDENT','MD','ATLANTIC','MARYLAND'),
('21521','BARTON','BARTON','MD','ATLANTIC','MARYLAND'),
('21523','BLOOMINGTON','BLOOMINGTON','MD','ATLANTIC','MARYLAND'),
('21523','SWANTON','SWANTON','MD','ATLANTIC','MARYLAND'),
('21524','CORRIGANVILLE','CORRIGANVILLE','MD','ATLANTIC','MARYLAND'),
('21528','ECKHART MINES','ECKHART MINES','MD','ATLANTIC','MARYLAND'),
('21529','ELLERSLIE','ELLERSLIE','MD','ATLANTIC','MARYLAND'),
('21530','FLINTSTONE','FLINTSTONE','MD','ATLANTIC','MARYLAND'),
('21531','ACCIDENT','ACCIDENT','MD','ATLANTIC','MARYLAND'),
('21531','FRIENDSVILLE','FRIENDSVILLE','MD','ATLANTIC','MARYLAND'),
('21532','FROSTBURG','FROSTBURG','MD','ATLANTIC','MARYLAND'),
('21536','GRANTSVILLE','GRANTSVILLE','MD','ATLANTIC','MARYLAND'),
('21538','KITZMILLER','KITZMILLER','MD','ATLANTIC','MARYLAND'),
('21539','LONACONING','LONACONING','MD','ATLANTIC','MARYLAND'),
('21540','WESTERNPORT','WESTERNPORT','MD','ATLANTIC','MARYLAND'),
('21541','MC HENRY','MC HENRY','MD','ATLANTIC','MARYLAND'),
('21543','MIDLOTHIAN','MIDLOTHIAN','MD','ATLANTIC','MARYLAND'),
('21545','FROSTBURG','FROSTBURG','MD','ATLANTIC','MARYLAND'),
('21545','MOUNT SAVAGE','MOUNT SAVAGE','MD','ATLANTIC','MARYLAND'),
('21550','MOUNTAIN LAKE PARK','OAKLAND','MD','ATLANTIC','MARYLAND'),
('21550','OAKLAND','OAKLAND','MD','ATLANTIC','MARYLAND'),
('21555','OLDTOWN','OLDTOWN','MD','ATLANTIC','MARYLAND'),
('21556','PINTO','PINTO','MD','ATLANTIC','MARYLAND'),
('21557','RAWLINGS','RAWLINGS','MD','ATLANTIC','MARYLAND'),
('21560','SPRING GAP','SPRING GAP','MD','ATLANTIC','MARYLAND'),
('21561','SWANTON','SWANTON','MD','ATLANTIC','MARYLAND');

INSERT INTO us_locations (zip_code, locale_name, city, state, area_name, district_name) VALUES
('21562','WESTERNPORT','WESTERNPORT','MD','ATLANTIC','MARYLAND'),
('21601','EASTON','EASTON','MD','ATLANTIC','MARYLAND'),
('21607','BARCLAY','BARCLAY','MD','ATLANTIC','MARYLAND'),
('21607','CHURCH HILL','CHURCH HILL','MD','ATLANTIC','MARYLAND'),
('21609','BETHLEHEM','BETHLEHEM','MD','ATLANTIC','MARYLAND'),
('21610','BETTERTON','BETTERTON','MD','ATLANTIC','MARYLAND'),
('21610','WORTON','WORTON','MD','ATLANTIC','MARYLAND'),
('21612','BOZMAN','BOZMAN','MD','ATLANTIC','MARYLAND'),
('21613','CAMBRIDGE','CAMBRIDGE','MD','ATLANTIC','MARYLAND'),
('21617','CENTREVILLE','CENTREVILLE','MD','ATLANTIC','MARYLAND'),
('21619','CHESTER','CHESTER','MD','ATLANTIC','MARYLAND'),
('21619','STEVENSVILLE','STEVENSVILLE','MD','ATLANTIC','MARYLAND'),
('21620','CHESTERTOWN','CHESTERTOWN','MD','ATLANTIC','MARYLAND'),
('21622','CHURCH CREEK','CHURCH CREEK','MD','ATLANTIC','MARYLAND'),
('21623','CHURCH HILL','CHURCH HILL','MD','ATLANTIC','MARYLAND'),
('21624','SAINT MICHAELS','SAINT MICHAELS','MD','ATLANTIC','MARYLAND'),
('21625','CORDOVA','CORDOVA','MD','ATLANTIC','MARYLAND'),
('21625','EASTON','EASTON','MD','ATLANTIC','MARYLAND'),
('21626','CAMBRIDGE','CAMBRIDGE','MD','ATLANTIC','MARYLAND'),
('21627','CAMBRIDGE','CAMBRIDGE','MD','ATLANTIC','MARYLAND'),
('21628','CRUMPTON','CRUMPTON','MD','ATLANTIC','MARYLAND'),
('21629','DENTON','DENTON','MD','ATLANTIC','MARYLAND'),
('21631','EAST NEW MARKET','EAST NEW MARKET','MD','ATLANTIC','MARYLAND'),
('21631','HURLOCK','HURLOCK','MD','ATLANTIC','MARYLAND'),
('21632','FEDERALSBURG','FEDERALSBURG','MD','ATLANTIC','MARYLAND'),
('21634','FISHING CREEK','FISHING CREEK','MD','ATLANTIC','MARYLAND'),
('21635','GALENA','GALENA','MD','ATLANTIC','MARYLAND'),
('21636','GOLDSBORO','GOLDSBORO','MD','ATLANTIC','MARYLAND'),
('21638','GRASONVILLE','GRASONVILLE','MD','ATLANTIC','MARYLAND'),
('21639','GREENSBORO','GREENSBORO','MD','ATLANTIC','MARYLAND'),
('21639','RIDGELY','RIDGELY','MD','ATLANTIC','MARYLAND'),
('21640','GOLDSBORO','GOLDSBORO','MD','ATLANTIC','MARYLAND'),
('21640','HENDERSON','HENDERSON','MD','ATLANTIC','MARYLAND'),
('21641','HILLSBORO','HILLSBORO','MD','ATLANTIC','MARYLAND'),
('21643','HURLOCK','HURLOCK','MD','ATLANTIC','MARYLAND'),
('21644','CHURCH HILL','CHURCH HILL','MD','ATLANTIC','MARYLAND'),
('21644','INGLESIDE','INGLESIDE','MD','ATLANTIC','MARYLAND'),
('21645','KENNEDYVILLE','KENNEDYVILLE','MD','ATLANTIC','MARYLAND'),
('21647','SAINT MICHAELS','SAINT MICHAELS','MD','ATLANTIC','MARYLAND'),
('21647','WITTMAN','WITTMAN','MD','ATLANTIC','MARYLAND'),
('21648','WOOLFORD','WOOLFORD','MD','ATLANTIC','MARYLAND'),
('21649','MARYDEL','MARYDEL','MD','ATLANTIC','MARYLAND'),
('21650','GALENA','GALENA','MD','ATLANTIC','MARYLAND'),
('21651','MILLINGTON','MILLINGTON','MD','ATLANTIC','MARYLAND'),
('21652','BOZMAN','BOZMAN','MD','ATLANTIC','MARYLAND'),
('21653','NEWCOMB','NEWCOMB','MD','ATLANTIC','MARYLAND'),
('21654','EASTON','EASTON','MD','ATLANTIC','MARYLAND'),
('21655','PRESTON','PRESTON','MD','ATLANTIC','MARYLAND'),
('21657','QUEEN ANNE','QUEEN ANNE','MD','ATLANTIC','MARYLAND'),
('21657','RIDGELY','RIDGELY','MD','ATLANTIC','MARYLAND');

INSERT INTO us_locations (zip_code, locale_name, city, state, area_name, district_name) VALUES
('21658','QUEENSTOWN','QUEENSTOWN','MD','ATLANTIC','MARYLAND'),
('21659','HURLOCK','HURLOCK','MD','ATLANTIC','MARYLAND'),
('21659','RHODESDALE','RHODESDALE','MD','ATLANTIC','MARYLAND'),
('21660','RIDGELY','RIDGELY','MD','ATLANTIC','MARYLAND'),
('21661','ROCK HALL','ROCK HALL','MD','ATLANTIC','MARYLAND'),
('21662','ROYAL OAK','ROYAL OAK','MD','ATLANTIC','MARYLAND'),
('21663','SAINT MICHAELS','SAINT MICHAELS','MD','ATLANTIC','MARYLAND'),
('21664','SECRETARY','SECRETARY','MD','ATLANTIC','MARYLAND'),
('21665','WITTMAN','WITTMAN','MD','ATLANTIC','MARYLAND'),
('21666','STEVENSVILLE','STEVENSVILLE','MD','ATLANTIC','MARYLAND'),
('21667','WORTON','WORTON','MD','ATLANTIC','MARYLAND'),
('21668','SUDLERSVILLE','SUDLERSVILLE','MD','ATLANTIC','MARYLAND'),
('21669','TAYLORS ISLAND','TAYLORS ISLAND','MD','ATLANTIC','MARYLAND'),
('21670','TEMPLEVILLE','TEMPLEVILLE','MD','ATLANTIC','MARYLAND'),
('21671','TILGHMAN','TILGHMAN','MD','ATLANTIC','MARYLAND'),
('21672','CAMBRIDGE','CAMBRIDGE','MD','ATLANTIC','MARYLAND'),
('21673','CAMBRIDGE','CAMBRIDGE','MD','ATLANTIC','MARYLAND'),
('21673','TRAPPE','TRAPPE','MD','ATLANTIC','MARYLAND'),
('21675','CAMBRIDGE','CAMBRIDGE','MD','ATLANTIC','MARYLAND'),
('21676','WITTMAN','WITTMAN','MD','ATLANTIC','MARYLAND'),
('21677','WOOLFORD','WOOLFORD','MD','ATLANTIC','MARYLAND'),
('21678','WORTON','WORTON','MD','ATLANTIC','MARYLAND'),
('21679','CENTREVILLE','CENTREVILLE','MD','ATLANTIC','MARYLAND'),
('21679','WYE MILLS','WYE MILLS','MD','ATLANTIC','MARYLAND'),
('21701','FREDERICK','FREDERICK','MD','ATLANTIC','MARYLAND'),
('21702','COLLEGE ESTATES','FREDERICK','MD','ATLANTIC','MARYLAND'),
('21702','FREDERICK','FREDERICK','MD','ATLANTIC','MARYLAND'),
('21703','FREDERICK','FREDERICK','MD','ATLANTIC','MARYLAND'),
('21704','FREDERICK','FREDERICK','MD','ATLANTIC','MARYLAND'),
('21705','FREDERICK','FREDERICK','MD','ATLANTIC','MARYLAND'),
('21710','ADAMSTOWN','ADAMSTOWN','MD','ATLANTIC','MARYLAND'),
('21711','BIG POOL','BIG POOL','MD','ATLANTIC','MARYLAND'),
('21711','CLEAR SPRING','CLEAR SPRING','MD','ATLANTIC','MARYLAND'),
('21713','BOONSBORO','BOONSBORO','MD','ATLANTIC','MARYLAND'),
('21714','BRADDOCK HEIGHTS','BRADDOCK HEIGHTS','MD','ATLANTIC','MARYLAND'),
('21715','BRUNSWICK','BRUNSWICK','MD','ATLANTIC','MARYLAND'),
('21716','BRUNSWICK','BRUNSWICK','MD','ATLANTIC','MARYLAND'),
('21717','BUCKEYSTOWN','BUCKEYSTOWN','MD','ATLANTIC','MARYLAND'),
('21718','BURKITTSVILLE','BURKITTSVILLE','MD','ATLANTIC','MARYLAND'),
('21718','JEFFERSON','JEFFERSON','MD','ATLANTIC','MARYLAND'),
('21719','CASCADE','CASCADE','MD','ATLANTIC','MARYLAND'),
('21719','SABILLASVILLE','SABILLASVILLE','MD','ATLANTIC','MARYLAND'),
('21720','CAVETOWN','CAVETOWN','MD','ATLANTIC','MARYLAND'),
('21721','CHEWSVILLE','CHEWSVILLE','MD','ATLANTIC','MARYLAND'),
('21722','CLEAR SPRING','CLEAR SPRING','MD','ATLANTIC','MARYLAND'),
('21723','WOODBINE','WOODBINE','MD','ATLANTIC','MARYLAND'),
('21727','EMMITSBURG','EMMITSBURG','MD','ATLANTIC','MARYLAND'),
('21733','FAIRPLAY','FAIRPLAY','MD','ATLANTIC','MARYLAND'),
('21733','WILLIAMSPORT','WILLIAMSPORT','MD','ATLANTIC','MARYLAND'),
('21734','FUNKSTOWN','FUNKSTOWN','MD','ATLANTIC','MARYLAND');

INSERT INTO us_locations (zip_code, locale_name, city, state, area_name, district_name) VALUES
('21737','GLENELG','GLENELG','MD','ATLANTIC','MARYLAND'),
('21737','GLENWOOD','GLENWOOD','MD','ATLANTIC','MARYLAND'),
('21738','GLENWOOD','GLENWOOD','MD','ATLANTIC','MARYLAND'),
('21740','HAGERSTOWN','HAGERSTOWN','MD','ATLANTIC','MARYLAND'),
('21741','HAGERSTOWN','HAGERSTOWN','MD','ATLANTIC','MARYLAND'),
('21742','NORTHERN','HAGERSTOWN','MD','ATLANTIC','MARYLAND'),
('21747','HAGERSTOWN','HAGERSTOWN','MD','ATLANTIC','MARYLAND'),
('21750','HANCOCK','HANCOCK','MD','ATLANTIC','MARYLAND'),
('21754','NEW MARKET','NEW MARKET','MD','ATLANTIC','MARYLAND'),
('21755','JEFFERSON','JEFFERSON','MD','ATLANTIC','MARYLAND'),
('21756','KEEDYSVILLE','KEEDYSVILLE','MD','ATLANTIC','MARYLAND'),
('21757','KEYMAR','KEYMAR','MD','ATLANTIC','MARYLAND'),
('21757','UNION BRIDGE','UNION BRIDGE','MD','ATLANTIC','MARYLAND'),
('21758','BRUNSWICK','BRUNSWICK','MD','ATLANTIC','MARYLAND'),
('21762','LIBERTYTOWN','LIBERTYTOWN','MD','ATLANTIC','MARYLAND'),
('21765','LISBON','LISBON','MD','ATLANTIC','MARYLAND'),
('21766','HANCOCK','HANCOCK','MD','ATLANTIC','MARYLAND'),
('21767','MAUGANSVILLE','MAUGANSVILLE','MD','ATLANTIC','MARYLAND'),
('21767','NORTHERN','HAGERSTOWN','MD','ATLANTIC','MARYLAND'),
('21769','MIDDLETOWN','MIDDLETOWN','MD','ATLANTIC','MARYLAND'),
('21770','MONROVIA','MONROVIA','MD','ATLANTIC','MARYLAND'),
('21771','MOUNT AIRY','MOUNT AIRY','MD','ATLANTIC','MARYLAND'),
('21773','MYERSVILLE','MYERSVILLE','MD','ATLANTIC','MARYLAND'),
('21774','NEW MARKET','NEW MARKET','MD','ATLANTIC','MARYLAND'),
('21775','NEW MIDWAY','NEW MIDWAY','MD','ATLANTIC','MARYLAND'),
('21776','NEW WINDSOR','NEW WINDSOR','MD','ATLANTIC','MARYLAND'),
('21776','UNION BRIDGE CARRIERS','NEW WINDSOR','MD','ATLANTIC','MARYLAND'),
('21777','POINT OF ROCKS','POINT OF ROCKS','MD','ATLANTIC','MARYLAND'),
('21778','ROCKY RIDGE','ROCKY RIDGE','MD','ATLANTIC','MARYLAND'),
('21778','THURMONT','THURMONT','MD','ATLANTIC','MARYLAND'),
('21779','BOONSBORO','BOONSBORO','MD','ATLANTIC','MARYLAND'),
('21780','SABILLASVILLE','SABILLASVILLE','MD','ATLANTIC','MARYLAND'),
('21782','SHARPSBURG','SHARPSBURG','MD','ATLANTIC','MARYLAND'),
('21783','SMITHSBURG','SMITHSBURG','MD','ATLANTIC','MARYLAND'),
('21784','SYKESVILLE','SYKESVILLE','MD','ATLANTIC','MARYLAND'),
('21787','TANEYTOWN','TANEYTOWN','MD','ATLANTIC','MARYLAND'),
('21788','THURMONT','THURMONT','MD','ATLANTIC','MARYLAND'),
('21790','POINT OF ROCKS','POINT OF ROCKS','MD','ATLANTIC','MARYLAND'),
('21791','UNION BRIDGE','UNION BRIDGE','MD','ATLANTIC','MARYLAND'),
('21793','WALKERSVILLE','WALKERSVILLE','MD','ATLANTIC','MARYLAND'),
('21794','SYKESVILLE','SYKESVILLE','MD','ATLANTIC','MARYLAND'),
('21794','WEST FRIENDSHIP','WEST FRIENDSHIP','MD','ATLANTIC','MARYLAND'),
('21795','WILLIAMSPORT','WILLIAMSPORT','MD','ATLANTIC','MARYLAND'),
('21797','WOODBINE','WOODBINE','MD','ATLANTIC','MARYLAND'),
('21798','WOODSBORO','WOODSBORO','MD','ATLANTIC','MARYLAND'),
('21801','SALISBURY','SALISBURY','MD','ATLANTIC','MARYLAND'),
('21802','ROUTE 13','SALISBURY','MD','ATLANTIC','MARYLAND'),
('21802','SALISBURY','SALISBURY','MD','ATLANTIC','MARYLAND'),
('21803','MAIN STREET','SALISBURY','MD','ATLANTIC','MARYLAND'),
('21804','SALISBURY','SALISBURY','MD','ATLANTIC','MARYLAND');

INSERT INTO us_locations (zip_code, locale_name, city, state, area_name, district_name) VALUES
('21810','ALLEN','ALLEN','MD','ATLANTIC','MARYLAND'),
('21811','BERLIN','BERLIN','MD','ATLANTIC','MARYLAND'),
('21811','OCEAN PINES','BERLIN','MD','ATLANTIC','MARYLAND'),
('21813','BISHOPVILLE','BISHOPVILLE','MD','ATLANTIC','MARYLAND'),
('21813','OCEAN PINES','BERLIN','MD','ATLANTIC','MARYLAND'),
('21814','BIVALVE','BIVALVE','MD','ATLANTIC','MARYLAND'),
('21814','NANTICOKE','NANTICOKE','MD','ATLANTIC','MARYLAND'),
('21817','CRISFIELD','CRISFIELD','MD','ATLANTIC','MARYLAND'),
('21821','DEAL ISLAND','DEAL ISLAND','MD','ATLANTIC','MARYLAND'),
('21821','PRINCESS ANNE','PRINCESS ANNE','MD','ATLANTIC','MARYLAND'),
('21822','EDEN','EDEN','MD','ATLANTIC','MARYLAND'),
('21822','SALISBURY','SALISBURY','MD','ATLANTIC','MARYLAND'),
('21824','EWELL','EWELL','MD','ATLANTIC','MARYLAND'),
('21826','FRUITLAND','FRUITLAND','MD','ATLANTIC','MARYLAND'),
('21826','SALISBURY','SALISBURY','MD','ATLANTIC','MARYLAND'),
('21829','GIRDLETREE','GIRDLETREE','MD','ATLANTIC','MARYLAND'),
('21829','SNOW HILL','SNOW HILL','MD','ATLANTIC','MARYLAND'),
('21830','HEBRON','HEBRON','MD','ATLANTIC','MARYLAND'),
('21830','SALISBURY','SALISBURY','MD','ATLANTIC','MARYLAND'),
('21835','LINKWOOD','LINKWOOD','MD','ATLANTIC','MARYLAND'),
('21835','MARDELA SPRINGS','MARDELA SPRINGS','MD','ATLANTIC','MARYLAND'),
('21836','WESTOVER','WESTOVER','MD','ATLANTIC','MARYLAND'),
('21837','MARDELA SPRINGS','MARDELA SPRINGS','MD','ATLANTIC','MARYLAND'),
('21838','CRISFIELD','CRISFIELD','MD','ATLANTIC','MARYLAND'),
('21838','MARION STATION','MARION STATION','MD','ATLANTIC','MARYLAND'),
('21840','NANTICOKE','NANTICOKE','MD','ATLANTIC','MARYLAND'),
('21841','NEWARK','NEWARK','MD','ATLANTIC','MARYLAND'),
('21841','SNOW HILL','SNOW HILL','MD','ATLANTIC','MARYLAND'),
('21842','OCEAN CITY','OCEAN CITY','MD','ATLANTIC','MARYLAND'),
('21843','OCEAN CITY','OCEAN CITY','MD','ATLANTIC','MARYLAND'),
('21843','OCEAN CITY FINANCE','OCEAN CITY','MD','ATLANTIC','MARYLAND'),
('21849','PARSONSBURG','PARSONSBURG','MD','ATLANTIC','MARYLAND'),
('21850','PITTSVILLE','PITTSVILLE','MD','ATLANTIC','MARYLAND'),
('21850','WILLARDS','WILLARDS','MD','ATLANTIC','MARYLAND'),
('21851','POCOMOKE CITY','POCOMOKE CITY','MD','ATLANTIC','MARYLAND'),
('21853','PRINCESS ANNE','PRINCESS ANNE','MD','ATLANTIC','MARYLAND'),
('21856','QUANTICO','QUANTICO','MD','ATLANTIC','MARYLAND'),
('21856','SALISBURY','SALISBURY','MD','ATLANTIC','MARYLAND'),
('21861','SHARPTOWN','SHARPTOWN','MD','ATLANTIC','MARYLAND'),
('21862','OCEAN PINES','BERLIN','MD','ATLANTIC','MARYLAND'),
('21863','SNOW HILL','SNOW HILL','MD','ATLANTIC','MARYLAND'),
('21864','GIRDLETREE','GIRDLETREE','MD','ATLANTIC','MARYLAND'),
('21865','SALISBURY','SALISBURY','MD','ATLANTIC','MARYLAND'),
('21865','TYASKIN','TYASKIN','MD','ATLANTIC','MARYLAND'),
('21866','TYLERTON','TYLERTON','MD','ATLANTIC','MARYLAND'),
('21867','UPPER FAIRMOUNT','UPPER FAIRMOUNT','MD','ATLANTIC','MARYLAND'),
('21869','MARDELA SPRINGS','MARDELA SPRINGS','MD','ATLANTIC','MARYLAND'),
('21869','VIENNA','VIENNA','MD','ATLANTIC','MARYLAND'),
('21871','PRINCESS ANNE','PRINCESS ANNE','MD','ATLANTIC','MARYLAND'),
('21871','WESTOVER','WESTOVER','MD','ATLANTIC','MARYLAND');

INSERT INTO us_locations (zip_code, locale_name, city, state, area_name, district_name) VALUES
('21872','OCEAN PINES','BERLIN','MD','ATLANTIC','MARYLAND'),
('21872','WHALEYVILLE','WHALEYVILLE','MD','ATLANTIC','MARYLAND'),
('21874','WILLARDS','WILLARDS','MD','ATLANTIC','MARYLAND'),
('21875','LAUREL','LAUREL','DE','ATLANTIC','MARYLAND'),
('21901','NORTH EAST','NORTH EAST','MD','ATLANTIC','MARYLAND'),
('21902','PERRY POINT','PERRY POINT','MD','ATLANTIC','MARYLAND'),
('21903','PERRYVILLE','PERRYVILLE','MD','ATLANTIC','MARYLAND'),
('21904','PORT DEPOSIT','PORT DEPOSIT','MD','ATLANTIC','MARYLAND'),
('21911','RISING SUN','RISING SUN','MD','ATLANTIC','MARYLAND'),
('21912','WARWICK','WARWICK','MD','ATLANTIC','MARYLAND'),
('21913','CECILTON','CECILTON','MD','ATLANTIC','MARYLAND'),
('21914','CHARLESTOWN','CHARLESTOWN','MD','ATLANTIC','MARYLAND'),
('21915','CHESAPEAKE CITY','CHESAPEAKE CITY','MD','ATLANTIC','MARYLAND'),
('21915','ELKTON','ELKTON','MD','ATLANTIC','MARYLAND'),
('21916','CHILDS','CHILDS','MD','ATLANTIC','MARYLAND'),
('21917','COLORA','COLORA','MD','ATLANTIC','MARYLAND'),
('21918','CONOWINGO','CONOWINGO','MD','ATLANTIC','MARYLAND'),
('21919','EARLEVILLE','EARLEVILLE','MD','ATLANTIC','MARYLAND'),
('21920','ELK MILLS','ELK MILLS','MD','ATLANTIC','MARYLAND'),
('21921','ELKTON','ELKTON','MD','ATLANTIC','MARYLAND'),
('21922','ELKTON','ELKTON','MD','ATLANTIC','MARYLAND'),
('21930','GEORGETOWN','GEORGETOWN','MD','ATLANTIC','MARYLAND'),
('22003','ANNANDALE','ANNANDALE','VA','ATLANTIC','VIRGINIA'),
('22009','BURKE','BURKE','VA','ATLANTIC','VIRGINIA'),
('22015','BURKE','BURKE','VA','ATLANTIC','VIRGINIA'),
('22025','WOODBRIDGE VA SDC','WOODBRIDGE','VA','ATLANTIC','VIRGINIA'),
('22026','DUMFRIES','DUMFRIES','VA','ATLANTIC','VIRGINIA'),
('22026','WOODBRIDGE VA SDC','WOODBRIDGE','VA','ATLANTIC','VIRGINIA'),
('22027','DUNN LORING','DUNN LORING','VA','ATLANTIC','VIRGINIA'),
('22027','OAKTON','OAKTON','VA','ATLANTIC','VIRGINIA'),
('22030','FAIRFAX','FAIRFAX','VA','ATLANTIC','VIRGINIA'),
('22031','TURNPIKE','FAIRFAX','VA','ATLANTIC','VIRGINIA'),
('22032','TURNPIKE','FAIRFAX','VA','ATLANTIC','VIRGINIA'),
('22033','CHANTILLY','CHANTILLY','VA','ATLANTIC','VIRGINIA'),
('22035','MERRIFIELD','MERRIFIELD','VA','ATLANTIC','VIRGINIA'),
('22038','FAIRFAX','FAIRFAX','VA','ATLANTIC','VIRGINIA'),
('22039','FAIRFAX','FAIRFAX','VA','ATLANTIC','VIRGINIA'),
('22039','FAIRFAX STATION','FAIRFAX STATION','VA','ATLANTIC','VIRGINIA'),
('22040','FALLS CHURCH FINANCE','FALLS CHURCH','VA','ATLANTIC','VIRGINIA'),
('22041','BAILEYS CROSSROADS','FALLS CHURCH','VA','ATLANTIC','VIRGINIA'),
('22042','FALLS CHURCH 43 ANNEX','FAIRFAX','VA','ATLANTIC','VIRGINIA'),
('22042','MOSBY FINANCE UNIT','FALLS CHURCH','VA','ATLANTIC','VIRGINIA'),
('22043','FALLS CHURCH 43 ANNEX','FAIRFAX','VA','ATLANTIC','VIRGINIA'),
('22044','BAILEYS CROSSROADS','FALLS CHURCH','VA','ATLANTIC','VIRGINIA'),
('22044','SEVEN CORNERS','FALLS CHURCH','VA','ATLANTIC','VIRGINIA'),
('22046','BAILEYS CROSSROADS','FALLS CHURCH','VA','ATLANTIC','VIRGINIA'),
('22060','FORT BELVOIR','FORT BELVOIR','VA','ATLANTIC','VIRGINIA'),
('22060','NORTH POST','FORT BELVOIR','VA','ATLANTIC','VIRGINIA'),
('22066','GREAT FALLS','GREAT FALLS','VA','ATLANTIC','VIRGINIA'),
('22079','LORTON','LORTON','VA','ATLANTIC','VIRGINIA');

INSERT INTO us_locations (zip_code, locale_name, city, state, area_name, district_name) VALUES
('22101','MC LEAN','MC LEAN','VA','ATLANTIC','VIRGINIA'),
('22102','WEST MCLEAN','MC LEAN','VA','ATLANTIC','VIRGINIA'),
('22103','WEST MCLEAN','MC LEAN','VA','ATLANTIC','VIRGINIA'),
('22106','CENTRAL MCLEAN DPOBU','MC LEAN','VA','ATLANTIC','VIRGINIA'),
('22116','MERRIFIELD','MERRIFIELD','VA','ATLANTIC','VIRGINIA'),
('22121','MOUNT VERNON','MOUNT VERNON','VA','ATLANTIC','VIRGINIA'),
('22122','NEWINGTON','NEWINGTON','VA','ATLANTIC','VIRGINIA'),
('22124','OAKTON','OAKTON','VA','ATLANTIC','VIRGINIA'),
('22125','OCCOQUAN','OCCOQUAN','VA','ATLANTIC','VIRGINIA'),
('22134','QUANTICO','QUANTICO','VA','ATLANTIC','VIRGINIA'),
('22134','WOODBRIDGE VA SDC','WOODBRIDGE','VA','ATLANTIC','VIRGINIA'),
('22150','SPRINGFIELD','SPRINGFIELD','VA','ATLANTIC','VIRGINIA'),
('22151','BURKE','BURKE','VA','ATLANTIC','VIRGINIA'),
('22151','NORTH SPRINGFIELD','SPRINGFIELD','VA','ATLANTIC','VIRGINIA'),
('22152','WEST SPRINGFIELD','SPRINGFIELD','VA','ATLANTIC','VIRGINIA'),
('22153','SPRINGFIELD','SPRINGFIELD','VA','ATLANTIC','VIRGINIA'),
('22172','TRIANGLE','TRIANGLE','VA','ATLANTIC','VIRGINIA'),
('22180','VIENNA','VIENNA','VA','ATLANTIC','VIRGINIA'),
('22181','OAKTON','OAKTON','VA','ATLANTIC','VIRGINIA'),
('22182','VIENNA','VIENNA','VA','ATLANTIC','VIRGINIA'),
('22183','TYSONS SELF SERV PO','VIENNA','VA','ATLANTIC','VIRGINIA'),
('22183','VIENNA','VIENNA','VA','ATLANTIC','VIRGINIA'),
('22191','WOODBRIDGE','WOODBRIDGE','VA','ATLANTIC','VIRGINIA'),
('22192','WOODBRIDGE VA SDC','WOODBRIDGE','VA','ATLANTIC','VIRGINIA'),
('22193','WOODBRIDGE VA SDC','WOODBRIDGE','VA','ATLANTIC','VIRGINIA'),
('22194','WOODBRIDGE','WOODBRIDGE','VA','ATLANTIC','VIRGINIA'),
('22195','WOODBRIDGE VA SDC','WOODBRIDGE','VA','ATLANTIC','VIRGINIA'),
('22199','LORTON','LORTON','VA','ATLANTIC','VIRGINIA'),
('22201','ARLINGTON','ARLINGTON','VA','ATLANTIC','VIRGINIA'),
('22202','EADS CARRIER ANNEX','ARLINGTON','VA','ATLANTIC','VIRGINIA'),
('22202','EADS FINANCE','ARLINGTON','VA','ATLANTIC','VIRGINIA'),
('22203','BUCKINGHAM','ARLINGTON','VA','ATLANTIC','VIRGINIA'),
('22203','BUCKINGHAM CARRIER ANNEX','ARLINGTON','VA','ATLANTIC','VIRGINIA'),
('22204','SOUTH','ARLINGTON','VA','ATLANTIC','VIRGINIA'),
('22205','PRESTON KING','ARLINGTON','VA','ATLANTIC','VIRGINIA'),
('22206','SHIRLINGTON','ARLINGTON','VA','ATLANTIC','VIRGINIA'),
('22206','SHIRLINGTON ANNEX','ARLINGTON','VA','ATLANTIC','VIRGINIA'),
('22207','NORTH ARLINGTON','ARLINGTON','VA','ATLANTIC','VIRGINIA'),
('22209','ROSSLYN CARRIER ANNEX','ARLINGTON','VA','ATLANTIC','VIRGINIA'),
('22210','ARLINGTON','ARLINGTON','VA','ATLANTIC','VIRGINIA'),
('22211','ARLINGTON','ARLINGTON','VA','ATLANTIC','VIRGINIA'),
('22211','FORT MYER','FORT MYER','VA','ATLANTIC','VIRGINIA'),
('22213','PRESTON KING','ARLINGTON','VA','ATLANTIC','VIRGINIA'),
('22215','CRYSTAL CITY NEW','ARLINGTON','VA','ATLANTIC','VIRGINIA'),
('22216','COURT HOUSE ARLINGTON','ARLINGTON','VA','ATLANTIC','VIRGINIA'),
('22219','ROSSLYN','ARLINGTON','VA','ATLANTIC','VIRGINIA'),
('22301','ALEXANDRIA','ALEXANDRIA','VA','ATLANTIC','VIRGINIA'),
('22301','POTOMAC','ALEXANDRIA','VA','ATLANTIC','VIRGINIA'),
('22302','PARKFAIRFAX','ALEXANDRIA','VA','ATLANTIC','VIRGINIA'),
('22303','JEFFERSON MANOR','ALEXANDRIA','VA','ATLANTIC','VIRGINIA');

INSERT INTO us_locations (zip_code, locale_name, city, state, area_name, district_name) VALUES
('22304','FRANCONIA','ALEXANDRIA','VA','ATLANTIC','VIRGINIA'),
('22304','TRADE CENTER FINANCE UNIT','ALEXANDRIA','VA','ATLANTIC','VIRGINIA'),
('22305','ALEXANDRIA','ALEXANDRIA','VA','ATLANTIC','VIRGINIA'),
('22306','COMMUNITY NEW','ALEXANDRIA','VA','ATLANTIC','VIRGINIA'),
('22306','ENGLESIDE','ALEXANDRIA','VA','ATLANTIC','VIRGINIA'),
('22307','BELLEVIEW','ALEXANDRIA','VA','ATLANTIC','VIRGINIA'),
('22307','JEFFERSON MANOR','ALEXANDRIA','VA','ATLANTIC','VIRGINIA'),
('22308','ENGLESIDE','ALEXANDRIA','VA','ATLANTIC','VIRGINIA'),
('22309','ENGLESIDE','ALEXANDRIA','VA','ATLANTIC','VIRGINIA'),
('22310','FRANCONIA','ALEXANDRIA','VA','ATLANTIC','VIRGINIA'),
('22310','KINGSTOWNE','ALEXANDRIA','VA','ATLANTIC','VIRGINIA'),
('22311','LINCOLNIA','ALEXANDRIA','VA','ATLANTIC','VIRGINIA'),
('22312','LINCOLNIA','ALEXANDRIA','VA','ATLANTIC','VIRGINIA'),
('22313','ALEXANDRIA','ALEXANDRIA','VA','ATLANTIC','VIRGINIA'),
('22314','MEMORIAL ANNEX','ALEXANDRIA','VA','ATLANTIC','VIRGINIA'),
('22315','KINGSTOWNE','ALEXANDRIA','VA','ATLANTIC','VIRGINIA'),
('22320','GEORGE MASON','ALEXANDRIA','VA','ATLANTIC','VIRGINIA'),
('22401','FREDERICKSBURG','FREDERICKSBURG','VA','ATLANTIC','VIRGINIA'),
('22402','FREDERICKSBURG','FREDERICKSBURG','VA','ATLANTIC','VIRGINIA'),
('22403','CPU EARLS TRUE VALUE','FREDERICKSBURG','VA','ATLANTIC','VIRGINIA'),
('22403','FALMOUTH','FREDERICKSBURG','VA','ATLANTIC','VIRGINIA'),
('22404','FREDERICKSBURG','FREDERICKSBURG','VA','ATLANTIC','VIRGINIA'),
('22404','MALL STATION','FREDERICKSBURG','VA','ATLANTIC','VIRGINIA'),
('22405','FALMOUTH','FREDERICKSBURG','VA','ATLANTIC','VIRGINIA'),
('22406','FALMOUTH','FREDERICKSBURG','VA','ATLANTIC','VIRGINIA'),
('22407','FREDERICKSBURG','FREDERICKSBURG','VA','ATLANTIC','VIRGINIA'),
('22408','FREDERICKSBURG','FREDERICKSBURG','VA','ATLANTIC','VIRGINIA'),
('22427','BOWLING GREEN','BOWLING GREEN','VA','ATLANTIC','VIRGINIA'),
('22430','STAFFORD','STAFFORD','VA','ATLANTIC','VIRGINIA'),
('22432','BURGESS','BURGESS','VA','ATLANTIC','VIRGINIA'),
('22433','LOCUST GROVE','LOCUST GROVE','VA','ATLANTIC','VIRGINIA'),
('22435','CALLAO','CALLAO','VA','ATLANTIC','VIRGINIA'),
('22436','CARET','CARET','VA','ATLANTIC','VIRGINIA'),
('22436','TAPPAHANNOCK','TAPPAHANNOCK','VA','ATLANTIC','VIRGINIA'),
('22437','CENTER CROSS','CENTER CROSS','VA','ATLANTIC','VIRGINIA'),
('22437','TAPPAHANNOCK','TAPPAHANNOCK','VA','ATLANTIC','VIRGINIA'),
('22438','CHAMPLAIN','CHAMPLAIN','VA','ATLANTIC','VIRGINIA'),
('22438','TAPPAHANNOCK','TAPPAHANNOCK','VA','ATLANTIC','VIRGINIA'),
('22442','COLES POINT','HAGUE','VA','ATLANTIC','VIRGINIA'),
('22443','COLONIAL BEACH','COLONIAL BEACH','VA','ATLANTIC','VIRGINIA'),
('22446','CORBIN','CORBIN','VA','ATLANTIC','VIRGINIA'),
('22448','DAHLGREN','DAHLGREN','VA','ATLANTIC','VIRGINIA'),
('22451','DOGUE','DOGUE','VA','ATLANTIC','VIRGINIA'),
('22454','DUNNSVILLE','DUNNSVILLE','VA','ATLANTIC','VIRGINIA'),
('22454','TAPPAHANNOCK','TAPPAHANNOCK','VA','ATLANTIC','VIRGINIA'),
('22456','BURGESS','BURGESS','VA','ATLANTIC','VIRGINIA'),
('22460','FARNHAM','FARNHAM','VA','ATLANTIC','VIRGINIA'),
('22460','WARSAW','WARSAW','VA','ATLANTIC','VIRGINIA'),
('22463','GARRISONVILLE','GARRISONVILLE','VA','ATLANTIC','VIRGINIA'),
('22469','HAGUE','HAGUE','VA','ATLANTIC','VIRGINIA');

