INSERT INTO us_locations (zip_code, locale_name, city, state, area_name, district_name) VALUES
('02766','TAUNTON','TAUNTON','MA','ATLANTIC','MA-RI'),
('02767','RAYNHAM','RAYNHAM','MA','ATLANTIC','MA-RI'),
('02767','TAUNTON','TAUNTON','MA','ATLANTIC','MA-RI'),
('02768','RAYNHAM CENTER','RAYNHAM CENTER','MA','ATLANTIC','MA-RI'),
('02769','REHOBOTH','REHOBOTH','MA','ATLANTIC','MA-RI'),
('02770','ROCHESTER','ROCHESTER','MA','ATLANTIC','MA-RI'),
('02771','SEEKONK','SEEKONK','MA','ATLANTIC','MA-RI'),
('02777','SWANSEA','SWANSEA','MA','ATLANTIC','MA-RI'),
('02779','TAUNTON','TAUNTON','MA','ATLANTIC','MA-RI'),
('02780','TAUNTON','TAUNTON','MA','ATLANTIC','MA-RI'),
('02780','TAUNTON FINANCE','TAUNTON','MA','ATLANTIC','MA-RI'),
('02790','CENTRAL VILLAGE','WESTPORT','MA','ATLANTIC','MA-RI'),
('02790','NOQUOCHOKE','WESTPORT','MA','ATLANTIC','MA-RI'),
('02790','WESTPORT','WESTPORT','MA','ATLANTIC','MA-RI'),
('02791','WESTPORT POINT','WESTPORT POINT','MA','ATLANTIC','MA-RI'),
('02801','ADAMSVILLE','ADAMSVILLE','RI','ATLANTIC','MA-RI'),
('02802','ALBION','ALBION','RI','ATLANTIC','MA-RI'),
('02804','ASHAWAY','ASHAWAY','RI','ATLANTIC','MA-RI'),
('02806','BARRINGTON','BARRINGTON','RI','ATLANTIC','MA-RI'),
('02807','BLOCK ISLAND','BLOCK ISLAND','RI','ATLANTIC','MA-RI'),
('02808','BRADFORD','BRADFORD','RI','ATLANTIC','MA-RI'),
('02809','BRISTOL','BRISTOL','RI','ATLANTIC','MA-RI'),
('02812','CAROLINA','CAROLINA','RI','ATLANTIC','MA-RI'),
('02812','CHARLESTOWN','CHARLESTOWN','RI','ATLANTIC','MA-RI'),
('02813','CHARLESTOWN','CHARLESTOWN','RI','ATLANTIC','MA-RI'),
('02814','CHEPACHET','CHEPACHET','RI','ATLANTIC','MA-RI'),
('02816','COVENTRY','COVENTRY','RI','ATLANTIC','MA-RI'),
('02817','COVENTRY','COVENTRY','RI','ATLANTIC','MA-RI'),
('02818','EAST GREENWICH','EAST GREENWICH','RI','ATLANTIC','MA-RI'),
('02818','NORTH KINGSTOWN','NORTH KINGSTOWN','RI','ATLANTIC','MA-RI'),
('02822','EXETER','EXETER','RI','ATLANTIC','MA-RI'),
('02823','FISKEVILLE','FISKEVILLE','RI','ATLANTIC','MA-RI'),
('02824','FORESTDALE','FORESTDALE','RI','ATLANTIC','MA-RI'),
('02825','FOSTER','FOSTER','RI','ATLANTIC','MA-RI'),
('02826','GLENDALE','GLENDALE','RI','ATLANTIC','MA-RI'),
('02827','COVENTRY','COVENTRY','RI','ATLANTIC','MA-RI'),
('02828','GREENVILLE','GREENVILLE','RI','ATLANTIC','MA-RI'),
('02829','HARMONY','HARMONY','RI','ATLANTIC','MA-RI'),
('02830','HARRISVILLE','HARRISVILLE','RI','ATLANTIC','MA-RI'),
('02831','HOPE','HOPE','RI','ATLANTIC','MA-RI'),
('02832','HOPE VALLEY','HOPE VALLEY','RI','ATLANTIC','MA-RI'),
('02833','HOPKINTON','HOPKINTON','RI','ATLANTIC','MA-RI'),
('02835','JAMESTOWN','JAMESTOWN','RI','ATLANTIC','MA-RI'),
('02837','LITTLE COMPTON','LITTLE COMPTON','RI','ATLANTIC','MA-RI'),
('02838','MANVILLE','MANVILLE','RI','ATLANTIC','MA-RI'),
('02839','HARRISVILLE','HARRISVILLE','RI','ATLANTIC','MA-RI'),
('02839','MAPLEVILLE','MAPLEVILLE','RI','ATLANTIC','MA-RI'),
('02840','BROADWAY','NEWPORT','RI','ATLANTIC','MA-RI'),
('02840','NEWPORT','NEWPORT','RI','ATLANTIC','MA-RI'),
('02841','NETC STATION','NEWPORT','RI','ATLANTIC','MA-RI');

INSERT INTO us_locations (zip_code, locale_name, city, state, area_name, district_name) VALUES
('02842','MIDDLETOWN','MIDDLETOWN','RI','ATLANTIC','MA-RI'),
('02852','NORTH KINGSTOWN','NORTH KINGSTOWN','RI','ATLANTIC','MA-RI'),
('02857','NORTH SCITUATE','NORTH SCITUATE','RI','ATLANTIC','MA-RI'),
('02859','PASCOAG','PASCOAG','RI','ATLANTIC','MA-RI'),
('02860','PAWTUCKET','PAWTUCKET','RI','ATLANTIC','MA-RI'),
('02861','DARLINGTON','PAWTUCKET','RI','ATLANTIC','MA-RI'),
('02862','PAWTUCKET','PAWTUCKET','RI','ATLANTIC','MA-RI'),
('02863','CENTRAL FALLS','CENTRAL FALLS','RI','ATLANTIC','MA-RI'),
('02863','CENTRAL FALLS CARRIERS','PAWTUCKET','RI','ATLANTIC','MA-RI'),
('02864','CUMBERLAND','CUMBERLAND','RI','ATLANTIC','MA-RI'),
('02865','CUMBERLAND','CUMBERLAND','RI','ATLANTIC','MA-RI'),
('02865','LINCOLN','LINCOLN','RI','ATLANTIC','MA-RI'),
('02871','PORTSMOUTH','PORTSMOUTH','RI','ATLANTIC','MA-RI'),
('02872','PRUDENCE ISLAND','PRUDENCE ISLAND','RI','ATLANTIC','MA-RI'),
('02873','ROCKVILLE','ROCKVILLE','RI','ATLANTIC','MA-RI'),
('02874','NORTH KINGSTOWN','NORTH KINGSTOWN','RI','ATLANTIC','MA-RI'),
('02874','SAUNDERSTOWN','SAUNDERSTOWN','RI','ATLANTIC','MA-RI'),
('02875','SHANNOCK','SHANNOCK','RI','ATLANTIC','MA-RI'),
('02876','SLATERSVILLE','SLATERSVILLE','RI','ATLANTIC','MA-RI'),
('02877','EXETER','EXETER','RI','ATLANTIC','MA-RI'),
('02878','TIVERTON','TIVERTON','RI','ATLANTIC','MA-RI'),
('02879','WAKEFIELD','WAKEFIELD','RI','ATLANTIC','MA-RI'),
('02880','WAKEFIELD','WAKEFIELD','RI','ATLANTIC','MA-RI'),
('02881','KINGSTON','KINGSTON','RI','ATLANTIC','MA-RI'),
('02881','WAKEFIELD','WAKEFIELD','RI','ATLANTIC','MA-RI'),
('02882','NARRAGANSETT','NARRAGANSETT','RI','ATLANTIC','MA-RI'),
('02882','WAKEFIELD','WAKEFIELD','RI','ATLANTIC','MA-RI'),
('02883','WAKEFIELD','WAKEFIELD','RI','ATLANTIC','MA-RI'),
('02885','WARREN','WARREN','RI','ATLANTIC','MA-RI'),
('02886','WARWICK','WARWICK','RI','ATLANTIC','MA-RI'),
('02887','APPONAUG','WARWICK','RI','ATLANTIC','MA-RI'),
('02887','WARWICK','WARWICK','RI','ATLANTIC','MA-RI'),
('02888','PILGRIM','WARWICK','RI','ATLANTIC','MA-RI'),
('02888','WARWICK','WARWICK','RI','ATLANTIC','MA-RI'),
('02889','CONIMICUT','WARWICK','RI','ATLANTIC','MA-RI'),
('02889','WARWICK','WARWICK','RI','ATLANTIC','MA-RI'),
('02891','HIGH ST','WESTERLY','RI','ATLANTIC','MA-RI'),
('02891','WESTERLY','WESTERLY','RI','ATLANTIC','MA-RI'),
('02892','WEST KINGSTON','WEST KINGSTON','RI','ATLANTIC','MA-RI'),
('02893','WEST WARWICK','WEST WARWICK','RI','ATLANTIC','MA-RI'),
('02894','HOPE VALLEY','HOPE VALLEY','RI','ATLANTIC','MA-RI'),
('02894','WOOD RIVER JUNCTION','WOOD RIVER JUNCTION','RI','ATLANTIC','MA-RI'),
('02895','WALNUT HILL','WOONSOCKET','RI','ATLANTIC','MA-RI'),
('02895','WOONSOCKET','WOONSOCKET','RI','ATLANTIC','MA-RI'),
('02896','WOONSOCKET','WOONSOCKET','RI','ATLANTIC','MA-RI'),
('02898','WYOMING','WYOMING','RI','ATLANTIC','MA-RI'),
('02901','ANNEX FINANCE','PROVIDENCE','RI','ATLANTIC','MA-RI'),
('02903','CORLISS PARK STATION','PROVIDENCE','RI','ATLANTIC','MA-RI'),
('02903','WEYBOSSET HILL','PROVIDENCE','RI','ATLANTIC','MA-RI'),
('02904','CORLISS PARK STATION','PROVIDENCE','RI','ATLANTIC','MA-RI');

INSERT INTO us_locations (zip_code, locale_name, city, state, area_name, district_name) VALUES
('02905','ELMWOOD','PROVIDENCE','RI','ATLANTIC','MA-RI'),
('02905','WASHINGTON PARK','PROVIDENCE','RI','ATLANTIC','MA-RI'),
('02906','CORLISS PARK STATION','PROVIDENCE','RI','ATLANTIC','MA-RI'),
('02906','EAST SIDE','PROVIDENCE','RI','ATLANTIC','MA-RI'),
('02907','ELMWOOD','PROVIDENCE','RI','ATLANTIC','MA-RI'),
('02908','CORLISS PARK STATION','PROVIDENCE','RI','ATLANTIC','MA-RI'),
('02908','NORTH STATION','PROVIDENCE','RI','ATLANTIC','MA-RI'),
('02909','OLNEYVILLE','PROVIDENCE','RI','ATLANTIC','MA-RI'),
('02910','CRANSTON','CRANSTON','RI','ATLANTIC','MA-RI'),
('02910','ELMWOOD','PROVIDENCE','RI','ATLANTIC','MA-RI'),
('02911','CENTREDALE','NORTH PROVIDENCE','RI','ATLANTIC','MA-RI'),
('02911','JOHNSTON','JOHNSTON','RI','ATLANTIC','MA-RI'),
('02914','EAST PROVIDENCE FINANCE UNIT','EAST PROVIDENCE','RI','ATLANTIC','MA-RI'),
('02914','SEEKONK','SEEKONK','MA','ATLANTIC','MA-RI'),
('02915','RIVERSIDE','RIVERSIDE','RI','ATLANTIC','MA-RI'),
('02916','RUMFORD','RUMFORD','RI','ATLANTIC','MA-RI'),
('02917','SMITHFIELD','SMITHFIELD','RI','ATLANTIC','MA-RI'),
('02919','JOHNSTON','JOHNSTON','RI','ATLANTIC','MA-RI'),
('02920','GARDEN CITY','CRANSTON','RI','ATLANTIC','MA-RI'),
('02921','JOHNSTON','JOHNSTON','RI','ATLANTIC','MA-RI'),
('02940','PROVIDENCE','PROVIDENCE','RI','ATLANTIC','MA-RI'),
('03031','AMHERST','AMHERST','NH','ATLANTIC','ME-NH-VT'),
('03032','AUBURN','AUBURN','NH','ATLANTIC','ME-NH-VT'),
('03033','BROOKLINE','BROOKLINE','NH','ATLANTIC','ME-NH-VT'),
('03033','MILFORD ANNEX','MILFORD','NH','ATLANTIC','ME-NH-VT'),
('03034','CANDIA','CANDIA','NH','ATLANTIC','ME-NH-VT'),
('03036','CHESTER','CHESTER','NH','ATLANTIC','ME-NH-VT'),
('03036','DERRY','DERRY','NH','ATLANTIC','ME-NH-VT'),
('03037','DEERFIELD','DEERFIELD','NH','ATLANTIC','ME-NH-VT'),
('03038','DERRY','DERRY','NH','ATLANTIC','ME-NH-VT'),
('03040','CANDIA','CANDIA','NH','ATLANTIC','ME-NH-VT'),
('03041','EAST DERRY','EAST DERRY','NH','ATLANTIC','ME-NH-VT'),
('03042','EPPING','EPPING','NH','ATLANTIC','ME-NH-VT'),
('03043','FRANCESTOWN','FRANCESTOWN','NH','ATLANTIC','ME-NH-VT'),
('03044','FREMONT','FREMONT','NH','ATLANTIC','ME-NH-VT'),
('03044','RAYMOND','RAYMOND','NH','ATLANTIC','ME-NH-VT'),
('03045','GOFFSTOWN','GOFFSTOWN','NH','ATLANTIC','ME-NH-VT'),
('03046','GOFFSTOWN','GOFFSTOWN','NH','ATLANTIC','ME-NH-VT'),
('03047','GREENFIELD','GREENFIELD','NH','ATLANTIC','ME-NH-VT'),
('03048','GREENVILLE','GREENVILLE','NH','ATLANTIC','ME-NH-VT'),
('03049','HOLLIS','HOLLIS','NH','ATLANTIC','ME-NH-VT'),
('03051','HUDSON','HUDSON','NH','ATLANTIC','ME-NH-VT'),
('03051','HUDSON MALL','HUDSON','NH','ATLANTIC','ME-NH-VT'),
('03052','HUDSON','HUDSON','NH','ATLANTIC','ME-NH-VT'),
('03053','LONDONDERRY','LONDONDERRY','NH','ATLANTIC','ME-NH-VT'),
('03054','MERRIMACK','MERRIMACK','NH','ATLANTIC','ME-NH-VT'),
('03055','MILFORD','MILFORD','NH','ATLANTIC','ME-NH-VT'),
('03055','MILFORD ANNEX','MILFORD','NH','ATLANTIC','ME-NH-VT'),
('03057','MILFORD ANNEX','MILFORD','NH','ATLANTIC','ME-NH-VT'),
('03057','MONT VERNON','MONT VERNON','NH','ATLANTIC','ME-NH-VT');

INSERT INTO us_locations (zip_code, locale_name, city, state, area_name, district_name) VALUES
('03060','NASHUA','NASHUA','NH','ATLANTIC','ME-NH-VT'),
('03060','NASHUA SOUTH','NASHUA','NH','ATLANTIC','ME-NH-VT'),
('03061','NASHUA','NASHUA','NH','ATLANTIC','ME-NH-VT'),
('03062','HUDSON','HUDSON','NH','ATLANTIC','ME-NH-VT'),
('03063','NASHUA','NASHUA','NH','ATLANTIC','ME-NH-VT'),
('03064','NASHUA','NASHUA','NH','ATLANTIC','ME-NH-VT'),
('03070','NEW BOSTON','NEW BOSTON','NH','ATLANTIC','ME-NH-VT'),
('03071','NEW IPSWICH','NEW IPSWICH','NH','ATLANTIC','ME-NH-VT'),
('03073','NORTH SALEM','NORTH SALEM','NH','ATLANTIC','ME-NH-VT'),
('03076','HUDSON','HUDSON','NH','ATLANTIC','ME-NH-VT'),
('03076','PELHAM','PELHAM','NH','ATLANTIC','ME-NH-VT'),
('03077','RAYMOND','RAYMOND','NH','ATLANTIC','ME-NH-VT'),
('03079','SALEM','SALEM','NH','ATLANTIC','ME-NH-VT'),
('03082','LYNDEBOROUGH','LYNDEBOROUGH','NH','ATLANTIC','ME-NH-VT'),
('03084','GREENVILLE','GREENVILLE','NH','ATLANTIC','ME-NH-VT'),
('03084','TEMPLE','TEMPLE','NH','ATLANTIC','ME-NH-VT'),
('03086','WILTON','WILTON','NH','ATLANTIC','ME-NH-VT'),
('03087','SALEM','SALEM','NH','ATLANTIC','ME-NH-VT'),
('03087','WINDHAM','WINDHAM','NH','ATLANTIC','ME-NH-VT'),
('03101','MANCHESTER SOUTH','MANCHESTER','NH','ATLANTIC','ME-NH-VT'),
('03102','MANCHESTER WEST','GOFFSTOWN','NH','ATLANTIC','ME-NH-VT'),
('03103','MANCHESTER SOUTH','MANCHESTER','NH','ATLANTIC','ME-NH-VT'),
('03104','MANCHESTER SOUTH','MANCHESTER','NH','ATLANTIC','ME-NH-VT'),
('03105','DOWNTOWN','MANCHESTER','NH','ATLANTIC','ME-NH-VT'),
('03106','HOOKSETT','HOOKSETT','NH','ATLANTIC','ME-NH-VT'),
('03108','MANCHESTER','MANCHESTER','NH','ATLANTIC','ME-NH-VT'),
('03109','MANCHESTER SOUTH','MANCHESTER','NH','ATLANTIC','ME-NH-VT'),
('03110','BEDFORD','BEDFORD','NH','ATLANTIC','ME-NH-VT'),
('03110','MANCHESTER WEST','GOFFSTOWN','NH','ATLANTIC','ME-NH-VT'),
('03215','CPU WATERVILLE VALLEY','WATERVILLE VALLEY','NH','ATLANTIC','ME-NH-VT'),
('03216','ANDOVER','ANDOVER','NH','ATLANTIC','ME-NH-VT'),
('03217','ASHLAND','ASHLAND','NH','ATLANTIC','ME-NH-VT'),
('03218','CENTER BARNSTEAD','CENTER BARNSTEAD','NH','ATLANTIC','ME-NH-VT'),
('03220','BELMONT','BELMONT','NH','ATLANTIC','ME-NH-VT'),
('03221','BRADFORD','BRADFORD','NH','ATLANTIC','ME-NH-VT'),
('03222','BRISTOL','BRISTOL','NH','ATLANTIC','ME-NH-VT'),
('03223','CAMPTON','CAMPTON','NH','ATLANTIC','ME-NH-VT'),
('03224','CANTERBURY','CANTERBURY','NH','ATLANTIC','ME-NH-VT'),
('03224','TILTON','TILTON','NH','ATLANTIC','ME-NH-VT'),
('03225','CENTER BARNSTEAD','CENTER BARNSTEAD','NH','ATLANTIC','ME-NH-VT'),
('03226','CENTER HARBOR','CENTER HARBOR','NH','ATLANTIC','ME-NH-VT'),
('03227','CENTER SANDWICH','CENTER SANDWICH','NH','ATLANTIC','ME-NH-VT'),
('03229','CONTOOCOOK','CONTOOCOOK','NH','ATLANTIC','ME-NH-VT'),
('03230','DANBURY','DANBURY','NH','ATLANTIC','ME-NH-VT'),
('03231','EAST ANDOVER','EAST ANDOVER','NH','ATLANTIC','ME-NH-VT'),
('03233','ELKINS','ELKINS','NH','ATLANTIC','ME-NH-VT'),
('03234','EPSOM','EPSOM','NH','ATLANTIC','ME-NH-VT'),
('03235','FRANKLIN','FRANKLIN','NH','ATLANTIC','ME-NH-VT'),
('03237','BELMONT','BELMONT','NH','ATLANTIC','ME-NH-VT'),
('03237','GILMANTON','GILMANTON','NH','ATLANTIC','ME-NH-VT');

INSERT INTO us_locations (zip_code, locale_name, city, state, area_name, district_name) VALUES
('03238','GLENCLIFF','GLENCLIFF','NH','ATLANTIC','ME-NH-VT'),
('03240','GRAFTON','GRAFTON','NH','ATLANTIC','ME-NH-VT'),
('03241','HEBRON','HEBRON','NH','ATLANTIC','ME-NH-VT'),
('03242','HENNIKER','HENNIKER','NH','ATLANTIC','ME-NH-VT'),
('03243','HILL','HILL','NH','ATLANTIC','ME-NH-VT'),
('03244','HILLSBOROUGH','HILLSBOROUGH','NH','ATLANTIC','ME-NH-VT'),
('03245','HOLDERNESS','HOLDERNESS','NH','ATLANTIC','ME-NH-VT'),
('03246','LACONIA','LACONIA','NH','ATLANTIC','ME-NH-VT'),
('03247','GILFORD DPOBU','GILFORD','NH','ATLANTIC','ME-NH-VT'),
('03247','LACONIA','LACONIA','NH','ATLANTIC','ME-NH-VT'),
('03247','LAKEPORT','LACONIA','NH','ATLANTIC','ME-NH-VT'),
('03247','WEIRS BEACH','LACONIA','NH','ATLANTIC','ME-NH-VT'),
('03249','LACONIA','LACONIA','NH','ATLANTIC','ME-NH-VT'),
('03251','LINCOLN','LINCOLN','NH','ATLANTIC','ME-NH-VT'),
('03252','LOCHMERE','LOCHMERE','NH','ATLANTIC','ME-NH-VT'),
('03253','MEREDITH','MEREDITH','NH','ATLANTIC','ME-NH-VT'),
('03254','MOULTONBOROUGH','MOULTONBOROUGH','NH','ATLANTIC','ME-NH-VT'),
('03255','NEWBURY','NEWBURY','NH','ATLANTIC','ME-NH-VT'),
('03256','NEW HAMPTON','NEW HAMPTON','NH','ATLANTIC','ME-NH-VT'),
('03257','NEW LONDON','NEW LONDON','NH','ATLANTIC','ME-NH-VT'),
('03258','EPSOM','EPSOM','NH','ATLANTIC','ME-NH-VT'),
('03259','NORTH SANDWICH','NORTH SANDWICH','NH','ATLANTIC','ME-NH-VT'),
('03260','NORTH SUTTON','NORTH SUTTON','NH','ATLANTIC','ME-NH-VT'),
('03261','NORTHWOOD','NORTHWOOD','NH','ATLANTIC','ME-NH-VT'),
('03262','NORTH WOODSTOCK','NORTH WOODSTOCK','NH','ATLANTIC','ME-NH-VT'),
('03263','PITTSFIELD','PITTSFIELD','NH','ATLANTIC','ME-NH-VT'),
('03264','PLYMOUTH','PLYMOUTH','NH','ATLANTIC','ME-NH-VT'),
('03266','RUMNEY','RUMNEY','NH','ATLANTIC','ME-NH-VT'),
('03268','SALISBURY','SALISBURY','NH','ATLANTIC','ME-NH-VT'),
('03269','SANBORNTON','SANBORNTON','NH','ATLANTIC','ME-NH-VT'),
('03272','NEWBURY','NEWBURY','NH','ATLANTIC','ME-NH-VT'),
('03273','SOUTH SUTTON','SOUTH SUTTON','NH','ATLANTIC','ME-NH-VT'),
('03275','SUNCOOK','PEMBROKE','NH','ATLANTIC','ME-NH-VT'),
('03276','TILTON','TILTON','NH','ATLANTIC','ME-NH-VT'),
('03278','WARNER','WARNER','NH','ATLANTIC','ME-NH-VT'),
('03279','WARREN','WARREN','NH','ATLANTIC','ME-NH-VT'),
('03280','WASHINGTON','WASHINGTON','NH','ATLANTIC','ME-NH-VT'),
('03281','WEARE','WEARE','NH','ATLANTIC','ME-NH-VT'),
('03282','WENTWORTH','WENTWORTH','NH','ATLANTIC','ME-NH-VT'),
('03284','SPRINGFIELD','SPRINGFIELD','NH','ATLANTIC','ME-NH-VT'),
('03285','CAMPTON','CAMPTON','NH','ATLANTIC','ME-NH-VT'),
('03287','ANDOVER','ANDOVER','NH','ATLANTIC','ME-NH-VT'),
('03287','WILMOT','WILMOT','NH','ATLANTIC','ME-NH-VT'),
('03289','WINNISQUAM','WINNISQUAM','NH','ATLANTIC','ME-NH-VT'),
('03290','NOTTINGHAM','NOTTINGHAM','NH','ATLANTIC','ME-NH-VT'),
('03291','WEST NOTTINGHAM','WEST NOTTINGHAM','NH','ATLANTIC','ME-NH-VT'),
('03293','NORTH WOODSTOCK','NORTH WOODSTOCK','NH','ATLANTIC','ME-NH-VT'),
('03301','CONCORD','CONCORD','NH','ATLANTIC','ME-NH-VT'),
('03301','CONCORD ANNEX','CONCORD','NH','ATLANTIC','ME-NH-VT'),
('03302','CONCORD','CONCORD','NH','ATLANTIC','ME-NH-VT');

INSERT INTO us_locations (zip_code, locale_name, city, state, area_name, district_name) VALUES
('03303','CONCORD ANNEX','CONCORD','NH','ATLANTIC','ME-NH-VT'),
('03303','PENACOOK','CONCORD','NH','ATLANTIC','ME-NH-VT'),
('03304','BOW DPOBU','BOW','NH','ATLANTIC','ME-NH-VT'),
('03304','CONCORD ANNEX','CONCORD','NH','ATLANTIC','ME-NH-VT'),
('03307','CONCORD ANNEX','CONCORD','NH','ATLANTIC','ME-NH-VT'),
('03307','CPU LOUDON STATION','LOUDON','NH','ATLANTIC','ME-NH-VT'),
('03431','KEENE','KEENE','NH','ATLANTIC','ME-NH-VT'),
('03440','ANTRIM','ANTRIM','NH','ATLANTIC','ME-NH-VT'),
('03441','ASHUELOT','ASHUELOT','NH','ATLANTIC','ME-NH-VT'),
('03441','WINCHESTER','WINCHESTER','NH','ATLANTIC','ME-NH-VT'),
('03442','ANTRIM','ANTRIM','NH','ATLANTIC','ME-NH-VT'),
('03443','CHESTERFIELD','CHESTERFIELD','NH','ATLANTIC','ME-NH-VT'),
('03444','DUBLIN','DUBLIN','NH','ATLANTIC','ME-NH-VT'),
('03445','SULLIVAN','SULLIVAN','NH','ATLANTIC','ME-NH-VT'),
('03446','KEENE','KEENE','NH','ATLANTIC','ME-NH-VT'),
('03446','SWANZEY','SWANZEY','NH','ATLANTIC','ME-NH-VT'),
('03447','FITZWILLIAM','FITZWILLIAM','NH','ATLANTIC','ME-NH-VT'),
('03448','GILSUM','GILSUM','NH','ATLANTIC','ME-NH-VT'),
('03449','ANTRIM','ANTRIM','NH','ATLANTIC','ME-NH-VT'),
('03449','HANCOCK','HANCOCK','NH','ATLANTIC','ME-NH-VT'),
('03450','HARRISVILLE','HARRISVILLE','NH','ATLANTIC','ME-NH-VT'),
('03451','HINSDALE','HINSDALE','NH','ATLANTIC','ME-NH-VT'),
('03452','JAFFREY','JAFFREY','NH','ATLANTIC','ME-NH-VT'),
('03455','KEENE','KEENE','NH','ATLANTIC','ME-NH-VT'),
('03455','MARLBOROUGH','MARLBOROUGH','NH','ATLANTIC','ME-NH-VT'),
('03456','MARLOW','MARLOW','NH','ATLANTIC','ME-NH-VT'),
('03457','SULLIVAN','SULLIVAN','NH','ATLANTIC','ME-NH-VT'),
('03458','PETERBOROUGH','PETERBOROUGH','NH','ATLANTIC','ME-NH-VT'),
('03461','RINDGE','RINDGE','NH','ATLANTIC','ME-NH-VT'),
('03462','SPOFFORD','SPOFFORD','NH','ATLANTIC','ME-NH-VT'),
('03464','STODDARD','STODDARD','NH','ATLANTIC','ME-NH-VT'),
('03465','KEENE','KEENE','NH','ATLANTIC','ME-NH-VT'),
('03465','TROY','TROY','NH','ATLANTIC','ME-NH-VT'),
('03466','WEST CHESTERFIELD','WEST CHESTERFIELD','NH','ATLANTIC','ME-NH-VT'),
('03467','WESTMORELAND','WESTMORELAND','NH','ATLANTIC','ME-NH-VT'),
('03468','WEST PETERBOROUGH','WEST PETERBOROUGH','NH','ATLANTIC','ME-NH-VT'),
('03469','WEST SWANZEY','WEST SWANZEY','NH','ATLANTIC','ME-NH-VT'),
('03470','WINCHESTER','WINCHESTER','NH','ATLANTIC','ME-NH-VT'),
('03561','LITTLETON','LITTLETON','NH','ATLANTIC','ME-NH-VT'),
('03570','BERLIN','BERLIN','NH','ATLANTIC','ME-NH-VT'),
('03574','BETHLEHEM','BETHLEHEM','NH','ATLANTIC','ME-NH-VT'),
('03576','COLEBROOK','COLEBROOK','NH','ATLANTIC','ME-NH-VT'),
('03579','BERLIN','BERLIN','NH','ATLANTIC','ME-NH-VT'),
('03579','ERROL','ERROL','NH','ATLANTIC','ME-NH-VT'),
('03580','FRANCONIA','FRANCONIA','NH','ATLANTIC','ME-NH-VT'),
('03581','GORHAM','GORHAM','NH','ATLANTIC','ME-NH-VT'),
('03582','GROVETON','GROVETON','NH','ATLANTIC','ME-NH-VT'),
('03583','JEFFERSON','JEFFERSON','NH','ATLANTIC','ME-NH-VT'),
('03583','LANCASTER','LANCASTER','NH','ATLANTIC','ME-NH-VT'),
('03584','LANCASTER','LANCASTER','NH','ATLANTIC','ME-NH-VT');

INSERT INTO us_locations (zip_code, locale_name, city, state, area_name, district_name) VALUES
('03585','LISBON','LISBON','NH','ATLANTIC','ME-NH-VT'),
('03586','SUGAR HILL NPU','SUGAR HILL','NH','ATLANTIC','ME-NH-VT'),
('03588','BERLIN','BERLIN','NH','ATLANTIC','ME-NH-VT'),
('03588','MILAN','MILAN','NH','ATLANTIC','ME-NH-VT'),
('03590','NORTH STRATFORD','NORTH STRATFORD','NH','ATLANTIC','ME-NH-VT'),
('03592','PITTSBURG','PITTSBURG','NH','ATLANTIC','ME-NH-VT'),
('03593','GORHAM','GORHAM','NH','ATLANTIC','ME-NH-VT'),
('03595','TWIN MOUNTAIN','TWIN MOUNTAIN','NH','ATLANTIC','ME-NH-VT'),
('03597','WEST STEWARTSTOWN','WEST STEWARTSTOWN','NH','ATLANTIC','ME-NH-VT'),
('03598','WHITEFIELD','WHITEFIELD','NH','ATLANTIC','ME-NH-VT'),
('03601','ACWORTH','ACWORTH','NH','ATLANTIC','ME-NH-VT'),
('03602','ALSTEAD','ALSTEAD','NH','ATLANTIC','ME-NH-VT'),
('03603','CHARLESTOWN','CHARLESTOWN','NH','ATLANTIC','ME-NH-VT'),
('03604','WALPOLE','WALPOLE','NH','ATLANTIC','ME-NH-VT'),
('03605','LEMPSTER','LEMPSTER','NH','ATLANTIC','ME-NH-VT'),
('03607','ALSTEAD','ALSTEAD','NH','ATLANTIC','ME-NH-VT'),
('03608','WALPOLE','WALPOLE','NH','ATLANTIC','ME-NH-VT'),
('03740','BATH','BATH','NH','ATLANTIC','ME-NH-VT'),
('03740','WOODSVILLE','WOODSVILLE','NH','ATLANTIC','ME-NH-VT'),
('03741','CANAAN','CANAAN','NH','ATLANTIC','ME-NH-VT'),
('03743','CLAREMONT','CLAREMONT','NH','ATLANTIC','ME-NH-VT'),
('03745','CORNISH FLAT','CORNISH FLAT','NH','ATLANTIC','ME-NH-VT'),
('03746','CORNISH FLAT','CORNISH FLAT','NH','ATLANTIC','ME-NH-VT'),
('03748','ENFIELD','ENFIELD','NH','ATLANTIC','ME-NH-VT'),
('03749','ENFIELD CENTER','ENFIELD CENTER','NH','ATLANTIC','ME-NH-VT'),
('03750','ETNA','ETNA','NH','ATLANTIC','ME-NH-VT'),
('03751','GEORGES MILLS','GEORGES MILLS','NH','ATLANTIC','ME-NH-VT'),
('03752','GOSHEN','GOSHEN','NH','ATLANTIC','ME-NH-VT'),
('03753','GRANTHAM','GRANTHAM','NH','ATLANTIC','ME-NH-VT'),
('03754','GUILD','GUILD','NH','ATLANTIC','ME-NH-VT'),
('03755','HANOVER','HANOVER','NH','ATLANTIC','ME-NH-VT'),
('03765','HAVERHILL','HAVERHILL','NH','ATLANTIC','ME-NH-VT'),
('03766','LEBANON','LEBANON','NH','ATLANTIC','ME-NH-VT'),
('03766','WEST LEBANON','WEST LEBANON','NH','ATLANTIC','ME-NH-VT'),
('03768','LYME','LYME','NH','ATLANTIC','ME-NH-VT'),
('03769','LYME CENTER','LYME CENTER','NH','ATLANTIC','ME-NH-VT'),
('03770','MERIDEN','MERIDEN','NH','ATLANTIC','ME-NH-VT'),
('03771','MONROE','MONROE','NH','ATLANTIC','ME-NH-VT'),
('03773','NEWPORT','NEWPORT','NH','ATLANTIC','ME-NH-VT'),
('03774','NORTH HAVERHILL','NORTH HAVERHILL','NH','ATLANTIC','ME-NH-VT'),
('03777','ORFORD','ORFORD','NH','ATLANTIC','ME-NH-VT'),
('03779','PIERMONT','PIERMONT','NH','ATLANTIC','ME-NH-VT'),
('03780','PIKE','PIKE','NH','ATLANTIC','ME-NH-VT'),
('03781','PLAINFIELD','PLAINFIELD','NH','ATLANTIC','ME-NH-VT'),
('03782','NEWPORT','NEWPORT','NH','ATLANTIC','ME-NH-VT'),
('03782','SUNAPEE','SUNAPEE','NH','ATLANTIC','ME-NH-VT'),
('03784','WEST LEBANON','WEST LEBANON','NH','ATLANTIC','ME-NH-VT'),
('03785','WOODSVILLE','WOODSVILLE','NH','ATLANTIC','ME-NH-VT'),
('03801','PORTSMOUTH NH SDC','PORTSMOUTH','NH','ATLANTIC','ME-NH-VT'),
('03802','PORTSMOUTH DPOBU','PORTSMOUTH','NH','ATLANTIC','ME-NH-VT');

INSERT INTO us_locations (zip_code, locale_name, city, state, area_name, district_name) VALUES
('03802','PORTSMOUTH NH SDC','PORTSMOUTH','NH','ATLANTIC','ME-NH-VT'),
('03804','PORTSMOUTH NAVAL SHIPYARD','PORTSMOUTH','NH','ATLANTIC','ME-NH-VT'),
('03809','ALTON','ALTON','NH','ATLANTIC','ME-NH-VT'),
('03810','ALTON','ALTON','NH','ATLANTIC','ME-NH-VT'),
('03810','ALTON BAY','ALTON BAY','NH','ATLANTIC','ME-NH-VT'),
('03811','ATKINSON','ATKINSON','NH','ATLANTIC','ME-NH-VT'),
('03812','BARTLETT','BARTLETT','NH','ATLANTIC','ME-NH-VT'),
('03813','CENTER CONWAY','CENTER CONWAY','NH','ATLANTIC','ME-NH-VT'),
('03814','CENTER OSSIPEE','CENTER OSSIPEE','NH','ATLANTIC','ME-NH-VT'),
('03815','STRAFFORD','STRAFFORD','NH','ATLANTIC','ME-NH-VT'),
('03816','WOLFEBORO FALLS','WOLFEBORO FALLS','NH','ATLANTIC','ME-NH-VT'),
('03817','CHOCORUA','CHOCORUA','NH','ATLANTIC','ME-NH-VT'),
('03818','CONWAY','CONWAY','NH','ATLANTIC','ME-NH-VT'),
('03819','DANVILLE','DANVILLE','NH','ATLANTIC','ME-NH-VT'),
('03819','HAMPSTEAD','HAMPSTEAD','NH','ATLANTIC','ME-NH-VT'),
('03820','DOVER','DOVER','NH','ATLANTIC','ME-NH-VT'),
('03821','DOVER','DOVER','NH','ATLANTIC','ME-NH-VT'),
('03823','DOVER','DOVER','NH','ATLANTIC','ME-NH-VT'),
('03824','DURHAM','DURHAM','NH','ATLANTIC','ME-NH-VT'),
('03825','BARRINGTON','BARRINGTON','NH','ATLANTIC','ME-NH-VT'),
('03826','EAST HAMPSTEAD','EAST HAMPSTEAD','NH','ATLANTIC','ME-NH-VT'),
('03826','HAMPSTEAD','HAMPSTEAD','NH','ATLANTIC','ME-NH-VT'),
('03827','EAST KINGSTON','EAST KINGSTON','NH','ATLANTIC','ME-NH-VT'),
('03830','EAST WAKEFIELD','EAST WAKEFIELD','NH','ATLANTIC','ME-NH-VT'),
('03832','EATON CENTER','EATON CENTER','NH','ATLANTIC','ME-NH-VT'),
('03833','EXETER','EXETER','NH','ATLANTIC','ME-NH-VT'),
('03835','FARMINGTON','FARMINGTON','NH','ATLANTIC','ME-NH-VT'),
('03836','FREEDOM','FREEDOM','NH','ATLANTIC','ME-NH-VT'),
('03837','ALTON','ALTON','NH','ATLANTIC','ME-NH-VT'),
('03837','GILMANTON IRON WORKS','GILMANTON IRON WORKS','NH','ATLANTIC','ME-NH-VT'),
('03838','GLEN','GLEN','NH','ATLANTIC','ME-NH-VT'),
('03839','GONIC','ROCHESTER','NH','ATLANTIC','ME-NH-VT'),
('03839','ROCHESTER','ROCHESTER','NH','ATLANTIC','ME-NH-VT'),
('03840','GREENLAND','GREENLAND','NH','ATLANTIC','ME-NH-VT'),
('03840','PORTSMOUTH NH SDC','PORTSMOUTH','NH','ATLANTIC','ME-NH-VT'),
('03841','HAMPSTEAD','HAMPSTEAD','NH','ATLANTIC','ME-NH-VT'),
('03842','PORTSMOUTH NH SDC','PORTSMOUTH','NH','ATLANTIC','ME-NH-VT'),
('03843','HAMPTON','HAMPTON','NH','ATLANTIC','ME-NH-VT'),
('03844','HAMPTON FALLS','HAMPTON FALLS','NH','ATLANTIC','ME-NH-VT'),
('03844','PORTSMOUTH NH SDC','PORTSMOUTH','NH','ATLANTIC','ME-NH-VT'),
('03845','INTERVALE','INTERVALE','NH','ATLANTIC','ME-NH-VT'),
('03846','JACKSON','JACKSON','NH','ATLANTIC','ME-NH-VT'),
('03847','INTERVALE','INTERVALE','NH','ATLANTIC','ME-NH-VT'),
('03848','KINGSTON','KINGSTON','NH','ATLANTIC','ME-NH-VT'),
('03849','MADISON','MADISON','NH','ATLANTIC','ME-NH-VT'),
('03850','MELVIN VILLAGE','MELVIN VILLAGE','NH','ATLANTIC','ME-NH-VT'),
('03851','MILTON','MILTON','NH','ATLANTIC','ME-NH-VT'),
('03852','MILTON','MILTON','NH','ATLANTIC','ME-NH-VT'),
('03852','MILTON MILLS','MILTON MILLS','NH','ATLANTIC','ME-NH-VT'),
('03853','MIRROR LAKE','MIRROR LAKE','NH','ATLANTIC','ME-NH-VT');

INSERT INTO us_locations (zip_code, locale_name, city, state, area_name, district_name) VALUES
('03854','NEW CASTLE','NEW CASTLE','NH','ATLANTIC','ME-NH-VT'),
('03854','NEW CASTLE DPOBU','NEW CASTLE','NH','ATLANTIC','ME-NH-VT'),
('03855','NEW DURHAM','NEW DURHAM','NH','ATLANTIC','ME-NH-VT'),
('03856','NEWFIELDS','NEWFIELDS','NH','ATLANTIC','ME-NH-VT'),
('03856','PORTSMOUTH NH SDC','PORTSMOUTH','NH','ATLANTIC','ME-NH-VT'),
('03857','NEWMARKET','NEWMARKET','NH','ATLANTIC','ME-NH-VT'),
('03857','PORTSMOUTH NH SDC','PORTSMOUTH','NH','ATLANTIC','ME-NH-VT'),
('03858','NEWTON','NEWTON','NH','ATLANTIC','ME-NH-VT'),
('03859','NEWTON JUNCTION','NEWTON JUNCTION','NH','ATLANTIC','ME-NH-VT'),
('03860','CONWAY','CONWAY','NH','ATLANTIC','ME-NH-VT'),
('03860','NORTH CONWAY','NORTH CONWAY','NH','ATLANTIC','ME-NH-VT'),
('03861','DURHAM','DURHAM','NH','ATLANTIC','ME-NH-VT'),
('03862','NORTH HAMPTON','NORTH HAMPTON','NH','ATLANTIC','ME-NH-VT'),
('03862','PORTSMOUTH NH SDC','PORTSMOUTH','NH','ATLANTIC','ME-NH-VT'),
('03864','OSSIPEE','OSSIPEE','NH','ATLANTIC','ME-NH-VT'),
('03865','PLAISTOW','PLAISTOW','NH','ATLANTIC','ME-NH-VT'),
('03866','ROCHESTER','ROCHESTER','NH','ATLANTIC','ME-NH-VT'),
('03867','ROCHESTER','ROCHESTER','NH','ATLANTIC','ME-NH-VT'),
('03868','ROCHESTER','ROCHESTER','NH','ATLANTIC','ME-NH-VT'),
('03869','ROLLINSFORD','ROLLINSFORD','NH','ATLANTIC','ME-NH-VT'),
('03870','PORTSMOUTH NH SDC','PORTSMOUTH','NH','ATLANTIC','ME-NH-VT'),
('03870','RYE','RYE','NH','ATLANTIC','ME-NH-VT'),
('03871','RYE BEACH','RYE BEACH','NH','ATLANTIC','ME-NH-VT'),
('03872','SANBORNVILLE','SANBORNVILLE','NH','ATLANTIC','ME-NH-VT'),
('03873','SANDOWN','SANDOWN','NH','ATLANTIC','ME-NH-VT'),
('03874','PORTSMOUTH NH SDC','PORTSMOUTH','NH','ATLANTIC','ME-NH-VT'),
('03874','SEABROOK','SEABROOK','NH','ATLANTIC','ME-NH-VT'),
('03875','SILVER LAKE','SILVER LAKE','NH','ATLANTIC','ME-NH-VT'),
('03878','SOMERSWORTH','SOMERSWORTH','NH','ATLANTIC','ME-NH-VT'),
('03882','EFFINGHAM','EFFINGHAM','NH','ATLANTIC','ME-NH-VT'),
('03882','OSSIPEE','OSSIPEE','NH','ATLANTIC','ME-NH-VT'),
('03883','SOUTH TAMWORTH','SOUTH TAMWORTH','NH','ATLANTIC','ME-NH-VT'),
('03884','STRAFFORD','STRAFFORD','NH','ATLANTIC','ME-NH-VT'),
('03885','PORTSMOUTH NH SDC','PORTSMOUTH','NH','ATLANTIC','ME-NH-VT'),
('03885','STRATHAM','STRATHAM','NH','ATLANTIC','ME-NH-VT'),
('03886','TAMWORTH','TAMWORTH','NH','ATLANTIC','ME-NH-VT'),
('03887','MILTON','MILTON','NH','ATLANTIC','ME-NH-VT'),
('03887','UNION','UNION','NH','ATLANTIC','ME-NH-VT'),
('03890','WEST OSSIPEE','WEST OSSIPEE','NH','ATLANTIC','ME-NH-VT'),
('03894','WOLFEBORO','WOLFEBORO','NH','ATLANTIC','ME-NH-VT'),
('03896','WOLFEBORO FALLS','WOLFEBORO FALLS','NH','ATLANTIC','ME-NH-VT'),
('03897','TAMWORTH','TAMWORTH','NH','ATLANTIC','ME-NH-VT'),
('03901','BERWICK','BERWICK','ME','ATLANTIC','ME-NH-VT'),
('03901','SOUTH BERWICK','SOUTH BERWICK','ME','ATLANTIC','ME-NH-VT'),
('03902','CAPE NEDDICK','CAPE NEDDICK','ME','ATLANTIC','ME-NH-VT'),
('03902','PORTSMOUTH NH SDC','PORTSMOUTH','NH','ATLANTIC','ME-NH-VT'),
('03903','ELIOT','ELIOT','ME','ATLANTIC','ME-NH-VT'),
('03903','PORTSMOUTH NH SDC','PORTSMOUTH','NH','ATLANTIC','ME-NH-VT'),
('03904','KITTERY','KITTERY','ME','ATLANTIC','ME-NH-VT'),
('03904','PORTSMOUTH NH SDC','PORTSMOUTH','NH','ATLANTIC','ME-NH-VT');

INSERT INTO us_locations (zip_code, locale_name, city, state, area_name, district_name) VALUES
('03905','KITTERY POINT','KITTERY POINT','ME','ATLANTIC','ME-NH-VT'),
('03905','PORTSMOUTH NH SDC','PORTSMOUTH','NH','ATLANTIC','ME-NH-VT'),
('03906','NORTH BERWICK','NORTH BERWICK','ME','ATLANTIC','ME-NH-VT'),
('03907','OGUNQUIT','OGUNQUIT','ME','ATLANTIC','ME-NH-VT'),
('03907','WELLS','WELLS','ME','ATLANTIC','ME-NH-VT'),
('03908','SOUTH BERWICK','SOUTH BERWICK','ME','ATLANTIC','ME-NH-VT'),
('03909','PORTSMOUTH NH SDC','PORTSMOUTH','NH','ATLANTIC','ME-NH-VT'),
('03909','YORK','YORK','ME','ATLANTIC','ME-NH-VT'),
('03910','YORK BEACH','YORK BEACH','ME','ATLANTIC','ME-NH-VT'),
('03911','YORK HARBOR','YORK HARBOR','ME','ATLANTIC','ME-NH-VT'),
('04001','ACTON','ACTON','ME','ATLANTIC','ME-NH-VT'),
('04002','ALFRED','ALFRED','ME','ATLANTIC','ME-NH-VT'),
('04002','SANFORD','SANFORD','ME','ATLANTIC','ME-NH-VT'),
('04003','BAILEY ISLAND','BAILEY ISLAND','ME','ATLANTIC','ME-NH-VT'),
('04004','BAR MILLS','BAR MILLS','ME','ATLANTIC','ME-NH-VT'),
('04005','BIDDEFORD','BIDDEFORD','ME','ATLANTIC','ME-NH-VT'),
('04005','INDUSTRIAL PARK ANNEX','SACO','ME','ATLANTIC','ME-NH-VT'),
('04006','BIDDEFORD POOL','BIDDEFORD POOL','ME','ATLANTIC','ME-NH-VT'),
('04008','BOWDOINHAM','BOWDOINHAM','ME','ATLANTIC','ME-NH-VT'),
('04009','BRIDGTON','BRIDGTON','ME','ATLANTIC','ME-NH-VT'),
('04010','BROWNFIELD','BROWNFIELD','ME','ATLANTIC','ME-NH-VT'),
('04011','BRUNSWICK','BRUNSWICK','ME','ATLANTIC','ME-NH-VT'),
('04011','CPU SWEET DREAMS','BRUNSWICK','ME','ATLANTIC','ME-NH-VT'),
('04014','CAPE PORPOISE DPOBU','KENNEBUNKPORT','ME','ATLANTIC','ME-NH-VT'),
('04015','CASCO','CASCO','ME','ATLANTIC','ME-NH-VT'),
('04016','CENTER LOVELL','CENTER LOVELL','ME','ATLANTIC','ME-NH-VT'),
('04017','CHEBEAGUE ISLAND','CHEBEAGUE ISLAND','ME','ATLANTIC','ME-NH-VT'),
('04019','CLIFF ISLAND','CLIFF ISLAND','ME','ATLANTIC','ME-NH-VT'),
('04020','CORNISH','CORNISH','ME','ATLANTIC','ME-NH-VT'),
('04021','CUMBERLAND CENTER','CUMBERLAND CENTER','ME','ATLANTIC','ME-NH-VT'),
('04021','YARMOUTH','YARMOUTH','ME','ATLANTIC','ME-NH-VT'),
('04022','DENMARK','DENMARK','ME','ATLANTIC','ME-NH-VT'),
('04024','EAST BALDWIN','EAST BALDWIN','ME','ATLANTIC','ME-NH-VT'),
('04027','LEBANON','LEBANON','ME','ATLANTIC','ME-NH-VT'),
('04027','SANFORD','SANFORD','ME','ATLANTIC','ME-NH-VT'),
('04028','CORNISH','CORNISH','ME','ATLANTIC','ME-NH-VT'),
('04029','SEBAGO','SEBAGO','ME','ATLANTIC','ME-NH-VT'),
('04030','WATERBORO','WATERBORO','ME','ATLANTIC','ME-NH-VT'),
('04032','FREEPORT','FREEPORT','ME','ATLANTIC','ME-NH-VT'),
('04037','FRYEBURG','FRYEBURG','ME','ATLANTIC','ME-NH-VT'),
('04038','GORHAM','GORHAM','ME','ATLANTIC','ME-NH-VT'),
('04039','GRAY','GRAY','ME','ATLANTIC','ME-NH-VT'),
('04040','HARRISON','HARRISON','ME','ATLANTIC','ME-NH-VT'),
('04041','CORNISH','CORNISH','ME','ATLANTIC','ME-NH-VT'),
('04041','HIRAM','HIRAM','ME','ATLANTIC','ME-NH-VT'),
('04042','HOLLIS CENTER','HOLLIS CENTER','ME','ATLANTIC','ME-NH-VT'),
('04043','KENNEBUNK','KENNEBUNK','ME','ATLANTIC','ME-NH-VT'),
('04046','KENNEBUNKPORT','KENNEBUNKPORT','ME','ATLANTIC','ME-NH-VT'),
('04047','PARSONSFIELD','PARSONSFIELD','ME','ATLANTIC','ME-NH-VT'),
('04048','LIMERICK','LIMERICK','ME','ATLANTIC','ME-NH-VT');

