INSERT INTO us_locations (zip_code, locale_name, city, state, area_name, district_name) VALUES
('14818','BURDETT','BURDETT','NY','ATLANTIC','NEW YORK 3'),
('14819','CAMERON MILLS','CAMERON MILLS','NY','ATLANTIC','NEW YORK 3'),
('14820','CAMERON MILLS','CAMERON MILLS','NY','ATLANTIC','NEW YORK 3'),
('14821','CAMPBELL','CAMPBELL','NY','ATLANTIC','NEW YORK 3'),
('14822','CANASERAGA','CANASERAGA','NY','ATLANTIC','NEW YORK 3'),
('14823','CANISTEO','CANISTEO','NY','ATLANTIC','NEW YORK 3'),
('14823','HORNELL','HORNELL','NY','ATLANTIC','NEW YORK 3'),
('14824','CAYUTA','CAYUTA','NY','ATLANTIC','NEW YORK 3'),
('14824','NEWFIELD','NEWFIELD','NY','ATLANTIC','NEW YORK 3'),
('14825','CHEMUNG','CHEMUNG','NY','ATLANTIC','NEW YORK 3'),
('14825','WAVERLY','WAVERLY','NY','ATLANTIC','NEW YORK 3'),
('14826','COHOCTON','COHOCTON','NY','ATLANTIC','NEW YORK 3'),
('14827','COOPERS PLAINS','COOPERS PLAINS','NY','ATLANTIC','NEW YORK 3'),
('14830','CORNING','CORNING','NY','ATLANTIC','NEW YORK 3'),
('14830','ELMIRA NY SDC','ELMIRA','NY','ATLANTIC','NEW YORK 3'),
('14830','SOUTHSIDE CORNING','CORNING','NY','ATLANTIC','NEW YORK 3'),
('14836','DALTON','DALTON','NY','ATLANTIC','NEW YORK 3'),
('14837','DUNDEE','DUNDEE','NY','ATLANTIC','NEW YORK 3'),
('14838','ELMIRA NY SDC','ELMIRA','NY','ATLANTIC','NEW YORK 3'),
('14838','ERIN','ERIN','NY','ATLANTIC','NEW YORK 3'),
('14839','GREENWOOD','GREENWOOD','NY','ATLANTIC','NEW YORK 3'),
('14840','HAMMONDSPORT','HAMMONDSPORT','NY','ATLANTIC','NEW YORK 3'),
('14841','HECTOR','HECTOR','NY','ATLANTIC','NEW YORK 3'),
('14842','HIMROD','HIMROD','NY','ATLANTIC','NEW YORK 3'),
('14843','HORNELL','HORNELL','NY','ATLANTIC','NEW YORK 3'),
('14845','ELMIRA NY SDC','ELMIRA','NY','ATLANTIC','NEW YORK 3'),
('14845','HORSEHEADS','HORSEHEADS','NY','ATLANTIC','NEW YORK 3'),
('14846','HUNT','HUNT','NY','ATLANTIC','NEW YORK 3'),
('14847','INTERLAKEN','INTERLAKEN','NY','ATLANTIC','NEW YORK 3'),
('14850','ITHACA','ITHACA','NY','ATLANTIC','NEW YORK 3'),
('14851','DOWNTOWN ITHACA','ITHACA','NY','ATLANTIC','NEW YORK 3'),
('14852','ITHACA','ITHACA','NY','ATLANTIC','NEW YORK 3'),
('14854','JACKSONVILLE','JACKSONVILLE','NY','ATLANTIC','NEW YORK 3'),
('14855','ADDISON','ADDISON','NY','ATLANTIC','NEW YORK 3'),
('14855','JASPER','JASPER','NY','ATLANTIC','NEW YORK 3'),
('14856','KANONA','KANONA','NY','ATLANTIC','NEW YORK 3'),
('14857','LAKEMONT','LAKEMONT','NY','ATLANTIC','NEW YORK 3'),
('14858','LINDLEY','LINDLEY','NY','ATLANTIC','NEW YORK 3'),
('14859','LOCKWOOD','LOCKWOOD','NY','ATLANTIC','NEW YORK 3'),
('14860','LODI','LODI','NY','ATLANTIC','NEW YORK 3'),
('14861','ELMIRA NY SDC','ELMIRA','NY','ATLANTIC','NEW YORK 3'),
('14861','LOWMAN','LOWMAN','NY','ATLANTIC','NEW YORK 3'),
('14863','MECKLENBURG','MECKLENBURG','NY','ATLANTIC','NEW YORK 3'),
('14864','ELMIRA NY SDC','ELMIRA','NY','ATLANTIC','NEW YORK 3'),
('14864','MILLPORT','MILLPORT','NY','ATLANTIC','NEW YORK 3'),
('14865','ELMIRA NY SDC','ELMIRA','NY','ATLANTIC','NEW YORK 3'),
('14865','MONTOUR FALLS','MONTOUR FALLS','NY','ATLANTIC','NEW YORK 3'),
('14867','NEWFIELD','NEWFIELD','NY','ATLANTIC','NEW YORK 3'),
('14869','ELMIRA NY SDC','ELMIRA','NY','ATLANTIC','NEW YORK 3'),
('14869','ODESSA','ODESSA','NY','ATLANTIC','NEW YORK 3');

INSERT INTO us_locations (zip_code, locale_name, city, state, area_name, district_name) VALUES
('14870','PAINTED POST','PAINTED POST','NY','ATLANTIC','NEW YORK 3'),
('14871','ELMIRA NY SDC','ELMIRA','NY','ATLANTIC','NEW YORK 3'),
('14871','PINE CITY','PINE CITY','NY','ATLANTIC','NEW YORK 3'),
('14872','ELMIRA NY SDC','ELMIRA','NY','ATLANTIC','NEW YORK 3'),
('14872','PINE VALLEY','PINE VALLEY','NY','ATLANTIC','NEW YORK 3'),
('14873','PRATTSBURGH','PRATTSBURGH','NY','ATLANTIC','NEW YORK 3'),
('14874','PULTENEY','PULTENEY','NY','ATLANTIC','NEW YORK 3'),
('14876','READING CENTER','READING CENTER','NY','ATLANTIC','NEW YORK 3'),
('14877','REXVILLE','REXVILLE','NY','ATLANTIC','NEW YORK 3'),
('14878','DUNDEE','DUNDEE','NY','ATLANTIC','NEW YORK 3'),
('14878','ROCK STREAM','ROCK STREAM','NY','ATLANTIC','NEW YORK 3'),
('14879','CAMPBELL','CAMPBELL','NY','ATLANTIC','NEW YORK 3'),
('14879','SAVONA','SAVONA','NY','ATLANTIC','NEW YORK 3'),
('14880','SCIO','SCIO','NY','ATLANTIC','NEW YORK 3'),
('14880','WELLSVILLE','WELLSVILLE','NY','ATLANTIC','NEW YORK 3'),
('14881','SLATERVILLE SPRINGS','SLATERVILLE SPRINGS','NY','ATLANTIC','NEW YORK 3'),
('14882','ITHACA','ITHACA','NY','ATLANTIC','NEW YORK 3'),
('14882','LANSING','LANSING','NY','ATLANTIC','NEW YORK 3'),
('14883','SPENCER','SPENCER','NY','ATLANTIC','NEW YORK 3'),
('14884','SWAIN','SWAIN','NY','ATLANTIC','NEW YORK 3'),
('14885','TROUPSBURG','TROUPSBURG','NY','ATLANTIC','NEW YORK 3'),
('14886','TRUMANSBURG','TRUMANSBURG','NY','ATLANTIC','NEW YORK 3'),
('14887','TYRONE','TYRONE','NY','ATLANTIC','NEW YORK 3'),
('14889','VAN ETTEN','VAN ETTEN','NY','ATLANTIC','NEW YORK 3'),
('14891','WATKINS GLEN','WATKINS GLEN','NY','ATLANTIC','NEW YORK 3'),
('14892','WAVERLY','WAVERLY','NY','ATLANTIC','NEW YORK 3'),
('14893','WAYNE','WAYNE','NY','ATLANTIC','NEW YORK 3'),
('14894','ELMIRA NY SDC','ELMIRA','NY','ATLANTIC','NEW YORK 3'),
('14894','WELLSBURG','WELLSBURG','NY','ATLANTIC','NEW YORK 3'),
('14895','WELLSVILLE','WELLSVILLE','NY','ATLANTIC','NEW YORK 3'),
('14897','REXVILLE','REXVILLE','NY','ATLANTIC','NEW YORK 3'),
('14897','WHITESVILLE','WHITESVILLE','NY','ATLANTIC','NEW YORK 3'),
('14898','ADDISON','ADDISON','NY','ATLANTIC','NEW YORK 3'),
('14901','ELMIRA NY SDC','ELMIRA','NY','ATLANTIC','NEW YORK 3'),
('14902','DOWNTOWN ELMIRA','ELMIRA','NY','ATLANTIC','NEW YORK 3'),
('14903','ELMIRA HEIGHTS','ELMIRA','NY','ATLANTIC','NEW YORK 3'),
('14903','ELMIRA NY SDC','ELMIRA','NY','ATLANTIC','NEW YORK 3'),
('14904','ELMIRA NY SDC','ELMIRA','NY','ATLANTIC','NEW YORK 3'),
('14904','SOUTH SIDE ELMIRA','ELMIRA','NY','ATLANTIC','NEW YORK 3'),
('14905','DOWNTOWN ELMIRA','ELMIRA','NY','ATLANTIC','NEW YORK 3'),
('14905','ELMIRA NY SDC','ELMIRA','NY','ATLANTIC','NEW YORK 3'),
('15001','ALIQUIPPA','ALIQUIPPA','PA','ATLANTIC','PENNSYLVANIA 1'),
('15001','MAC ARTHUR','ALIQUIPPA','PA','ATLANTIC','PENNSYLVANIA 1'),
('15003','AMBRIDGE','AMBRIDGE','PA','ATLANTIC','PENNSYLVANIA 1'),
('15004','ATLASBURG','ATLASBURG','PA','ATLANTIC','PENNSYLVANIA 1'),
('15005','BADEN','BADEN','PA','ATLANTIC','PENNSYLVANIA 1'),
('15006','BAIRDFORD','BAIRDFORD','PA','ATLANTIC','PENNSYLVANIA 1'),
('15007','BAKERSTOWN','BAKERSTOWN','PA','ATLANTIC','PENNSYLVANIA 1'),
('15009','BEAVER','BEAVER','PA','ATLANTIC','PENNSYLVANIA 1'),
('15010','BEAVER FALLS','BEAVER FALLS','PA','ATLANTIC','PENNSYLVANIA 1');

INSERT INTO us_locations (zip_code, locale_name, city, state, area_name, district_name) VALUES
('15010','CHIPPEWA MALL','BEAVER FALLS','PA','ATLANTIC','PENNSYLVANIA 1'),
('15012','BELLE VERNON','ROSTRAVER TOWNSHIP','PA','ATLANTIC','PENNSYLVANIA 1'),
('15012','NORTH BELLE VERNON','BELLE VERNON','PA','ATLANTIC','PENNSYLVANIA 1'),
('15014','BRACKENRIDGE','BRACKENRIDGE','PA','ATLANTIC','PENNSYLVANIA 1'),
('15014','NATRONA HEIGHTS','NATRONA HEIGHTS','PA','ATLANTIC','PENNSYLVANIA 1'),
('15015','BRADFORDWOODS','BRADFORDWOODS','PA','ATLANTIC','PENNSYLVANIA 1'),
('15015','WEXFORD','WEXFORD','PA','ATLANTIC','PENNSYLVANIA 1'),
('15017','BRIDGEVILLE','BRIDGEVILLE','PA','ATLANTIC','PENNSYLVANIA 1'),
('15018','BUENA VISTA','BUENA VISTA','PA','ATLANTIC','PENNSYLVANIA 1'),
('15019','BULGER','BULGER','PA','ATLANTIC','PENNSYLVANIA 1'),
('15019','BURGETTSTOWN','BURGETTSTOWN','PA','ATLANTIC','PENNSYLVANIA 1'),
('15020','BUNOLA','BUNOLA','PA','ATLANTIC','PENNSYLVANIA 1'),
('15021','BURGETTSTOWN','BURGETTSTOWN','PA','ATLANTIC','PENNSYLVANIA 1'),
('15022','CHARLEROI','CHARLEROI','PA','ATLANTIC','PENNSYLVANIA 1'),
('15024','CHESWICK','CHESWICK','PA','ATLANTIC','PENNSYLVANIA 1'),
('15025','CLAIRTON','CLAIRTON','PA','ATLANTIC','PENNSYLVANIA 1'),
('15025','LARGE','CLAIRTON','PA','ATLANTIC','PENNSYLVANIA 1'),
('15026','CLINTON','CLINTON','PA','ATLANTIC','PENNSYLVANIA 1'),
('15027','CONWAY','CONWAY','PA','ATLANTIC','PENNSYLVANIA 1'),
('15027','ROCHESTER','ROCHESTER','PA','ATLANTIC','PENNSYLVANIA 1'),
('15028','COULTERS','COULTERS','PA','ATLANTIC','PENNSYLVANIA 1'),
('15030','CREIGHTON','CREIGHTON','PA','ATLANTIC','PENNSYLVANIA 1'),
('15030','NEW KENSINGTON','NEW KENSINGTON','PA','ATLANTIC','PENNSYLVANIA 1'),
('15031','CUDDY','CUDDY','PA','ATLANTIC','PENNSYLVANIA 1'),
('15032','CURTISVILLE','CURTISVILLE','PA','ATLANTIC','PENNSYLVANIA 1'),
('15033','DONORA','DONORA','PA','ATLANTIC','PENNSYLVANIA 1'),
('15033','MONESSEN','MONESSEN','PA','ATLANTIC','PENNSYLVANIA 1'),
('15034','DRAVOSBURG','DRAVOSBURG','PA','ATLANTIC','PENNSYLVANIA 1'),
('15034','MCKEESPORT','MCKEESPORT','PA','ATLANTIC','PENNSYLVANIA 1'),
('15035','EAST MC KEESPORT','EAST MC KEESPORT','PA','ATLANTIC','PENNSYLVANIA 1'),
('15035','NORTH VERSAILLES','NORTH VERSAILLES','PA','ATLANTIC','PENNSYLVANIA 1'),
('15037','ELIZABETH','ELIZABETH','PA','ATLANTIC','PENNSYLVANIA 1'),
('15038','ELRAMA','ELRAMA','PA','ATLANTIC','PENNSYLVANIA 1'),
('15042','FREEDOM','FREEDOM','PA','ATLANTIC','PENNSYLVANIA 1'),
('15043','GEORGETOWN','GEORGETOWN','PA','ATLANTIC','PENNSYLVANIA 1'),
('15043','HOOKSTOWN','HOOKSTOWN','PA','ATLANTIC','PENNSYLVANIA 1'),
('15044','GIBSONIA','GIBSONIA','PA','ATLANTIC','PENNSYLVANIA 1'),
('15045','GLASSPORT','GLASSPORT','PA','ATLANTIC','PENNSYLVANIA 1'),
('15045','PITTSBURGH PA PLSNT HLS SDC','PITTSBURGH','PA','ATLANTIC','PENNSYLVANIA 1'),
('15046','ALIQUIPPA','ALIQUIPPA','PA','ATLANTIC','PENNSYLVANIA 1'),
('15046','CRESCENT','CRESCENT','PA','ATLANTIC','PENNSYLVANIA 1'),
('15047','GREENOCK','GREENOCK','PA','ATLANTIC','PENNSYLVANIA 1'),
('15049','HARWICK','HARWICK','PA','ATLANTIC','PENNSYLVANIA 1'),
('15050','HOOKSTOWN','HOOKSTOWN','PA','ATLANTIC','PENNSYLVANIA 1'),
('15051','INDIANOLA','INDIANOLA','PA','ATLANTIC','PENNSYLVANIA 1'),
('15052','INDUSTRY','INDUSTRY','PA','ATLANTIC','PENNSYLVANIA 1'),
('15052','MIDLAND','MIDLAND','PA','ATLANTIC','PENNSYLVANIA 1'),
('15053','JOFFRE','JOFFRE','PA','ATLANTIC','PENNSYLVANIA 1'),
('15054','LANGELOTH','LANGELOTH','PA','ATLANTIC','PENNSYLVANIA 1'),
('15055','LAWRENCE','LAWRENCE','PA','ATLANTIC','PENNSYLVANIA 1');

INSERT INTO us_locations (zip_code, locale_name, city, state, area_name, district_name) VALUES
('15056','AMBRIDGE','AMBRIDGE','PA','ATLANTIC','PENNSYLVANIA 1'),
('15056','LEETSDALE','LEETSDALE','PA','ATLANTIC','PENNSYLVANIA 1'),
('15057','MC DONALD','MC DONALD','PA','ATLANTIC','PENNSYLVANIA 1'),
('15059','MIDLAND','MIDLAND','PA','ATLANTIC','PENNSYLVANIA 1'),
('15060','MIDWAY','MIDWAY','PA','ATLANTIC','PENNSYLVANIA 1'),
('15061','MONACA','MONACA','PA','ATLANTIC','PENNSYLVANIA 1'),
('15062','MONESSEN','MONESSEN','PA','ATLANTIC','PENNSYLVANIA 1'),
('15063','MONONGAHELA','MONONGAHELA','PA','ATLANTIC','PENNSYLVANIA 1'),
('15064','BRIDGEVILLE','BRIDGEVILLE','PA','ATLANTIC','PENNSYLVANIA 1'),
('15064','MORGAN','MORGAN','PA','ATLANTIC','PENNSYLVANIA 1'),
('15065','NATRONA HEIGHTS','NATRONA HEIGHTS','PA','ATLANTIC','PENNSYLVANIA 1'),
('15066','NEW BRIGHTON','NEW BRIGHTON','PA','ATLANTIC','PENNSYLVANIA 1'),
('15067','MONONGAHELA','MONONGAHELA','PA','ATLANTIC','PENNSYLVANIA 1'),
('15067','NEW EAGLE','NEW EAGLE','PA','ATLANTIC','PENNSYLVANIA 1'),
('15068','ARNOLD','NEW KENSINGTON','PA','ATLANTIC','PENNSYLVANIA 1'),
('15068','LOWER BURRELL','NEW KENSINGTON','PA','ATLANTIC','PENNSYLVANIA 1'),
('15068','NEW KENSINGTON','NEW KENSINGTON','PA','ATLANTIC','PENNSYLVANIA 1'),
('15068','PARNASSUS','NEW KENSINGTON','PA','ATLANTIC','PENNSYLVANIA 1'),
('15071','OAKDALE','OAKDALE','PA','ATLANTIC','PENNSYLVANIA 1'),
('15072','PRICEDALE','PRICEDALE','PA','ATLANTIC','PENNSYLVANIA 1'),
('15074','ROCHESTER','ROCHESTER','PA','ATLANTIC','PENNSYLVANIA 1'),
('15075','RURAL RIDGE','RURAL RIDGE','PA','ATLANTIC','PENNSYLVANIA 1'),
('15076','RUSSELLTON','RUSSELLTON','PA','ATLANTIC','PENNSYLVANIA 1'),
('15077','SHIPPINGPORT','SHIPPINGPORT','PA','ATLANTIC','PENNSYLVANIA 1'),
('15078','SLOVAN','SLOVAN','PA','ATLANTIC','PENNSYLVANIA 1'),
('15081','SOUTH HEIGHTS','SOUTH HEIGHTS','PA','ATLANTIC','PENNSYLVANIA 1'),
('15082','STURGEON','STURGEON','PA','ATLANTIC','PENNSYLVANIA 1'),
('15083','SUTERSVILLE','SUTERSVILLE','PA','ATLANTIC','PENNSYLVANIA 1'),
('15083','WEST NEWTON','WEST NEWTON','PA','ATLANTIC','PENNSYLVANIA 1'),
('15084','TARENTUM','TARENTUM','PA','ATLANTIC','PENNSYLVANIA 1'),
('15085','TRAFFORD','TRAFFORD','PA','ATLANTIC','PENNSYLVANIA 1'),
('15086','WEXFORD','WEXFORD','PA','ATLANTIC','PENNSYLVANIA 1'),
('15087','WEBSTER','WEBSTER','PA','ATLANTIC','PENNSYLVANIA 1'),
('15088','WEST ELIZABETH','WEST ELIZABETH','PA','ATLANTIC','PENNSYLVANIA 1'),
('15089','WEST NEWTON','WEST NEWTON','PA','ATLANTIC','PENNSYLVANIA 1'),
('15090','WEXFORD','WEXFORD','PA','ATLANTIC','PENNSYLVANIA 1'),
('15091','WILDWOOD','WILDWOOD','PA','ATLANTIC','PENNSYLVANIA 1'),
('15095','NETWORK DISTRIBUTION CT','WARRENDALE','PA','ATLANTIC','PENNSYLVANIA 1'),
('15101','ALLISON PARK','ALLISON PARK','PA','ATLANTIC','PENNSYLVANIA 1'),
('15102','BETHEL PARK','BETHEL PARK','PA','ATLANTIC','PENNSYLVANIA 1'),
('15104','BRADDOCK','BRADDOCK','PA','ATLANTIC','PENNSYLVANIA 1'),
('15106','CARNEGIE','CARNEGIE','PA','ATLANTIC','PENNSYLVANIA 1'),
('15106','GREENTREE','PITTSBURGH','PA','ATLANTIC','PENNSYLVANIA 1'),
('15108','CORAOPOLIS','CORAOPOLIS','PA','ATLANTIC','PENNSYLVANIA 1'),
('15108','CORAOPOLIS FINANCE','CORAOPOLIS','PA','ATLANTIC','PENNSYLVANIA 1'),
('15110','DUQUESNE','DUQUESNE','PA','ATLANTIC','PENNSYLVANIA 1'),
('15112','BRADDOCK','BRADDOCK','PA','ATLANTIC','PENNSYLVANIA 1'),
('15112','EAST PITTSBURGH','EAST PITTSBURGH','PA','ATLANTIC','PENNSYLVANIA 1'),
('15116','GLENSHAW','GLENSHAW','PA','ATLANTIC','PENNSYLVANIA 1'),
('15120','HOMESTEAD','HOMESTEAD','PA','ATLANTIC','PENNSYLVANIA 1');

INSERT INTO us_locations (zip_code, locale_name, city, state, area_name, district_name) VALUES
('15120','MUNHALL','HOMESTEAD','PA','ATLANTIC','PENNSYLVANIA 1'),
('15122','PITTSBURGH PA PLSNT HLS SDC','PITTSBURGH','PA','ATLANTIC','PENNSYLVANIA 1'),
('15122','WEST MIFFLIN','WEST MIFFLIN','PA','ATLANTIC','PENNSYLVANIA 1'),
('15126','IMPERIAL','IMPERIAL','PA','ATLANTIC','PENNSYLVANIA 1'),
('15127','INGOMAR','INGOMAR','PA','ATLANTIC','PENNSYLVANIA 1'),
('15129','PITTSBURGH PA PLSNT HLS SDC','PITTSBURGH','PA','ATLANTIC','PENNSYLVANIA 1'),
('15129','SOUTH PARK','SOUTH PARK','PA','ATLANTIC','PENNSYLVANIA 1'),
('15131','MCKEESPORT','MCKEESPORT','PA','ATLANTIC','PENNSYLVANIA 1'),
('15132','MCKEESPORT','MCKEESPORT','PA','ATLANTIC','PENNSYLVANIA 1'),
('15133','MCKEESPORT','MCKEESPORT','PA','ATLANTIC','PENNSYLVANIA 1'),
('15134','MCKEESPORT','MCKEESPORT','PA','ATLANTIC','PENNSYLVANIA 1'),
('15135','BOSTON','MCKEESPORT','PA','ATLANTIC','PENNSYLVANIA 1'),
('15135','MCKEESPORT','MCKEESPORT','PA','ATLANTIC','PENNSYLVANIA 1'),
('15136','MC KEES ROCKS','MC KEES ROCKS','PA','ATLANTIC','PENNSYLVANIA 1'),
('15137','NORTH VERSAILLES','NORTH VERSAILLES','PA','ATLANTIC','PENNSYLVANIA 1'),
('15139','OAKMONT','OAKMONT','PA','ATLANTIC','PENNSYLVANIA 1'),
('15139','VERONA','VERONA','PA','ATLANTIC','PENNSYLVANIA 1'),
('15140','MONROEVILLE','MONROEVILLE','PA','ATLANTIC','PENNSYLVANIA 1'),
('15140','PITCAIRN','PITCAIRN','PA','ATLANTIC','PENNSYLVANIA 1'),
('15142','BRIDGEVILLE','BRIDGEVILLE','PA','ATLANTIC','PENNSYLVANIA 1'),
('15142','PRESTO','PRESTO','PA','ATLANTIC','PENNSYLVANIA 1'),
('15143','SEWICKLEY','SEWICKLEY','PA','ATLANTIC','PENNSYLVANIA 1'),
('15144','NEW KENSINGTON','NEW KENSINGTON','PA','ATLANTIC','PENNSYLVANIA 1'),
('15144','SPRINGDALE','SPRINGDALE','PA','ATLANTIC','PENNSYLVANIA 1'),
('15145','BRADDOCK','BRADDOCK','PA','ATLANTIC','PENNSYLVANIA 1'),
('15145','TURTLE CREEK','TURTLE CREEK','PA','ATLANTIC','PENNSYLVANIA 1'),
('15146','MONROEVILLE','MONROEVILLE','PA','ATLANTIC','PENNSYLVANIA 1'),
('15147','VERONA','VERONA','PA','ATLANTIC','PENNSYLVANIA 1'),
('15148','NORTH VERSAILLES','NORTH VERSAILLES','PA','ATLANTIC','PENNSYLVANIA 1'),
('15148','WILMERDING','WILMERDING','PA','ATLANTIC','PENNSYLVANIA 1'),
('15201','ARSENAL','PITTSBURGH','PA','ATLANTIC','PENNSYLVANIA 1'),
('15201','BLOOMFIELD','PITTSBURGH','PA','ATLANTIC','PENNSYLVANIA 1'),
('15202','PITTSBURGH','PITTSBURGH','PA','ATLANTIC','PENNSYLVANIA 1'),
('15202','PITTSBURGH PA NORTHSIDE SDC','PITTSBURGH','PA','ATLANTIC','PENNSYLVANIA 1'),
('15203','CARSON','PITTSBURGH','PA','ATLANTIC','PENNSYLVANIA 1'),
('15203','MOUNT OLIVER','PITTSBURGH','PA','ATLANTIC','PENNSYLVANIA 1'),
('15204','GREENTREE','PITTSBURGH','PA','ATLANTIC','PENNSYLVANIA 1'),
('15205','CRAFTON','PITTSBURGH','PA','ATLANTIC','PENNSYLVANIA 1'),
('15205','GREENTREE','PITTSBURGH','PA','ATLANTIC','PENNSYLVANIA 1'),
('15206','EAST LIBERTY','PITTSBURGH','PA','ATLANTIC','PENNSYLVANIA 1'),
('15207','HAZELWOOD','PITTSBURGH','PA','ATLANTIC','PENNSYLVANIA 1'),
('15208','EAST LIBERTY','PITTSBURGH','PA','ATLANTIC','PENNSYLVANIA 1'),
('15209','MC KNIGHT','PITTSBURGH','PA','ATLANTIC','PENNSYLVANIA 1'),
('15209','MILLVALE','MILLVALE','PA','ATLANTIC','PENNSYLVANIA 1'),
('15210','MOUNT OLIVER','PITTSBURGH','PA','ATLANTIC','PENNSYLVANIA 1'),
('15211','MOUNT OLIVER','PITTSBURGH','PA','ATLANTIC','PENNSYLVANIA 1'),
('15211','MOUNT WASHINGTON','PITTSBURGH','PA','ATLANTIC','PENNSYLVANIA 1'),
('15212','ALLEGHENY','PITTSBURGH','PA','ATLANTIC','PENNSYLVANIA 1'),
('15212','PITTSBURGH PA NORTHSIDE SDC','PITTSBURGH','PA','ATLANTIC','PENNSYLVANIA 1'),
('15213','OAKLAND','PITTSBURGH','PA','ATLANTIC','PENNSYLVANIA 1');

INSERT INTO us_locations (zip_code, locale_name, city, state, area_name, district_name) VALUES
('15214','PITTSBURGH PA NORTHSIDE SDC','PITTSBURGH','PA','ATLANTIC','PENNSYLVANIA 1'),
('15215','SHARPSBURG','PITTSBURGH','PA','ATLANTIC','PENNSYLVANIA 1'),
('15216','SOUTH HILLS','PITTSBURGH','PA','ATLANTIC','PENNSYLVANIA 1'),
('15217','EAST LIBERTY','PITTSBURGH','PA','ATLANTIC','PENNSYLVANIA 1'),
('15217','SQUIRREL HILL','PITTSBURGH','PA','ATLANTIC','PENNSYLVANIA 1'),
('15218','SWISSVALE','PITTSBURGH','PA','ATLANTIC','PENNSYLVANIA 1'),
('15219','GRANT STREET CARRIERS','PITTSBURGH','PA','ATLANTIC','PENNSYLVANIA 1'),
('15219','WYLIE','PITTSBURGH','PA','ATLANTIC','PENNSYLVANIA 1'),
('15220','GREENTREE','PITTSBURGH','PA','ATLANTIC','PENNSYLVANIA 1'),
('15220','PARKWAY CENTER','PITTSBURGH','PA','ATLANTIC','PENNSYLVANIA 1'),
('15220','WABASH','PITTSBURGH','PA','ATLANTIC','PENNSYLVANIA 1'),
('15221','PENN HILLS','PITTSBURGH','PA','ATLANTIC','PENNSYLVANIA 1'),
('15222','FOURTH AVENUE','PITTSBURGH','PA','ATLANTIC','PENNSYLVANIA 1'),
('15222','GATEWAY CENTER','PITTSBURGH','PA','ATLANTIC','PENNSYLVANIA 1'),
('15222','GRANT STREET CARRIERS','PITTSBURGH','PA','ATLANTIC','PENNSYLVANIA 1'),
('15223','ETNA','PITTSBURGH','PA','ATLANTIC','PENNSYLVANIA 1'),
('15223','GLENSHAW','GLENSHAW','PA','ATLANTIC','PENNSYLVANIA 1'),
('15224','BLOOMFIELD','PITTSBURGH','PA','ATLANTIC','PENNSYLVANIA 1'),
('15225','PITTSBURGH PA NORTHSIDE SDC','PITTSBURGH','PA','ATLANTIC','PENNSYLVANIA 1'),
('15226','BROOKLINE','PITTSBURGH','PA','ATLANTIC','PENNSYLVANIA 1'),
('15226','CASTLE SHANNON','PITTSBURGH','PA','ATLANTIC','PENNSYLVANIA 1'),
('15227','BRENTWOOD','PITTSBURGH','PA','ATLANTIC','PENNSYLVANIA 1'),
('15227','PITTSBURGH PA PLSNT HLS SDC','PITTSBURGH','PA','ATLANTIC','PENNSYLVANIA 1'),
('15228','CASTLE SHANNON','PITTSBURGH','PA','ATLANTIC','PENNSYLVANIA 1'),
('15229','MC KNIGHT','PITTSBURGH','PA','ATLANTIC','PENNSYLVANIA 1'),
('15229','WEST VIEW','PITTSBURGH','PA','ATLANTIC','PENNSYLVANIA 1'),
('15230','LIBERTY CENTER','PITTSBURGH','PA','ATLANTIC','PENNSYLVANIA 1'),
('15231','GREENTREE','PITTSBURGH','PA','ATLANTIC','PENNSYLVANIA 1'),
('15232','BLOOMFIELD','PITTSBURGH','PA','ATLANTIC','PENNSYLVANIA 1'),
('15232','EAST LIBERTY','PITTSBURGH','PA','ATLANTIC','PENNSYLVANIA 1'),
('15233','PITTSBURGH','PITTSBURGH','PA','ATLANTIC','PENNSYLVANIA 1'),
('15233','PITTSBURGH PA NORTHSIDE SDC','PITTSBURGH','PA','ATLANTIC','PENNSYLVANIA 1'),
('15234','CASTLE SHANNON','PITTSBURGH','PA','ATLANTIC','PENNSYLVANIA 1'),
('15235','PENN HILLS','PITTSBURGH','PA','ATLANTIC','PENNSYLVANIA 1'),
('15236','PITTSBURGH PA PLSNT HLS SDC','PITTSBURGH','PA','ATLANTIC','PENNSYLVANIA 1'),
('15237','MC KNIGHT','PITTSBURGH','PA','ATLANTIC','PENNSYLVANIA 1'),
('15238','BLAWNOX','PITTSBURGH','PA','ATLANTIC','PENNSYLVANIA 1'),
('15239','MONROEVILLE','MONROEVILLE','PA','ATLANTIC','PENNSYLVANIA 1'),
('15239','PLUM','PITTSBURGH','PA','ATLANTIC','PENNSYLVANIA 1'),
('15241','UPPER SAINT CLAIR','PITTSBURGH','PA','ATLANTIC','PENNSYLVANIA 1'),
('15242','GREENTREE','PITTSBURGH','PA','ATLANTIC','PENNSYLVANIA 1'),
('15243','CEDARHURST','PITTSBURGH','PA','ATLANTIC','PENNSYLVANIA 1'),
('15244','MONTOUR','MONTOUR','PA','ATLANTIC','PENNSYLVANIA 1'),
('15253','GRANT STREET','PITTSBURGH','PA','ATLANTIC','PENNSYLVANIA 1'),
('15275','GREENTREE','PITTSBURGH','PA','ATLANTIC','PENNSYLVANIA 1'),
('15301','CENTRAL WASHINGTON','WASHINGTON','PA','ATLANTIC','PENNSYLVANIA 1'),
('15301','WASHINGTON','WASHINGTON','PA','ATLANTIC','PENNSYLVANIA 1'),
('15310','ALEPPO','ALEPPO','PA','CENTRAL','KY-WV'),
('15311','AMITY','AMITY','PA','ATLANTIC','PENNSYLVANIA 1'),
('15311','WASHINGTON','WASHINGTON','PA','ATLANTIC','PENNSYLVANIA 1');

INSERT INTO us_locations (zip_code, locale_name, city, state, area_name, district_name) VALUES
('15312','AVELLA','AVELLA','PA','ATLANTIC','PENNSYLVANIA 1'),
('15313','BEALLSVILLE','BEALLSVILLE','PA','ATLANTIC','PENNSYLVANIA 1'),
('15314','BENTLEYVILLE','BENTLEYVILLE','PA','ATLANTIC','PENNSYLVANIA 1'),
('15315','BOBTOWN','BOBTOWN','PA','ATLANTIC','PENNSYLVANIA 1'),
('15316','BRAVE','BRAVE','PA','ATLANTIC','PENNSYLVANIA 1'),
('15317','CANONSBURG','CANONSBURG','PA','ATLANTIC','PENNSYLVANIA 1'),
('15317','CANONSBURG CARRIER ANNEX','CANONSBURG','PA','ATLANTIC','PENNSYLVANIA 1'),
('15317','MC MURRAY','CANONSBURG','PA','ATLANTIC','PENNSYLVANIA 1'),
('15320','CARMICHAELS','CARMICHAELS','PA','ATLANTIC','PENNSYLVANIA 1'),
('15321','CECIL','CECIL','PA','ATLANTIC','PENNSYLVANIA 1'),
('15322','CLARKSVILLE','CLARKSVILLE','PA','ATLANTIC','PENNSYLVANIA 1'),
('15323','CLAYSVILLE','CLAYSVILLE','PA','ATLANTIC','PENNSYLVANIA 1'),
('15324','COKEBURG','COKEBURG','PA','ATLANTIC','PENNSYLVANIA 1'),
('15325','CRUCIBLE','CRUCIBLE','PA','ATLANTIC','PENNSYLVANIA 1'),
('15327','BOBTOWN','BOBTOWN','PA','ATLANTIC','PENNSYLVANIA 1'),
('15327','DILLINER','DILLINER','PA','ATLANTIC','PENNSYLVANIA 1'),
('15329','PROSPERITY','PROSPERITY','PA','ATLANTIC','PENNSYLVANIA 1'),
('15330','EIGHTY FOUR','EIGHTY FOUR','PA','ATLANTIC','PENNSYLVANIA 1'),
('15331','ELLSWORTH','ELLSWORTH','PA','ATLANTIC','PENNSYLVANIA 1'),
('15332','FINLEYVILLE','FINLEYVILLE','PA','ATLANTIC','PENNSYLVANIA 1'),
('15333','CLARKSVILLE','CLARKSVILLE','PA','ATLANTIC','PENNSYLVANIA 1'),
('15333','FREDERICKTOWN','FREDERICKTOWN','PA','ATLANTIC','PENNSYLVANIA 1'),
('15334','GARARDS FORT','GARARDS FORT','PA','ATLANTIC','PENNSYLVANIA 1'),
('15334','WAYNESBURG','WAYNESBURG','PA','ATLANTIC','PENNSYLVANIA 1'),
('15336','GASTONVILLE','GASTONVILLE','PA','ATLANTIC','PENNSYLVANIA 1'),
('15337','GRAYSVILLE','GRAYSVILLE','PA','ATLANTIC','PENNSYLVANIA 1'),
('15338','BOBTOWN','BOBTOWN','PA','ATLANTIC','PENNSYLVANIA 1'),
('15338','GREENSBORO','GREENSBORO','PA','ATLANTIC','PENNSYLVANIA 1'),
('15340','AVELLA','AVELLA','PA','ATLANTIC','PENNSYLVANIA 1'),
('15340','HICKORY','HICKORY','PA','ATLANTIC','PENNSYLVANIA 1'),
('15341','HOLBROOK','HOLBROOK','PA','ATLANTIC','PENNSYLVANIA 1'),
('15342','CANONSBURG CARRIER ANNEX','CANONSBURG','PA','ATLANTIC','PENNSYLVANIA 1'),
('15342','HOUSTON','HOUSTON','PA','ATLANTIC','PENNSYLVANIA 1'),
('15344','CARMICHAELS','CARMICHAELS','PA','ATLANTIC','PENNSYLVANIA 1'),
('15344','JEFFERSON','JEFFERSON','PA','ATLANTIC','PENNSYLVANIA 1'),
('15345','CLARKSVILLE','CLARKSVILLE','PA','ATLANTIC','PENNSYLVANIA 1'),
('15346','MATHER','MATHER','PA','ATLANTIC','PENNSYLVANIA 1'),
('15347','MEADOW LANDS','MEADOW LANDS','PA','ATLANTIC','PENNSYLVANIA 1'),
('15348','MILLSBORO','MILLSBORO','PA','ATLANTIC','PENNSYLVANIA 1'),
('15349','MOUNT MORRIS','MOUNT MORRIS','PA','ATLANTIC','PENNSYLVANIA 1'),
('15350','MUSE','MUSE','PA','ATLANTIC','PENNSYLVANIA 1'),
('15351','NEMACOLIN','NEMACOLIN','PA','ATLANTIC','PENNSYLVANIA 1'),
('15352','NEW FREEPORT','NEW FREEPORT','PA','CENTRAL','KY-WV'),
('15353','NINEVEH','NINEVEH','PA','ATLANTIC','PENNSYLVANIA 1'),
('15357','CARMICHAELS','CARMICHAELS','PA','ATLANTIC','PENNSYLVANIA 1'),
('15357','RICES LANDING','RICES LANDING','PA','ATLANTIC','PENNSYLVANIA 1'),
('15358','RICHEYVILLE','RICHEYVILLE','PA','ATLANTIC','PENNSYLVANIA 1'),
('15359','ROGERSVILLE','ROGERSVILLE','PA','ATLANTIC','PENNSYLVANIA 1'),
('15360','BENTLEYVILLE','BENTLEYVILLE','PA','ATLANTIC','PENNSYLVANIA 1'),
('15360','SCENERY HILL','SCENERY HILL','PA','ATLANTIC','PENNSYLVANIA 1');

INSERT INTO us_locations (zip_code, locale_name, city, state, area_name, district_name) VALUES
('15361','MC DONALD','MC DONALD','PA','ATLANTIC','PENNSYLVANIA 1'),
('15362','SPRAGGS','SPRAGGS','PA','ATLANTIC','PENNSYLVANIA 1'),
('15363','CANONSBURG CARRIER ANNEX','CANONSBURG','PA','ATLANTIC','PENNSYLVANIA 1'),
('15363','STRABANE','STRABANE','PA','ATLANTIC','PENNSYLVANIA 1'),
('15364','SYCAMORE','SYCAMORE','PA','ATLANTIC','PENNSYLVANIA 1'),
('15365','TAYLORSTOWN','TAYLORSTOWN','PA','ATLANTIC','PENNSYLVANIA 1'),
('15366','VAN VOORHIS','VAN VOORHIS','PA','ATLANTIC','PENNSYLVANIA 1'),
('15367','VENETIA','VENETIA','PA','ATLANTIC','PENNSYLVANIA 1'),
('15368','VESTABURG','VESTABURG','PA','ATLANTIC','PENNSYLVANIA 1'),
('15370','WAYNESBURG','WAYNESBURG','PA','ATLANTIC','PENNSYLVANIA 1'),
('15376','WEST ALEXANDER','WEST ALEXANDER','PA','ATLANTIC','PENNSYLVANIA 1'),
('15377','WEST FINLEY','WEST FINLEY','PA','ATLANTIC','PENNSYLVANIA 1'),
('15378','WESTLAND','WESTLAND','PA','ATLANTIC','PENNSYLVANIA 1'),
('15379','WEST MIDDLETOWN','WEST MIDDLETOWN','PA','ATLANTIC','PENNSYLVANIA 1'),
('15380','WIND RIDGE','WIND RIDGE','PA','CENTRAL','KY-WV'),
('15401','DOWNTOWN UNIONTOWN','UNIONTOWN','PA','ATLANTIC','PENNSYLVANIA 1'),
('15401','UNIONTOWN','UNIONTOWN','PA','ATLANTIC','PENNSYLVANIA 1'),
('15410','BROWNSVILLE','BROWNSVILLE','PA','ATLANTIC','PENNSYLVANIA 1'),
('15410','MASONTOWN','MASONTOWN','PA','ATLANTIC','PENNSYLVANIA 1'),
('15411','ADDISON','ADDISON','PA','ATLANTIC','PENNSYLVANIA 1'),
('15412','ALLENPORT','ALLENPORT','PA','ATLANTIC','PENNSYLVANIA 1'),
('15413','ALLISON','ALLISON','PA','ATLANTIC','PENNSYLVANIA 1'),
('15415','BRIER HILL','BRIER HILL','PA','ATLANTIC','PENNSYLVANIA 1'),
('15416','BROWNFIELD','BROWNFIELD','PA','ATLANTIC','PENNSYLVANIA 1'),
('15417','BROWNSVILLE','BROWNSVILLE','PA','ATLANTIC','PENNSYLVANIA 1'),
('15419','CALIFORNIA','CALIFORNIA','PA','ATLANTIC','PENNSYLVANIA 1'),
('15420','CARDALE','CARDALE','PA','ATLANTIC','PENNSYLVANIA 1'),
('15421','CHALK HILL','CHALK HILL','PA','ATLANTIC','PENNSYLVANIA 1'),
('15422','CHESTNUT RIDGE','CHESTNUT RIDGE','PA','ATLANTIC','PENNSYLVANIA 1'),
('15423','COAL CENTER','COAL CENTER','PA','ATLANTIC','PENNSYLVANIA 1'),
('15424','CONFLUENCE','CONFLUENCE','PA','ATLANTIC','PENNSYLVANIA 1'),
('15425','CONNELLSVILLE','CONNELLSVILLE','PA','ATLANTIC','PENNSYLVANIA 1'),
('15427','BROWNSVILLE','BROWNSVILLE','PA','ATLANTIC','PENNSYLVANIA 1'),
('15427','DAISYTOWN','DAISYTOWN','PA','ATLANTIC','PENNSYLVANIA 1'),
('15428','DAWSON','DAWSON','PA','ATLANTIC','PENNSYLVANIA 1'),
('15429','BROWNSVILLE','BROWNSVILLE','PA','ATLANTIC','PENNSYLVANIA 1'),
('15430','DICKERSON RUN','DICKERSON RUN','PA','ATLANTIC','PENNSYLVANIA 1'),
('15431','CONNELLSVILLE','CONNELLSVILLE','PA','ATLANTIC','PENNSYLVANIA 1'),
('15431','DUNBAR','DUNBAR','PA','ATLANTIC','PENNSYLVANIA 1'),
('15432','DUNLEVY','DUNLEVY','PA','ATLANTIC','PENNSYLVANIA 1'),
('15433','BROWNSVILLE','BROWNSVILLE','PA','ATLANTIC','PENNSYLVANIA 1'),
('15433','EAST MILLSBORO','EAST MILLSBORO','PA','ATLANTIC','PENNSYLVANIA 1'),
('15434','ROSCOE','ROSCOE','PA','ATLANTIC','PENNSYLVANIA 1'),
('15435','FAIRBANK','FAIRBANK','PA','ATLANTIC','PENNSYLVANIA 1'),
('15436','FAIRCHANCE','FAIRCHANCE','PA','ATLANTIC','PENNSYLVANIA 1'),
('15437','FARMINGTON','FARMINGTON','PA','ATLANTIC','PENNSYLVANIA 1'),
('15438','FAYETTE CITY','FAYETTE CITY','PA','ATLANTIC','PENNSYLVANIA 1'),
('15439','GANS','GANS','PA','ATLANTIC','PENNSYLVANIA 1'),
('15440','GIBBON GLADE','GIBBON GLADE','PA','ATLANTIC','PENNSYLVANIA 1'),
('15442','BROWNSVILLE','BROWNSVILLE','PA','ATLANTIC','PENNSYLVANIA 1');

INSERT INTO us_locations (zip_code, locale_name, city, state, area_name, district_name) VALUES
('15442','GRINDSTONE','GRINDSTONE','PA','ATLANTIC','PENNSYLVANIA 1'),
('15443','HIBBS','HIBBS','PA','ATLANTIC','PENNSYLVANIA 1'),
('15444','HILLER','HILLER','PA','ATLANTIC','PENNSYLVANIA 1'),
('15445','HOPWOOD','HOPWOOD','PA','ATLANTIC','PENNSYLVANIA 1'),
('15446','INDIAN HEAD','INDIAN HEAD','PA','ATLANTIC','PENNSYLVANIA 1'),
('15447','ISABELLA','ISABELLA','PA','ATLANTIC','PENNSYLVANIA 1'),
('15448','JACOBS CREEK','JACOBS CREEK','PA','ATLANTIC','PENNSYLVANIA 1'),
('15449','KEISTERVILLE','KEISTERVILLE','PA','ATLANTIC','PENNSYLVANIA 1'),
('15450','LA BELLE','LA BELLE','PA','ATLANTIC','PENNSYLVANIA 1'),
('15451','POINT MARION','POINT MARION','PA','ATLANTIC','PENNSYLVANIA 1'),
('15454','LECKRONE','LECKRONE','PA','ATLANTIC','PENNSYLVANIA 1'),
('15455','LEISENRING','LEISENRING','PA','ATLANTIC','PENNSYLVANIA 1'),
('15456','LEMONT FURNACE','LEMONT FURNACE','PA','ATLANTIC','PENNSYLVANIA 1'),
('15458','MC CLELLANDTOWN','MC CLELLANDTOWN','PA','ATLANTIC','PENNSYLVANIA 1'),
('15459','FARMINGTON','FARMINGTON','PA','ATLANTIC','PENNSYLVANIA 1'),
('15459','MARKLEYSBURG','MARKLEYSBURG','PA','ATLANTIC','PENNSYLVANIA 1'),
('15460','MARTIN','MARTIN','PA','ATLANTIC','PENNSYLVANIA 1'),
('15461','MASONTOWN','MASONTOWN','PA','ATLANTIC','PENNSYLVANIA 1'),
('15462','MELCROFT','MELCROFT','PA','ATLANTIC','PENNSYLVANIA 1'),
('15463','MERRITTSTOWN','MERRITTSTOWN','PA','ATLANTIC','PENNSYLVANIA 1'),
('15464','MILL RUN','MILL RUN','PA','ATLANTIC','PENNSYLVANIA 1'),
('15464','NORMALVILLE','NORMALVILLE','PA','ATLANTIC','PENNSYLVANIA 1'),
('15465','MOUNT BRADDOCK','MOUNT BRADDOCK','PA','ATLANTIC','PENNSYLVANIA 1'),
('15466','NEWELL','NEWELL','PA','ATLANTIC','PENNSYLVANIA 1'),
('15467','POINT MARION','POINT MARION','PA','ATLANTIC','PENNSYLVANIA 1'),
('15468','NEW SALEM','NEW SALEM','PA','ATLANTIC','PENNSYLVANIA 1'),
('15469','NORMALVILLE','NORMALVILLE','PA','ATLANTIC','PENNSYLVANIA 1'),
('15470','OHIOPYLE','OHIOPYLE','PA','ATLANTIC','PENNSYLVANIA 1'),
('15472','OLIVER','OLIVER','PA','ATLANTIC','PENNSYLVANIA 1'),
('15473','PERRYOPOLIS','PERRYOPOLIS','PA','ATLANTIC','PENNSYLVANIA 1'),
('15474','POINT MARION','POINT MARION','PA','ATLANTIC','PENNSYLVANIA 1'),
('15475','REPUBLIC','REPUBLIC','PA','ATLANTIC','PENNSYLVANIA 1'),
('15476','RONCO','RONCO','PA','ATLANTIC','PENNSYLVANIA 1'),
('15477','ROSCOE','ROSCOE','PA','ATLANTIC','PENNSYLVANIA 1'),
('15478','SMITHFIELD','SMITHFIELD','PA','ATLANTIC','PENNSYLVANIA 1'),
('15479','SMITHTON','SMITHTON','PA','ATLANTIC','PENNSYLVANIA 1'),
('15480','SMOCK','SMOCK','PA','ATLANTIC','PENNSYLVANIA 1'),
('15482','STAR JUNCTION','STAR JUNCTION','PA','ATLANTIC','PENNSYLVANIA 1'),
('15483','STOCKDALE','STOCKDALE','PA','ATLANTIC','PENNSYLVANIA 1'),
('15484','ULEDI','ULEDI','PA','ATLANTIC','PENNSYLVANIA 1'),
('15485','CONFLUENCE','CONFLUENCE','PA','ATLANTIC','PENNSYLVANIA 1'),
('15486','DAWSON','DAWSON','PA','ATLANTIC','PENNSYLVANIA 1'),
('15488','WALTERSBURG','WALTERSBURG','PA','ATLANTIC','PENNSYLVANIA 1'),
('15489','WEST LEISENRING','WEST LEISENRING','PA','ATLANTIC','PENNSYLVANIA 1'),
('15490','WHITE','WHITE','PA','ATLANTIC','PENNSYLVANIA 1'),
('15492','PERRYOPOLIS','PERRYOPOLIS','PA','ATLANTIC','PENNSYLVANIA 1'),
('15501','SOMERSET','SOMERSET','PA','ATLANTIC','PENNSYLVANIA 1'),
('15502','SOMERSET','SOMERSET','PA','ATLANTIC','PENNSYLVANIA 1'),
('15520','ACOSTA','ACOSTA','PA','ATLANTIC','PENNSYLVANIA 1'),
('15521','ALUM BANK','ALUM BANK','PA','ATLANTIC','PENNSYLVANIA 1');

INSERT INTO us_locations (zip_code, locale_name, city, state, area_name, district_name) VALUES
('15522','BEDFORD','BEDFORD','PA','ATLANTIC','PENNSYLVANIA 1'),
('15530','BERLIN','BERLIN','PA','ATLANTIC','PENNSYLVANIA 1'),
('15530','SOMERSET','SOMERSET','PA','ATLANTIC','PENNSYLVANIA 1'),
('15531','BOSWELL','BOSWELL','PA','ATLANTIC','PENNSYLVANIA 1'),
('15532','BOYNTON','BOYNTON','PA','ATLANTIC','PENNSYLVANIA 1'),
('15533','BREEZEWOOD','BREEZEWOOD','PA','ATLANTIC','PENNSYLVANIA 1'),
('15534','BUFFALO MILLS','BUFFALO MILLS','PA','ATLANTIC','PENNSYLVANIA 1'),
('15534','MANNS CHOICE','MANNS CHOICE','PA','ATLANTIC','PENNSYLVANIA 1'),
('15535','CLEARVILLE','CLEARVILLE','PA','ATLANTIC','PENNSYLVANIA 1'),
('15536','CRYSTAL SPRING','CRYSTAL SPRING','PA','ATLANTIC','PENNSYLVANIA 1'),
('15537','EVERETT','EVERETT','PA','ATLANTIC','PENNSYLVANIA 1'),
('15538','FAIRHOPE','FAIRHOPE','PA','ATLANTIC','PENNSYLVANIA 1'),
('15539','FISHERTOWN','FISHERTOWN','PA','ATLANTIC','PENNSYLVANIA 1'),
('15540','FORT HILL','FORT HILL','PA','ATLANTIC','PENNSYLVANIA 1'),
('15541','FRIEDENS','FRIEDENS','PA','ATLANTIC','PENNSYLVANIA 1'),
('15541','STOYSTOWN','STOYSTOWN','PA','ATLANTIC','PENNSYLVANIA 1'),
('15542','GARRETT','GARRETT','PA','ATLANTIC','PENNSYLVANIA 1'),
('15544','GRAY','GRAY','PA','ATLANTIC','PENNSYLVANIA 1'),
('15545','HYNDMAN','HYNDMAN','PA','ATLANTIC','PENNSYLVANIA 1'),
('15547','JENNERSTOWN','JENNERSTOWN','PA','ATLANTIC','PENNSYLVANIA 1'),
('15549','FRIEDENS','FRIEDENS','PA','ATLANTIC','PENNSYLVANIA 1'),
('15550','MANNS CHOICE','MANNS CHOICE','PA','ATLANTIC','PENNSYLVANIA 1'),
('15551','MARKLETON','MARKLETON','PA','ATLANTIC','PENNSYLVANIA 1'),
('15552','MEYERSDALE','MEYERSDALE','PA','ATLANTIC','PENNSYLVANIA 1'),
('15553','NEW BALTIMORE','NEW BALTIMORE','PA','ATLANTIC','PENNSYLVANIA 1'),
('15554','NEW PARIS','NEW PARIS','PA','ATLANTIC','PENNSYLVANIA 1'),
('15555','SOMERSET','SOMERSET','PA','ATLANTIC','PENNSYLVANIA 1'),
('15557','ROCKWOOD','ROCKWOOD','PA','ATLANTIC','PENNSYLVANIA 1'),
('15558','SALISBURY','SALISBURY','PA','ATLANTIC','PENNSYLVANIA 1'),
('15559','MANNS CHOICE','MANNS CHOICE','PA','ATLANTIC','PENNSYLVANIA 1'),
('15560','SHANKSVILLE','SHANKSVILLE','PA','ATLANTIC','PENNSYLVANIA 1'),
('15561','SIPESVILLE','SIPESVILLE','PA','ATLANTIC','PENNSYLVANIA 1'),
('15562','SPRINGS','SPRINGS','PA','ATLANTIC','PENNSYLVANIA 1'),
('15563','STOYSTOWN','STOYSTOWN','PA','ATLANTIC','PENNSYLVANIA 1'),
('15601','GREENSBURG','GREENSBURG','PA','ATLANTIC','PENNSYLVANIA 1'),
('15610','ACME','ACME','PA','ATLANTIC','PENNSYLVANIA 1'),
('15610','CHAMPION','CHAMPION','PA','ATLANTIC','PENNSYLVANIA 1'),
('15611','ADAMSBURG','ADAMSBURG','PA','ATLANTIC','PENNSYLVANIA 1'),
('15612','ALVERTON','ALVERTON','PA','ATLANTIC','PENNSYLVANIA 1'),
('15613','APOLLO','APOLLO','PA','ATLANTIC','PENNSYLVANIA 1'),
('15615','ARDARA','ARDARA','PA','ATLANTIC','PENNSYLVANIA 1'),
('15615','NORTH HUNTINGDON','IRWIN','PA','ATLANTIC','PENNSYLVANIA 1'),
('15616','ARMBRUST','ARMBRUST','PA','ATLANTIC','PENNSYLVANIA 1'),
('15617','ARONA','ARONA','PA','ATLANTIC','PENNSYLVANIA 1'),
('15618','AVONMORE','AVONMORE','PA','ATLANTIC','PENNSYLVANIA 1'),
('15619','BOVARD','BOVARD','PA','ATLANTIC','PENNSYLVANIA 1'),
('15620','BRADENVILLE','BRADENVILLE','PA','ATLANTIC','PENNSYLVANIA 1'),
('15620','LATROBE','LATROBE','PA','ATLANTIC','PENNSYLVANIA 1'),
('15622','CHAMPION','CHAMPION','PA','ATLANTIC','PENNSYLVANIA 1'),
('15623','CLARIDGE','CLARIDGE','PA','ATLANTIC','PENNSYLVANIA 1');

