INSERT INTO us_locations (zip_code, locale_name, city, state, area_name, district_name) VALUES
('05046','GROTON','GROTON','VT','ATLANTIC','ME-NH-VT'),
('05047','HARTFORD','HARTFORD','VT','ATLANTIC','ME-NH-VT'),
('05048','HARTLAND','HARTLAND','VT','ATLANTIC','ME-NH-VT'),
('05049','HARTLAND','HARTLAND','VT','ATLANTIC','ME-NH-VT'),
('05050','MC INDOE FALLS','MC INDOE FALLS','VT','ATLANTIC','ME-NH-VT'),
('05051','NEWBURY','NEWBURY','VT','ATLANTIC','ME-NH-VT'),
('05052','NORTH HARTLAND','NORTH HARTLAND','VT','ATLANTIC','ME-NH-VT'),
('05053','NORTH POMFRET','NORTH POMFRET','VT','ATLANTIC','ME-NH-VT'),
('05054','NORTH THETFORD','NORTH THETFORD','VT','ATLANTIC','ME-NH-VT'),
('05055','NORWICH','NORWICH','VT','ATLANTIC','ME-NH-VT'),
('05055','WILDER','WILDER','VT','ATLANTIC','ME-NH-VT'),
('05056','PLYMOUTH','PLYMOUTH','VT','ATLANTIC','ME-NH-VT'),
('05058','POST MILLS','POST MILLS','VT','ATLANTIC','ME-NH-VT'),
('05059','QUECHEE','QUECHEE','VT','ATLANTIC','ME-NH-VT'),
('05060','RANDOLPH','RANDOLPH','VT','ATLANTIC','ME-NH-VT'),
('05061','RANDOLPH','RANDOLPH','VT','ATLANTIC','ME-NH-VT'),
('05061','RANDOLPH CENTER','RANDOLPH CENTER','VT','ATLANTIC','ME-NH-VT'),
('05062','READING','READING','VT','ATLANTIC','ME-NH-VT'),
('05065','SHARON','SHARON','VT','ATLANTIC','ME-NH-VT'),
('05067','HARTFORD','HARTFORD','VT','ATLANTIC','ME-NH-VT'),
('05067','SOUTH POMFRET','SOUTH POMFRET','VT','ATLANTIC','ME-NH-VT'),
('05068','SOUTH ROYALTON','SOUTH ROYALTON','VT','ATLANTIC','ME-NH-VT'),
('05069','SOUTH RYEGATE','SOUTH RYEGATE','VT','ATLANTIC','ME-NH-VT'),
('05070','SOUTH STRAFFORD','SOUTH STRAFFORD','VT','ATLANTIC','ME-NH-VT'),
('05071','SOUTH WOODSTOCK','SOUTH WOODSTOCK','VT','ATLANTIC','ME-NH-VT'),
('05072','STRAFFORD','STRAFFORD','VT','ATLANTIC','ME-NH-VT'),
('05073','TAFTSVILLE','TAFTSVILLE','VT','ATLANTIC','ME-NH-VT'),
('05074','THETFORD','THETFORD','VT','ATLANTIC','ME-NH-VT'),
('05075','THETFORD','THETFORD','VT','ATLANTIC','ME-NH-VT'),
('05075','THETFORD CENTER CARRIERS','THETFORD','VT','ATLANTIC','ME-NH-VT'),
('05076','EAST CORINTH','EAST CORINTH','VT','ATLANTIC','ME-NH-VT'),
('05077','TUNBRIDGE','TUNBRIDGE','VT','ATLANTIC','ME-NH-VT'),
('05079','VERSHIRE','VERSHIRE','VT','ATLANTIC','ME-NH-VT'),
('05081','WELLS RIVER','WELLS RIVER','VT','ATLANTIC','ME-NH-VT'),
('05083','THETFORD','THETFORD','VT','ATLANTIC','ME-NH-VT'),
('05084','HARTFORD','HARTFORD','VT','ATLANTIC','ME-NH-VT'),
('05085','WEST NEWBURY','WEST NEWBURY','VT','ATLANTIC','ME-NH-VT'),
('05086','WEST TOPSHAM','WEST TOPSHAM','VT','ATLANTIC','ME-NH-VT'),
('05088','WILDER','WILDER','VT','ATLANTIC','ME-NH-VT'),
('05089','WINDSOR','WINDSOR','VT','ATLANTIC','ME-NH-VT'),
('05091','WOODSTOCK','WOODSTOCK','VT','ATLANTIC','ME-NH-VT'),
('05101','BELLOWS FALLS','BELLOWS FALLS','VT','ATLANTIC','ME-NH-VT'),
('05141','SAXTONS RIVER','SAXTONS RIVER','VT','ATLANTIC','ME-NH-VT'),
('05142','CAVENDISH','CAVENDISH','VT','ATLANTIC','ME-NH-VT'),
('05143','CHESTER','CHESTER','VT','ATLANTIC','ME-NH-VT'),
('05146','GRAFTON','GRAFTON','VT','ATLANTIC','ME-NH-VT'),
('05148','LONDONDERRY','LONDONDERRY','VT','ATLANTIC','ME-NH-VT'),
('05149','LUDLOW','LUDLOW','VT','ATLANTIC','ME-NH-VT'),
('05150','NORTH SPRINGFIELD','NORTH SPRINGFIELD','VT','ATLANTIC','ME-NH-VT'),
('05151','PERKINSVILLE','PERKINSVILLE','VT','ATLANTIC','ME-NH-VT');

INSERT INTO us_locations (zip_code, locale_name, city, state, area_name, district_name) VALUES
('05152','PERU','PERU','VT','ATLANTIC','ME-NH-VT'),
('05153','PROCTORSVILLE','PROCTORSVILLE','VT','ATLANTIC','ME-NH-VT'),
('05154','SAXTONS RIVER','SAXTONS RIVER','VT','ATLANTIC','ME-NH-VT'),
('05155','SOUTH LONDONDERRY','SOUTH LONDONDERRY','VT','ATLANTIC','ME-NH-VT'),
('05155','STRATTON MOUNTAIN NPU','SOUTH LONDONDERRY','VT','ATLANTIC','ME-NH-VT'),
('05156','NORTH SPRINGFIELD','NORTH SPRINGFIELD','VT','ATLANTIC','ME-NH-VT'),
('05156','SPRINGFIELD CARRIER','ASCUTNEY','VT','ATLANTIC','ME-NH-VT'),
('05158','WESTMINSTER','WESTMINSTER','VT','ATLANTIC','ME-NH-VT'),
('05159','WESTMINSTER STATION','WESTMINSTER STATION','VT','ATLANTIC','ME-NH-VT'),
('05161','WESTON','WESTON','VT','ATLANTIC','ME-NH-VT'),
('05201','BENNINGTON','BENNINGTON','VT','ATLANTIC','ME-NH-VT'),
('05250','ARLINGTON','ARLINGTON','VT','ATLANTIC','ME-NH-VT'),
('05250','MANCHESTER CENTER','MANCHESTER CENTER','VT','ATLANTIC','ME-NH-VT'),
('05251','DORSET','DORSET','VT','ATLANTIC','ME-NH-VT'),
('05251','MANCHESTER CENTER','MANCHESTER CENTER','VT','ATLANTIC','ME-NH-VT'),
('05252','EAST ARLINGTON','EAST ARLINGTON','VT','ATLANTIC','ME-NH-VT'),
('05253','EAST DORSET','EAST DORSET','VT','ATLANTIC','ME-NH-VT'),
('05253','MANCHESTER CENTER','MANCHESTER CENTER','VT','ATLANTIC','ME-NH-VT'),
('05254','MANCHESTER','MANCHESTER','VT','ATLANTIC','ME-NH-VT'),
('05255','MANCHESTER CENTER','MANCHESTER CENTER','VT','ATLANTIC','ME-NH-VT'),
('05257','BENNINGTON','BENNINGTON','VT','ATLANTIC','ME-NH-VT'),
('05257','NORTH BENNINGTON','NORTH BENNINGTON','VT','ATLANTIC','ME-NH-VT'),
('05260','NORTH POWNAL','NORTH POWNAL','VT','ATLANTIC','ME-NH-VT'),
('05261','BENNINGTON','BENNINGTON','VT','ATLANTIC','ME-NH-VT'),
('05261','POWNAL','POWNAL','VT','ATLANTIC','ME-NH-VT'),
('05262','BENNINGTON','BENNINGTON','VT','ATLANTIC','ME-NH-VT'),
('05262','SHAFTSBURY','SHAFTSBURY','VT','ATLANTIC','ME-NH-VT'),
('05301','BRATTLEBORO','BRATTLEBORO','VT','ATLANTIC','ME-NH-VT'),
('05302','BRATTLEBORO','BRATTLEBORO','VT','ATLANTIC','ME-NH-VT'),
('05303','WEST BRATTLEBORO','BRATTLEBORO','VT','ATLANTIC','ME-NH-VT'),
('05304','NORTH BRATTLEBORO','BRATTLEBORO','VT','ATLANTIC','ME-NH-VT'),
('05340','BONDVILLE','BONDVILLE','VT','ATLANTIC','ME-NH-VT'),
('05341','EAST DOVER','EAST DOVER','VT','ATLANTIC','ME-NH-VT'),
('05342','JACKSONVILLE','JACKSONVILLE','VT','ATLANTIC','ME-NH-VT'),
('05343','JAMAICA','JAMAICA','VT','ATLANTIC','ME-NH-VT'),
('05344','MARLBORO','MARLBORO','VT','ATLANTIC','ME-NH-VT'),
('05345','NEWFANE','NEWFANE','VT','ATLANTIC','ME-NH-VT'),
('05346','PUTNEY','PUTNEY','VT','ATLANTIC','ME-NH-VT'),
('05350','READSBORO','READSBORO','VT','ATLANTIC','ME-NH-VT'),
('05351','WILLIAMSVILLE','WILLIAMSVILLE','VT','ATLANTIC','ME-NH-VT'),
('05352','READSBORO','READSBORO','VT','ATLANTIC','ME-NH-VT'),
('05353','TOWNSHEND','TOWNSHEND','VT','ATLANTIC','ME-NH-VT'),
('05354','VERNON','VERNON','VT','ATLANTIC','ME-NH-VT'),
('05355','WARDSBORO','WARDSBORO','VT','ATLANTIC','ME-NH-VT'),
('05356','WEST DOVER','WEST DOVER','VT','ATLANTIC','ME-NH-VT'),
('05357','WEST DUMMERSTON','WEST DUMMERSTON','VT','ATLANTIC','ME-NH-VT'),
('05358','WEST HALIFAX','WEST HALIFAX','VT','ATLANTIC','ME-NH-VT'),
('05359','TOWNSHEND','TOWNSHEND','VT','ATLANTIC','ME-NH-VT'),
('05359','WEST TOWNSHEND','WEST TOWNSHEND','VT','ATLANTIC','ME-NH-VT'),
('05360','WEST WARDSBORO','WEST WARDSBORO','VT','ATLANTIC','ME-NH-VT');

INSERT INTO us_locations (zip_code, locale_name, city, state, area_name, district_name) VALUES
('05361','WHITINGHAM','WHITINGHAM','VT','ATLANTIC','ME-NH-VT'),
('05362','WILLIAMSVILLE','WILLIAMSVILLE','VT','ATLANTIC','ME-NH-VT'),
('05363','WILMINGTON','WILMINGTON','VT','ATLANTIC','ME-NH-VT'),
('05401','BURLINGTON ANNEX','BURLINGTON','VT','ATLANTIC','ME-NH-VT'),
('05402','BURLINGTON','BURLINGTON','VT','ATLANTIC','ME-NH-VT'),
('05403','BURLINGTON ANNEX','BURLINGTON','VT','ATLANTIC','ME-NH-VT'),
('05403','SOUTH BURLINGTON','SOUTH BURLINGTON','VT','ATLANTIC','ME-NH-VT'),
('05404','WINOOSKI','WINOOSKI','VT','ATLANTIC','ME-NH-VT'),
('05406','BURLINGTON CHAMPLAIN','BURLINGTON','VT','ATLANTIC','ME-NH-VT'),
('05407','SOUTH BURLINGTON','SOUTH BURLINGTON','VT','ATLANTIC','ME-NH-VT'),
('05408','NORTH BURLINGTON','BURLINGTON','VT','ATLANTIC','ME-NH-VT'),
('05440','ALBURGH','ALBURGH','VT','ATLANTIC','ME-NH-VT'),
('05441','BAKERSFIELD','BAKERSFIELD','VT','ATLANTIC','ME-NH-VT'),
('05442','WATERVILLE','WATERVILLE','VT','ATLANTIC','ME-NH-VT'),
('05443','BRISTOL','BRISTOL','VT','ATLANTIC','ME-NH-VT'),
('05444','CAMBRIDGE','CAMBRIDGE','VT','ATLANTIC','ME-NH-VT'),
('05445','CHARLOTTE','CHARLOTTE','VT','ATLANTIC','ME-NH-VT'),
('05445','SHELBURNE','SHELBURNE','VT','ATLANTIC','ME-NH-VT'),
('05446','COLCHESTER','COLCHESTER','VT','ATLANTIC','ME-NH-VT'),
('05447','ENOSBURG FALLS','ENOSBURG FALLS','VT','ATLANTIC','ME-NH-VT'),
('05448','EAST FAIRFIELD','EAST FAIRFIELD','VT','ATLANTIC','ME-NH-VT'),
('05449','COLCHESTER','COLCHESTER','VT','ATLANTIC','ME-NH-VT'),
('05450','ENOSBURG FALLS','ENOSBURG FALLS','VT','ATLANTIC','ME-NH-VT'),
('05451','ESSEX JUNCTION','ESSEX JUNCTION','VT','ATLANTIC','ME-NH-VT'),
('05452','ESSEX JUNCTION','ESSEX JUNCTION','VT','ATLANTIC','ME-NH-VT'),
('05453','PEARL STREET','ESSEX JUNCTION','VT','ATLANTIC','ME-NH-VT'),
('05454','FAIRFAX','FAIRFAX','VT','ATLANTIC','ME-NH-VT'),
('05455','FAIRFIELD','FAIRFIELD','VT','ATLANTIC','ME-NH-VT'),
('05456','FERRISBURGH','FERRISBURGH','VT','ATLANTIC','ME-NH-VT'),
('05456','VERGENNES','VERGENNES','VT','ATLANTIC','ME-NH-VT'),
('05457','FRANKLIN','FRANKLIN','VT','ATLANTIC','ME-NH-VT'),
('05458','GRAND ISLE','GRAND ISLE','VT','ATLANTIC','ME-NH-VT'),
('05459','HIGHGATE CENTER','HIGHGATE CENTER','VT','ATLANTIC','ME-NH-VT'),
('05460','HIGHGATE SPRINGS','HIGHGATE SPRINGS','VT','ATLANTIC','ME-NH-VT'),
('05461','HINESBURG','HINESBURG','VT','ATLANTIC','ME-NH-VT'),
('05462','HUNTINGTON','HUNTINGTON','VT','ATLANTIC','ME-NH-VT'),
('05463','ALBURGH','ALBURGH','VT','ATLANTIC','ME-NH-VT'),
('05463','ISLE LA MOTTE','ISLE LA MOTTE','VT','ATLANTIC','ME-NH-VT'),
('05464','JEFFERSONVILLE','JEFFERSONVILLE','VT','ATLANTIC','ME-NH-VT'),
('05465','JERICHO','JERICHO','VT','ATLANTIC','ME-NH-VT'),
('05466','JONESVILLE','JONESVILLE','VT','ATLANTIC','ME-NH-VT'),
('05468','MILTON','MILTON','VT','ATLANTIC','ME-NH-VT'),
('05469','MONKTON','MONKTON','VT','ATLANTIC','ME-NH-VT'),
('05470','MONTGOMERY','MONTGOMERY','VT','ATLANTIC','ME-NH-VT'),
('05471','MONTGOMERY','MONTGOMERY','VT','ATLANTIC','ME-NH-VT'),
('05472','NEW HAVEN','NEW HAVEN','VT','ATLANTIC','ME-NH-VT'),
('05473','CHARLOTTE','CHARLOTTE','VT','ATLANTIC','ME-NH-VT'),
('05473','NORTH FERRISBURGH','NORTH FERRISBURGH','VT','ATLANTIC','ME-NH-VT'),
('05474','NORTH HERO','NORTH HERO','VT','ATLANTIC','ME-NH-VT'),
('05476','RICHFORD','RICHFORD','VT','ATLANTIC','ME-NH-VT');

INSERT INTO us_locations (zip_code, locale_name, city, state, area_name, district_name) VALUES
('05477','RICHMOND','RICHMOND','VT','ATLANTIC','ME-NH-VT'),
('05478','SAINT ALBANS','SAINT ALBANS','VT','ATLANTIC','ME-NH-VT'),
('05481','SAINT ALBANS BAY','SAINT ALBANS BAY','VT','ATLANTIC','ME-NH-VT'),
('05482','SHELBURNE','SHELBURNE','VT','ATLANTIC','ME-NH-VT'),
('05483','SHELDON SPRINGS','SHELDON SPRINGS','VT','ATLANTIC','ME-NH-VT'),
('05485','SHELDON SPRINGS','SHELDON SPRINGS','VT','ATLANTIC','ME-NH-VT'),
('05486','SOUTH HERO','SOUTH HERO','VT','ATLANTIC','ME-NH-VT'),
('05487','STARKSBORO','STARKSBORO','VT','ATLANTIC','ME-NH-VT'),
('05488','SWANTON','SWANTON','VT','ATLANTIC','ME-NH-VT'),
('05489','UNDERHILL','UNDERHILL','VT','ATLANTIC','ME-NH-VT'),
('05490','UNDERHILL CENTER','UNDERHILL CENTER','VT','ATLANTIC','ME-NH-VT'),
('05491','VERGENNES','VERGENNES','VT','ATLANTIC','ME-NH-VT'),
('05492','WATERVILLE','WATERVILLE','VT','ATLANTIC','ME-NH-VT'),
('05494','WESTFORD','WESTFORD','VT','ATLANTIC','ME-NH-VT'),
('05495','WILLISTON','WILLISTON','VT','ATLANTIC','ME-NH-VT'),
('05601','MONTPELIER','MONTPELIER','VT','ATLANTIC','ME-NH-VT'),
('05602','MONTPELIER CARRIER ANNEX','BERLIN','VT','ATLANTIC','ME-NH-VT'),
('05640','ADAMANT','ADAMANT','VT','ATLANTIC','ME-NH-VT'),
('05640','MONTPELIER CARRIER ANNEX','BERLIN','VT','ATLANTIC','ME-NH-VT'),
('05641','BARRE','BARRE','VT','ATLANTIC','ME-NH-VT'),
('05647','CABOT','CABOT','VT','ATLANTIC','ME-NH-VT'),
('05648','CALAIS','CALAIS','VT','ATLANTIC','ME-NH-VT'),
('05649','EAST BARRE','EAST BARRE','VT','ATLANTIC','ME-NH-VT'),
('05650','EAST CALAIS','EAST CALAIS','VT','ATLANTIC','ME-NH-VT'),
('05651','EAST MONTPELIER','EAST MONTPELIER','VT','ATLANTIC','ME-NH-VT'),
('05652','EDEN','EDEN','VT','ATLANTIC','ME-NH-VT'),
('05653','EDEN','EDEN','VT','ATLANTIC','ME-NH-VT'),
('05654','GRANITEVILLE','GRANITEVILLE','VT','ATLANTIC','ME-NH-VT'),
('05655','HYDE PARK','HYDE PARK','VT','ATLANTIC','ME-NH-VT'),
('05656','JOHNSON','JOHNSON','VT','ATLANTIC','ME-NH-VT'),
('05657','LAKE ELMORE','LAKE ELMORE','VT','ATLANTIC','ME-NH-VT'),
('05658','MARSHFIELD','MARSHFIELD','VT','ATLANTIC','ME-NH-VT'),
('05660','MORETOWN','MORETOWN','VT','ATLANTIC','ME-NH-VT'),
('05661','MORRISVILLE','MORRISVILLE','VT','ATLANTIC','ME-NH-VT'),
('05662','STOWE','STOWE','VT','ATLANTIC','ME-NH-VT'),
('05663','NORTHFIELD','NORTHFIELD','VT','ATLANTIC','ME-NH-VT'),
('05664','NORTHFIELD FALLS','NORTHFIELD FALLS','VT','ATLANTIC','ME-NH-VT'),
('05665','NORTH HYDE PARK','NORTH HYDE PARK','VT','ATLANTIC','ME-NH-VT'),
('05666','PLAINFIELD','PLAINFIELD','VT','ATLANTIC','ME-NH-VT'),
('05667','MONTPELIER CARRIER ANNEX','BERLIN','VT','ATLANTIC','ME-NH-VT'),
('05667','PLAINFIELD','PLAINFIELD','VT','ATLANTIC','ME-NH-VT'),
('05669','NORTHFIELD','NORTHFIELD','VT','ATLANTIC','ME-NH-VT'),
('05669','ROXBURY','ROXBURY','VT','ATLANTIC','ME-NH-VT'),
('05670','SOUTH BARRE','SOUTH BARRE','VT','ATLANTIC','ME-NH-VT'),
('05672','STOWE','STOWE','VT','ATLANTIC','ME-NH-VT'),
('05672','STOWE DPOBU','STOWE','VT','ATLANTIC','ME-NH-VT'),
('05673','WAITSFIELD','WAITSFIELD','VT','ATLANTIC','ME-NH-VT'),
('05674','WARREN','WARREN','VT','ATLANTIC','ME-NH-VT'),
('05675','WASHINGTON','WASHINGTON','VT','ATLANTIC','ME-NH-VT'),
('05676','WATERBURY','WATERBURY','VT','ATLANTIC','ME-NH-VT');

INSERT INTO us_locations (zip_code, locale_name, city, state, area_name, district_name) VALUES
('05677','WATERBURY CENTER','WATERBURY CENTER','VT','ATLANTIC','ME-NH-VT'),
('05678','WEBSTERVILLE','WEBSTERVILLE','VT','ATLANTIC','ME-NH-VT'),
('05679','WILLIAMSTOWN','WILLIAMSTOWN','VT','ATLANTIC','ME-NH-VT'),
('05680','WOLCOTT','WOLCOTT','VT','ATLANTIC','ME-NH-VT'),
('05681','WOODBURY','WOODBURY','VT','ATLANTIC','ME-NH-VT'),
('05682','WORCESTER','WORCESTER','VT','ATLANTIC','ME-NH-VT'),
('05701','CPU CIRCLE K','RUTLAND','VT','ATLANTIC','ME-NH-VT'),
('05701','RUTLAND','RUTLAND','VT','ATLANTIC','ME-NH-VT'),
('05702','RUTLAND','RUTLAND','VT','ATLANTIC','ME-NH-VT'),
('05730','BELMONT','BELMONT','VT','ATLANTIC','ME-NH-VT'),
('05731','FAIR HAVEN','FAIR HAVEN','VT','ATLANTIC','ME-NH-VT'),
('05732','BOMOSEEN','BOMOSEEN','VT','ATLANTIC','ME-NH-VT'),
('05733','BRANDON','BRANDON','VT','ATLANTIC','ME-NH-VT'),
('05734','BRIDPORT','BRIDPORT','VT','ATLANTIC','ME-NH-VT'),
('05735','CASTLETON','CASTLETON','VT','ATLANTIC','ME-NH-VT'),
('05735','FAIR HAVEN','FAIR HAVEN','VT','ATLANTIC','ME-NH-VT'),
('05736','WEST RUTLAND','WEST RUTLAND','VT','ATLANTIC','ME-NH-VT'),
('05737','CHITTENDEN','CHITTENDEN','VT','ATLANTIC','ME-NH-VT'),
('05738','CUTTINGSVILLE','CUTTINGSVILLE','VT','ATLANTIC','ME-NH-VT'),
('05739','DANBY','DANBY','VT','ATLANTIC','ME-NH-VT'),
('05740','EAST MIDDLEBURY','EAST MIDDLEBURY','VT','ATLANTIC','ME-NH-VT'),
('05741','POULTNEY','POULTNEY','VT','ATLANTIC','ME-NH-VT'),
('05742','EAST WALLINGFORD','EAST WALLINGFORD','VT','ATLANTIC','ME-NH-VT'),
('05743','FAIR HAVEN','FAIR HAVEN','VT','ATLANTIC','ME-NH-VT'),
('05744','FLORENCE','FLORENCE','VT','ATLANTIC','ME-NH-VT'),
('05744','PITTSFORD','PITTSFORD','VT','ATLANTIC','ME-NH-VT'),
('05745','FOREST DALE','FOREST DALE','VT','ATLANTIC','ME-NH-VT'),
('05746','GAYSVILLE','GAYSVILLE','VT','ATLANTIC','ME-NH-VT'),
('05747','GRANVILLE','GRANVILLE','VT','ATLANTIC','ME-NH-VT'),
('05747','ROCHESTER','ROCHESTER','VT','ATLANTIC','ME-NH-VT'),
('05748','HANCOCK','HANCOCK','VT','ATLANTIC','ME-NH-VT'),
('05750','HYDEVILLE','HYDEVILLE','VT','ATLANTIC','ME-NH-VT'),
('05751','KILLINGTON','KILLINGTON','VT','ATLANTIC','ME-NH-VT'),
('05753','MIDDLEBURY','MIDDLEBURY','VT','ATLANTIC','ME-NH-VT'),
('05753','MIDDLEBURY ANNEX','MIDDLEBURY','VT','ATLANTIC','ME-NH-VT'),
('05757','MIDDLETOWN SPRINGS','MIDDLETOWN SPRINGS','VT','ATLANTIC','ME-NH-VT'),
('05758','MOUNT HOLLY','MOUNT HOLLY','VT','ATLANTIC','ME-NH-VT'),
('05759','NORTH CLARENDON','NORTH CLARENDON','VT','ATLANTIC','ME-NH-VT'),
('05759','RUTLAND','RUTLAND','VT','ATLANTIC','ME-NH-VT'),
('05760','ORWELL','ORWELL','VT','ATLANTIC','ME-NH-VT'),
('05761','PAWLET','PAWLET','VT','ATLANTIC','ME-NH-VT'),
('05762','PITTSFIELD','PITTSFIELD','VT','ATLANTIC','ME-NH-VT'),
('05763','PITTSFORD','PITTSFORD','VT','ATLANTIC','ME-NH-VT'),
('05764','FAIR HAVEN','FAIR HAVEN','VT','ATLANTIC','ME-NH-VT'),
('05764','POULTNEY','POULTNEY','VT','ATLANTIC','ME-NH-VT'),
('05765','PROCTOR','PROCTOR','VT','ATLANTIC','ME-NH-VT'),
('05765','RUTLAND','RUTLAND','VT','ATLANTIC','ME-NH-VT'),
('05766','VPO RIPTON','RIPTON','VT','ATLANTIC','ME-NH-VT'),
('05767','ROCHESTER','ROCHESTER','VT','ATLANTIC','ME-NH-VT'),
('05768','RUPERT','RUPERT','VT','ATLANTIC','ME-NH-VT');

INSERT INTO us_locations (zip_code, locale_name, city, state, area_name, district_name) VALUES
('05769','SALISBURY','SALISBURY','VT','ATLANTIC','ME-NH-VT'),
('05770','SHOREHAM','SHOREHAM','VT','ATLANTIC','ME-NH-VT'),
('05772','STOCKBRIDGE','STOCKBRIDGE','VT','ATLANTIC','ME-NH-VT'),
('05773','WALLINGFORD','WALLINGFORD','VT','ATLANTIC','ME-NH-VT'),
('05774','WELLS','WELLS','VT','ATLANTIC','ME-NH-VT'),
('05775','WEST PAWLET','WEST PAWLET','VT','ATLANTIC','ME-NH-VT'),
('05776','WEST RUPERT','WEST RUPERT','VT','ATLANTIC','ME-NH-VT'),
('05777','WEST RUTLAND','WEST RUTLAND','VT','ATLANTIC','ME-NH-VT'),
('05778','WHITING','WHITING','VT','ATLANTIC','ME-NH-VT'),
('05819','SAINT JOHNSBURY','SAINT JOHNSBURY','VT','ATLANTIC','ME-NH-VT'),
('05820','ALBANY','ALBANY','VT','ATLANTIC','ME-NH-VT'),
('05821','BARNET','BARNET','VT','ATLANTIC','ME-NH-VT'),
('05822','BARTON','BARTON','VT','ATLANTIC','ME-NH-VT'),
('05823','BEEBE PLAIN','BEEBE PLAIN','VT','ATLANTIC','ME-NH-VT'),
('05824','CONCORD','CONCORD','VT','ATLANTIC','ME-NH-VT'),
('05825','COVENTRY','COVENTRY','VT','ATLANTIC','ME-NH-VT'),
('05826','CRAFTSBURY','CRAFTSBURY','VT','ATLANTIC','ME-NH-VT'),
('05827','CRAFTSBURY','CRAFTSBURY','VT','ATLANTIC','ME-NH-VT'),
('05828','DANVILLE','DANVILLE','VT','ATLANTIC','ME-NH-VT'),
('05828','SAINT JOHNSBURY','SAINT JOHNSBURY','VT','ATLANTIC','ME-NH-VT'),
('05829','DERBY','DERBY','VT','ATLANTIC','ME-NH-VT'),
('05829','NEWPORT','NEWPORT','VT','ATLANTIC','ME-NH-VT'),
('05830','DERBY LINE','DERBY LINE','VT','ATLANTIC','ME-NH-VT'),
('05830','NEWPORT','NEWPORT','VT','ATLANTIC','ME-NH-VT'),
('05832','EAST BURKE','EAST BURKE','VT','ATLANTIC','ME-NH-VT'),
('05833','EAST CHARLESTON','EAST CHARLESTON','VT','ATLANTIC','ME-NH-VT'),
('05836','EAST HARDWICK','EAST HARDWICK','VT','ATLANTIC','ME-NH-VT'),
('05837','EAST HAVEN','EAST HAVEN','VT','ATLANTIC','ME-NH-VT'),
('05838','EAST SAINT JOHNSBURY','EAST SAINT JOHNSBURY','VT','ATLANTIC','ME-NH-VT'),
('05839','BARTON','BARTON','VT','ATLANTIC','ME-NH-VT'),
('05840','NORTH CONCORD','NORTH CONCORD','VT','ATLANTIC','ME-NH-VT'),
('05841','GREENSBORO','GREENSBORO','VT','ATLANTIC','ME-NH-VT'),
('05842','GREENSBORO BEND','GREENSBORO BEND','VT','ATLANTIC','ME-NH-VT'),
('05843','HARDWICK','HARDWICK','VT','ATLANTIC','ME-NH-VT'),
('05845','IRASBURG','IRASBURG','VT','ATLANTIC','ME-NH-VT'),
('05846','ISLAND POND','ISLAND POND','VT','ATLANTIC','ME-NH-VT'),
('05847','LOWELL','LOWELL','VT','ATLANTIC','ME-NH-VT'),
('05848','LOWER WATERFORD','LOWER WATERFORD','VT','ATLANTIC','ME-NH-VT'),
('05849','LYNDON','LYNDON','VT','ATLANTIC','ME-NH-VT'),
('05850','LYNDON CENTER','LYNDON CENTER','VT','ATLANTIC','ME-NH-VT'),
('05851','LYNDONVILLE','LYNDONVILLE','VT','ATLANTIC','ME-NH-VT'),
('05853','MORGAN','MORGAN','VT','ATLANTIC','ME-NH-VT'),
('05855','NEWPORT','NEWPORT','VT','ATLANTIC','ME-NH-VT'),
('05857','NEWPORT CENTER','NEWPORT CENTER','VT','ATLANTIC','ME-NH-VT'),
('05858','NORTH CONCORD','NORTH CONCORD','VT','ATLANTIC','ME-NH-VT'),
('05859','NORTH TROY','NORTH TROY','VT','ATLANTIC','ME-NH-VT'),
('05860','ORLEANS','ORLEANS','VT','ATLANTIC','ME-NH-VT'),
('05861','PASSUMPSIC','PASSUMPSIC','VT','ATLANTIC','ME-NH-VT'),
('05862','PEACHAM','PEACHAM','VT','ATLANTIC','ME-NH-VT'),
('05863','SAINT JOHNSBURY CENTER','SAINT JOHNSBURY CENTER','VT','ATLANTIC','ME-NH-VT');

INSERT INTO us_locations (zip_code, locale_name, city, state, area_name, district_name) VALUES
('05866','SHEFFIELD','SHEFFIELD','VT','ATLANTIC','ME-NH-VT'),
('05867','WEST BURKE','WEST BURKE','VT','ATLANTIC','ME-NH-VT'),
('05868','TROY','TROY','VT','ATLANTIC','ME-NH-VT'),
('05871','WEST BURKE','WEST BURKE','VT','ATLANTIC','ME-NH-VT'),
('05872','WEST CHARLESTON','WEST CHARLESTON','VT','ATLANTIC','ME-NH-VT'),
('05873','SAINT JOHNSBURY','SAINT JOHNSBURY','VT','ATLANTIC','ME-NH-VT'),
('05873','WEST DANVILLE','WEST DANVILLE','VT','ATLANTIC','ME-NH-VT'),
('05874','LOWELL','LOWELL','VT','ATLANTIC','ME-NH-VT'),
('05875','BARTON','BARTON','VT','ATLANTIC','ME-NH-VT'),
('05901','CANAAN','CANAAN','VT','ATLANTIC','ME-NH-VT'),
('05902','BEECHER FALLS','BEECHER FALLS','VT','ATLANTIC','ME-NH-VT'),
('05902','CANAAN','CANAAN','VT','ATLANTIC','ME-NH-VT'),
('05903','CANAAN','CANAAN','VT','ATLANTIC','ME-NH-VT'),
('05904','GILMAN','GILMAN','VT','ATLANTIC','ME-NH-VT'),
('05905','GUILDHALL','GUILDHALL','VT','ATLANTIC','ME-NH-VT'),
('05906','LUNENBURG','LUNENBURG','VT','ATLANTIC','ME-NH-VT'),
('05907','NORTON','NORTON','VT','ATLANTIC','ME-NH-VT'),
('06001','AVON','AVON','CT','ATLANTIC','CONNECTICUT'),
('06002','BLOOMFIELD','BLOOMFIELD','CT','ATLANTIC','CONNECTICUT'),
('06010','BRISTOL','BRISTOL','CT','ATLANTIC','CONNECTICUT'),
('06011','BRISTOL','BRISTOL','CT','ATLANTIC','CONNECTICUT'),
('06011','FORESTVILLE','BRISTOL','CT','ATLANTIC','CONNECTICUT'),
('06013','BURLINGTON','BURLINGTON','CT','ATLANTIC','CONNECTICUT'),
('06016','BROAD BROOK','BROAD BROOK','CT','ATLANTIC','CONNECTICUT'),
('06018','CANAAN','CANAAN','CT','ATLANTIC','CONNECTICUT'),
('06018','FALLS VILLAGE','FALLS VILLAGE','CT','ATLANTIC','CONNECTICUT'),
('06019','CANTON','CANTON','CT','ATLANTIC','CONNECTICUT'),
('06020','CANTON CENTER','CANTON CENTER','CT','ATLANTIC','CONNECTICUT'),
('06021','COLEBROOK','COLEBROOK','CT','ATLANTIC','CONNECTICUT'),
('06022','COLLINSVILLE','COLLINSVILLE','CT','ATLANTIC','CONNECTICUT'),
('06023','EAST BERLIN','EAST BERLIN','CT','ATLANTIC','CONNECTICUT'),
('06023','KENSINGTON','BERLIN','CT','ATLANTIC','CONNECTICUT'),
('06024','EAST CANAAN','EAST CANAAN','CT','ATLANTIC','CONNECTICUT'),
('06024','FALLS VILLAGE','FALLS VILLAGE','CT','ATLANTIC','CONNECTICUT'),
('06025','EAST GLASTONBURY','EAST GLASTONBURY','CT','ATLANTIC','CONNECTICUT'),
('06026','EAST GRANBY','EAST GRANBY','CT','ATLANTIC','CONNECTICUT'),
('06026','SUFFIELD','SUFFIELD','CT','ATLANTIC','CONNECTICUT'),
('06027','EAST HARTLAND','EAST HARTLAND','CT','ATLANTIC','CONNECTICUT'),
('06028','EAST WINDSOR HILL','EAST WINDSOR HILL','CT','ATLANTIC','CONNECTICUT'),
('06029','ELLINGTON','ELLINGTON','CT','ATLANTIC','CONNECTICUT'),
('06029','VERNON ROCKVILLE','VERNON ROCKVILLE','CT','ATLANTIC','CONNECTICUT'),
('06031','FALLS VILLAGE','FALLS VILLAGE','CT','ATLANTIC','CONNECTICUT'),
('06032','FARMINGTON','FARMINGTON','CT','ATLANTIC','CONNECTICUT'),
('06033','GLASTONBURY','GLASTONBURY','CT','ATLANTIC','CONNECTICUT'),
('06034','FARMINGTON','FARMINGTON','CT','ATLANTIC','CONNECTICUT'),
('06035','GRANBY','GRANBY','CT','ATLANTIC','CONNECTICUT'),
('06037','BERLIN','BERLIN','CT','ATLANTIC','CONNECTICUT'),
('06037','KENSINGTON','BERLIN','CT','ATLANTIC','CONNECTICUT'),
('06039','LAKEVILLE','LAKEVILLE','CT','ATLANTIC','CONNECTICUT'),
('06040','BUCKLAND','MANCHESTER','CT','ATLANTIC','CONNECTICUT');

INSERT INTO us_locations (zip_code, locale_name, city, state, area_name, district_name) VALUES
('06040','MANCHESTER','MANCHESTER','CT','ATLANTIC','CONNECTICUT'),
('06042','MANCHESTER','MANCHESTER','CT','ATLANTIC','CONNECTICUT'),
('06043','BOLTON','BOLTON','CT','ATLANTIC','CONNECTICUT'),
('06043','MANCHESTER','MANCHESTER','CT','ATLANTIC','CONNECTICUT'),
('06045','MANCHESTER','MANCHESTER','CT','ATLANTIC','CONNECTICUT'),
('06050','NEW BRITAIN','NEW BRITAIN','CT','ATLANTIC','CONNECTICUT'),
('06051','NEW BRITAIN','NEW BRITAIN','CT','ATLANTIC','CONNECTICUT'),
('06052','NEW BRITAIN','NEW BRITAIN','CT','ATLANTIC','CONNECTICUT'),
('06053','NEW BRITAIN','NEW BRITAIN','CT','ATLANTIC','CONNECTICUT'),
('06057','NEW HARTFORD','NEW HARTFORD','CT','ATLANTIC','CONNECTICUT'),
('06057','WINSTED','WINSTED','CT','ATLANTIC','CONNECTICUT'),
('06058','NORFOLK','NORFOLK','CT','ATLANTIC','CONNECTICUT'),
('06058','WINSTED','WINSTED','CT','ATLANTIC','CONNECTICUT'),
('06059','NORTH CANTON','NORTH CANTON','CT','ATLANTIC','CONNECTICUT'),
('06060','GRANBY','GRANBY','CT','ATLANTIC','CONNECTICUT'),
('06060','NORTH GRANBY','NORTH GRANBY','CT','ATLANTIC','CONNECTICUT'),
('06061','PINE MEADOW','PINE MEADOW','CT','ATLANTIC','CONNECTICUT'),
('06062','PLAINVILLE','PLAINVILLE','CT','ATLANTIC','CONNECTICUT'),
('06063','PLEASANT VALLEY','BARKHAMSTED','CT','ATLANTIC','CONNECTICUT'),
('06063','WINSTED','WINSTED','CT','ATLANTIC','CONNECTICUT'),
('06064','POQUONOCK','POQUONOCK','CT','ATLANTIC','CONNECTICUT'),
('06065','RIVERTON','RIVERTON','CT','ATLANTIC','CONNECTICUT'),
('06066','TALCOTTVILLE','VERNON ROCKVILLE','CT','ATLANTIC','CONNECTICUT'),
('06066','VERNON ROCKVILLE','VERNON ROCKVILLE','CT','ATLANTIC','CONNECTICUT'),
('06067','ROCKY HILL','ROCKY HILL','CT','ATLANTIC','CONNECTICUT'),
('06068','SALISBURY','SALISBURY','CT','ATLANTIC','CONNECTICUT'),
('06069','SHARON','SHARON','CT','ATLANTIC','CONNECTICUT'),
('06070','SIMSBURY','SIMSBURY','CT','ATLANTIC','CONNECTICUT'),
('06071','SOMERS','SOMERS','CT','ATLANTIC','CONNECTICUT'),
('06072','SOMERSVILLE','SOMERSVILLE','CT','ATLANTIC','CONNECTICUT'),
('06073','SOUTH GLASTONBURY','SOUTH GLASTONBURY','CT','ATLANTIC','CONNECTICUT'),
('06074','BISSELL','SOUTH WINDSOR','CT','ATLANTIC','CONNECTICUT'),
('06074','SOUTH WINDSOR','SOUTH WINDSOR','CT','ATLANTIC','CONNECTICUT'),
('06075','STAFFORD SPRINGS','STAFFORD SPRINGS','CT','ATLANTIC','CONNECTICUT'),
('06076','STAFFORD SPRINGS','STAFFORD SPRINGS','CT','ATLANTIC','CONNECTICUT'),
('06077','STAFFORDVILLE','STAFFORDVILLE','CT','ATLANTIC','CONNECTICUT'),
('06078','SUFFIELD','SUFFIELD','CT','ATLANTIC','CONNECTICUT'),
('06079','TACONIC','TACONIC','CT','ATLANTIC','CONNECTICUT'),
('06081','SIMSBURY','SIMSBURY','CT','ATLANTIC','CONNECTICUT'),
('06082','ENFIELD','ENFIELD','CT','ATLANTIC','CONNECTICUT'),
('06083','ENFIELD','ENFIELD','CT','ATLANTIC','CONNECTICUT'),
('06083','ENFIELD STREET','ENFIELD','CT','ATLANTIC','CONNECTICUT'),
('06084','TOLLAND','TOLLAND','CT','ATLANTIC','CONNECTICUT'),
('06085','BURLINGTON','BURLINGTON','CT','ATLANTIC','CONNECTICUT'),
('06085','UNIONVILLE','UNIONVILLE','CT','ATLANTIC','CONNECTICUT'),
('06088','EAST WINDSOR','EAST WINDSOR','CT','ATLANTIC','CONNECTICUT'),
('06088','WINDSOR LOCKS','WINDSOR LOCKS','CT','ATLANTIC','CONNECTICUT'),
('06089','WEATOGUE','WEATOGUE','CT','ATLANTIC','CONNECTICUT'),
('06089','WEST SIMSBURY','WEST SIMSBURY','CT','ATLANTIC','CONNECTICUT'),
('06090','GRANBY','GRANBY','CT','ATLANTIC','CONNECTICUT');

INSERT INTO us_locations (zip_code, locale_name, city, state, area_name, district_name) VALUES
('06090','WEST GRANBY','WEST GRANBY','CT','ATLANTIC','CONNECTICUT'),
('06092','WEST SIMSBURY','WEST SIMSBURY','CT','ATLANTIC','CONNECTICUT'),
('06093','SUFFIELD','SUFFIELD','CT','ATLANTIC','CONNECTICUT'),
('06093','WEST SUFFIELD','WEST SUFFIELD','CT','ATLANTIC','CONNECTICUT'),
('06094','WINSTED NPU','WINSTED','CT','ATLANTIC','CONNECTICUT'),
('06095','WINDSOR','WINDSOR','CT','ATLANTIC','CONNECTICUT'),
('06096','BRADLEY AIRPORT','WINDSOR LOCKS','CT','ATLANTIC','CONNECTICUT'),
('06096','WINDSOR LOCKS','WINDSOR LOCKS','CT','ATLANTIC','CONNECTICUT'),
('06098','WINSTED','WINSTED','CT','ATLANTIC','CONNECTICUT'),
('06102','HARTFORD','HARTFORD','CT','ATLANTIC','CONNECTICUT'),
('06103','OLD STATE HOUSE CARRIER SEC','HARTFORD','CT','ATLANTIC','CONNECTICUT'),
('06104','HARTFORD','HARTFORD','CT','ATLANTIC','CONNECTICUT'),
('06105','SHIELD STREET','WEST HARTFORD','CT','ATLANTIC','CONNECTICUT'),
('06106','WASHINGTON STREET','HARTFORD','CT','ATLANTIC','CONNECTICUT'),
('06107','SHIELD STREET','WEST HARTFORD','CT','ATLANTIC','CONNECTICUT'),
('06108','MURPHY RD CARRIER ANNEX','HARTFORD','CT','ATLANTIC','CONNECTICUT'),
('06109','MURPHY RD CARRIER ANNEX','HARTFORD','CT','ATLANTIC','CONNECTICUT'),
('06110','SHIELD STREET','WEST HARTFORD','CT','ATLANTIC','CONNECTICUT'),
('06111','NEWINGTON','NEWINGTON','CT','ATLANTIC','CONNECTICUT'),
('06112','WASHINGTON STREET','HARTFORD','CT','ATLANTIC','CONNECTICUT'),
('06114','MURPHY RD CARRIER ANNEX','HARTFORD','CT','ATLANTIC','CONNECTICUT'),
('06115','HARTFORD','HARTFORD','CT','ATLANTIC','CONNECTICUT'),
('06117','BISHOPS CORNER','WEST HARTFORD','CT','ATLANTIC','CONNECTICUT'),
('06118','SILVER LANE','EAST HARTFORD','CT','ATLANTIC','CONNECTICUT'),
('06119','SHIELD STREET','WEST HARTFORD','CT','ATLANTIC','CONNECTICUT'),
('06120','WASHINGTON STREET','HARTFORD','CT','ATLANTIC','CONNECTICUT'),
('06123','OLD STATE HOUSE','HARTFORD','CT','ATLANTIC','CONNECTICUT'),
('06126','WASHINGTON STREET','HARTFORD','CT','ATLANTIC','CONNECTICUT'),
('06127','WEST HARTFORD','WEST HARTFORD','CT','ATLANTIC','CONNECTICUT'),
('06128','EAST HARTFORD','EAST HARTFORD','CT','ATLANTIC','CONNECTICUT'),
('06129','WETHERSFIELD','WETHERSFIELD','CT','ATLANTIC','CONNECTICUT'),
('06131','NEWINGTON','NEWINGTON','CT','ATLANTIC','CONNECTICUT'),
('06132','BLUE HILLS','HARTFORD','CT','ATLANTIC','CONNECTICUT'),
('06133','SHIELD STREET','WEST HARTFORD','CT','ATLANTIC','CONNECTICUT'),
('06134','BARRY SQUARE','HARTFORD','CT','ATLANTIC','CONNECTICUT'),
('06137','BISHOPS CORNER','WEST HARTFORD','CT','ATLANTIC','CONNECTICUT'),
('06138','SILVER LANE','EAST HARTFORD','CT','ATLANTIC','CONNECTICUT'),
('06140','UNITY PLAZA','HARTFORD','CT','ATLANTIC','CONNECTICUT'),
('06141','HARTFORD','HARTFORD','CT','ATLANTIC','CONNECTICUT'),
('06142','HARTFORD','HARTFORD','CT','ATLANTIC','CONNECTICUT'),
('06143','HARTFORD','HARTFORD','CT','ATLANTIC','CONNECTICUT'),
('06144','HARTFORD','HARTFORD','CT','ATLANTIC','CONNECTICUT'),
('06145','HARTFORD','HARTFORD','CT','ATLANTIC','CONNECTICUT'),
('06146','HARTFORD','HARTFORD','CT','ATLANTIC','CONNECTICUT'),
('06147','HARTFORD','HARTFORD','CT','ATLANTIC','CONNECTICUT'),
('06199','HARTFORD','HARTFORD','CT','ATLANTIC','CONNECTICUT'),
('06226','WILLIMANTIC','WILLIMANTIC','CT','ATLANTIC','CONNECTICUT'),
('06231','AMSTON','AMSTON','CT','ATLANTIC','CONNECTICUT'),
('06231','HEBRON','HEBRON','CT','ATLANTIC','CONNECTICUT'),
('06232','ANDOVER','ANDOVER','CT','ATLANTIC','CONNECTICUT');

INSERT INTO us_locations (zip_code, locale_name, city, state, area_name, district_name) VALUES
('06232','HEBRON','HEBRON','CT','ATLANTIC','CONNECTICUT'),
('06233','BALLOUVILLE','BALLOUVILLE','CT','ATLANTIC','CONNECTICUT'),
('06234','BROOKLYN','BROOKLYN','CT','ATLANTIC','CONNECTICUT'),
('06235','CHAPLIN','CHAPLIN','CT','ATLANTIC','CONNECTICUT'),
('06237','COLUMBIA','COLUMBIA','CT','ATLANTIC','CONNECTICUT'),
('06238','COVENTRY','COVENTRY','CT','ATLANTIC','CONNECTICUT'),
('06238','STORRS MANSFIELD','STORRS MANSFIELD','CT','ATLANTIC','CONNECTICUT'),
('06239','DANIELSON','DANIELSON','CT','ATLANTIC','CONNECTICUT'),
('06241','DANIELSON','DANIELSON','CT','ATLANTIC','CONNECTICUT'),
('06241','DAYVILLE','DAYVILLE','CT','ATLANTIC','CONNECTICUT'),
('06242','CHAPLIN','CHAPLIN','CT','ATLANTIC','CONNECTICUT'),
('06242','EASTFORD','EASTFORD','CT','ATLANTIC','CONNECTICUT'),
('06243','EAST KILLINGLY','EAST KILLINGLY','CT','ATLANTIC','CONNECTICUT'),
('06244','EAST WOODSTOCK','EAST WOODSTOCK','CT','ATLANTIC','CONNECTICUT'),
('06246','NORTH GROSVENORDALE','NORTH GROSVENORDALE','CT','ATLANTIC','CONNECTICUT'),
('06247','BROOKLYN','BROOKLYN','CT','ATLANTIC','CONNECTICUT'),
('06247','HAMPTON','HAMPTON','CT','ATLANTIC','CONNECTICUT'),
('06248','HEBRON','HEBRON','CT','ATLANTIC','CONNECTICUT'),
('06249','LEBANON','LEBANON','CT','ATLANTIC','CONNECTICUT'),
('06249','WILLIMANTIC','WILLIMANTIC','CT','ATLANTIC','CONNECTICUT'),
('06250','MANSFIELD CENTER','MANSFIELD CENTER','CT','ATLANTIC','CONNECTICUT'),
('06250','STORRS MANSFIELD','STORRS MANSFIELD','CT','ATLANTIC','CONNECTICUT'),
('06251','STORRS MANSFIELD','STORRS MANSFIELD','CT','ATLANTIC','CONNECTICUT'),
('06254','NORTH FRANKLIN','NORTH FRANKLIN','CT','ATLANTIC','CONNECTICUT'),
('06254','WILLIMANTIC','WILLIMANTIC','CT','ATLANTIC','CONNECTICUT'),
('06255','NORTH GROSVENORDALE','NORTH GROSVENORDALE','CT','ATLANTIC','CONNECTICUT'),
('06255','PUTNAM','PUTNAM','CT','ATLANTIC','CONNECTICUT'),
('06256','CHAPLIN','CHAPLIN','CT','ATLANTIC','CONNECTICUT'),
('06256','NORTH WINDHAM','NORTH WINDHAM','CT','ATLANTIC','CONNECTICUT'),
('06258','POMFRET','POMFRET','CT','ATLANTIC','CONNECTICUT'),
('06259','POMFRET CENTER','POMFRET CENTER','CT','ATLANTIC','CONNECTICUT'),
('06260','PUTNAM','PUTNAM','CT','ATLANTIC','CONNECTICUT'),
('06262','QUINEBAUG','QUINEBAUG','CT','ATLANTIC','CONNECTICUT'),
('06263','ROGERS','ROGERS','CT','ATLANTIC','CONNECTICUT'),
('06264','SCOTLAND','SCOTLAND','CT','ATLANTIC','CONNECTICUT'),
('06266','SOUTH WINDHAM','SOUTH WINDHAM','CT','ATLANTIC','CONNECTICUT'),
('06267','WOODSTOCK','WOODSTOCK','CT','ATLANTIC','CONNECTICUT'),
('06268','STORRS MANSFIELD','STORRS MANSFIELD','CT','ATLANTIC','CONNECTICUT'),
('06277','PUTNAM','PUTNAM','CT','ATLANTIC','CONNECTICUT'),
('06277','THOMPSON','THOMPSON','CT','ATLANTIC','CONNECTICUT'),
('06278','ASHFORD','ASHFORD','CT','ATLANTIC','CONNECTICUT'),
('06279','TOLLAND','TOLLAND','CT','ATLANTIC','CONNECTICUT'),
('06279','WILLINGTON','WILLINGTON','CT','ATLANTIC','CONNECTICUT'),
('06280','WILLIMANTIC','WILLIMANTIC','CT','ATLANTIC','CONNECTICUT'),
('06280','WINDHAM','WINDHAM','CT','ATLANTIC','CONNECTICUT'),
('06281','WOODSTOCK','WOODSTOCK','CT','ATLANTIC','CONNECTICUT'),
('06282','WOODSTOCK','WOODSTOCK','CT','ATLANTIC','CONNECTICUT'),
('06320','NEW LONDON','NEW LONDON','CT','ATLANTIC','CONNECTICUT'),
('06330','BALTIC','BALTIC','CT','ATLANTIC','CONNECTICUT'),
('06331','CANTERBURY','CANTERBURY','CT','ATLANTIC','CONNECTICUT');

