INSERT INTO us_locations (zip_code, locale_name, city, state, area_name, district_name) VALUES
('36701','SELMA','SELMA','AL','SOUTHERN','AL-MS'),
('36702','SELMA','SELMA','AL','SOUTHERN','AL-MS'),
('36703','SELMA','SELMA','AL','SOUTHERN','AL-MS'),
('36720','CATHERINE','CATHERINE','AL','SOUTHERN','AL-MS'),
('36722','ARLINGTON','ARLINGTON','AL','SOUTHERN','AL-MS'),
('36723','BOYKIN','BOYKIN','AL','SOUTHERN','AL-MS'),
('36726','CAMDEN','CAMDEN','AL','SOUTHERN','AL-MS'),
('36727','THOMASVILLE','THOMASVILLE','AL','SOUTHERN','AL-MS'),
('36728','CATHERINE','CATHERINE','AL','SOUTHERN','AL-MS'),
('36732','DEMOPOLIS','DEMOPOLIS','AL','SOUTHERN','AL-MS'),
('36736','DIXONS MILLS','DIXONS MILLS','AL','SOUTHERN','AL-MS'),
('36738','FAUNSDALE','FAUNSDALE','AL','SOUTHERN','AL-MS'),
('36740','FORKLAND','FORKLAND','AL','SOUTHERN','AL-MS'),
('36741','FURMAN','FURMAN','AL','SOUTHERN','AL-MS'),
('36742','GALLION','GALLION','AL','SOUTHERN','AL-MS'),
('36744','GREENSBORO','GREENSBORO','AL','SOUTHERN','AL-MS'),
('36748','LINDEN','LINDEN','AL','SOUTHERN','AL-MS'),
('36749','JONES','JONES','AL','SOUTHERN','AL-MS'),
('36750','MAPLESVILLE','MAPLESVILLE','AL','SOUTHERN','AL-MS'),
('36751','LOWER PEACH TREE','LOWER PEACH TREE','AL','SOUTHERN','AL-MS'),
('36752','LOWNDESBORO','LOWNDESBORO','AL','SOUTHERN','AL-MS'),
('36753','PINE APPLE','PINE APPLE','AL','SOUTHERN','AL-MS'),
('36754','ARLINGTON','ARLINGTON','AL','SOUTHERN','AL-MS'),
('36754','MAGNOLIA','MAGNOLIA','AL','SOUTHERN','AL-MS'),
('36756','MARION','MARION','AL','SOUTHERN','AL-MS'),
('36758','PLANTERSVILLE','PLANTERSVILLE','AL','SOUTHERN','AL-MS'),
('36759','MARION JUNCTION','MARION JUNCTION','AL','SOUTHERN','AL-MS'),
('36761','MINTER','MINTER','AL','SOUTHERN','AL-MS'),
('36763','MYRTLEWOOD','MYRTLEWOOD','AL','SOUTHERN','AL-MS'),
('36764','NANAFALIA','NANAFALIA','AL','SOUTHERN','AL-MS'),
('36765','NEWBERN','NEWBERN','AL','SOUTHERN','AL-MS'),
('36766','OAK HILL','OAK HILL','AL','SOUTHERN','AL-MS'),
('36767','ORRVILLE','ORRVILLE','AL','SOUTHERN','AL-MS'),
('36768','PINE APPLE','PINE APPLE','AL','SOUTHERN','AL-MS'),
('36769','PINE HILL','PINE HILL','AL','SOUTHERN','AL-MS'),
('36775','SARDIS','SARDIS','AL','SOUTHERN','AL-MS'),
('36776','SAWYERVILLE','SAWYERVILLE','AL','SOUTHERN','AL-MS'),
('36782','SWEET WATER','SWEET WATER','AL','SOUTHERN','AL-MS'),
('36783','LINDEN','LINDEN','AL','SOUTHERN','AL-MS'),
('36783','THOMASTON','THOMASTON','AL','SOUTHERN','AL-MS'),
('36784','THOMASVILLE','THOMASVILLE','AL','SOUTHERN','AL-MS'),
('36785','TYLER','TYLER','AL','SOUTHERN','AL-MS'),
('36786','UNIONTOWN','UNIONTOWN','AL','SOUTHERN','AL-MS'),
('36790','STANTON','STANTON','AL','SOUTHERN','AL-MS'),
('36792','RANDOLPH','RANDOLPH','AL','SOUTHERN','AL-MS'),
('36793','MAPLESVILLE','MAPLESVILLE','AL','SOUTHERN','AL-MS'),
('36801','OPELIKA','OPELIKA','AL','SOUTHERN','AL-MS'),
('36803','OPELIKA','OPELIKA','AL','SOUTHERN','AL-MS'),
('36804','OPELIKA','OPELIKA','AL','SOUTHERN','AL-MS'),
('36830','AUBURN','AUBURN','AL','SOUTHERN','AL-MS');

INSERT INTO us_locations (zip_code, locale_name, city, state, area_name, district_name) VALUES
('36831','AUBURN','AUBURN','AL','SOUTHERN','AL-MS'),
('36832','AUBURN','AUBURN','AL','SOUTHERN','AL-MS'),
('36850','CAMP HILL','CAMP HILL','AL','SOUTHERN','AL-MS'),
('36851','COTTONTON','COTTONTON','AL','SOUTHERN','AL-MS'),
('36852','CUSSETA','CUSSETA','AL','SOUTHERN','AL-MS'),
('36852','VALLEY','VALLEY','AL','SOUTHERN','AL-MS'),
('36853','DADEVILLE','DADEVILLE','AL','SOUTHERN','AL-MS'),
('36854','VALLEY','VALLEY','AL','SOUTHERN','AL-MS'),
('36855','FIVE POINTS','FIVE POINTS','AL','SOUTHERN','AL-MS'),
('36856','FORT MITCHELL','FORT MITCHELL','AL','SOUTHERN','AL-MS'),
('36858','HATCHECHUBBEE','HATCHECHUBBEE','AL','SOUTHERN','AL-MS'),
('36858','HURTSBORO','HURTSBORO','AL','SOUTHERN','AL-MS'),
('36860','HURTSBORO','HURTSBORO','AL','SOUTHERN','AL-MS'),
('36861','JACKSONS GAP','JACKSONS GAP','AL','SOUTHERN','AL-MS'),
('36862','LAFAYETTE','LAFAYETTE','AL','SOUTHERN','AL-MS'),
('36863','LANETT','LANETT','AL','SOUTHERN','AL-MS'),
('36865','NOTASULGA','NOTASULGA','AL','SOUTHERN','AL-MS'),
('36866','NOTASULGA','NOTASULGA','AL','SOUTHERN','AL-MS'),
('36867','PHENIX CITY','PHENIX CITY','AL','SOUTHERN','AL-MS'),
('36868','PHENIX CITY','PHENIX CITY','AL','SOUTHERN','AL-MS'),
('36869','PHENIX CITY','PHENIX CITY','AL','SOUTHERN','AL-MS'),
('36870','PHENIX CITY ANNEX','PHENIX CITY','AL','SOUTHERN','AL-MS'),
('36871','PITTSVIEW','PITTSVIEW','AL','SOUTHERN','AL-MS'),
('36874','SALEM','SALEM','AL','SOUTHERN','AL-MS'),
('36875','SEALE','SEALE','AL','SOUTHERN','AL-MS'),
('36877','SMITHS STATION','SMITHS STATION','AL','SOUTHERN','AL-MS'),
('36879','AUBURN','AUBURN','AL','SOUTHERN','AL-MS'),
('36879','WAVERLY','WAVERLY','AL','SOUTHERN','AL-MS'),
('36901','BELLAMY','BELLAMY','AL','SOUTHERN','AL-MS'),
('36904','BUTLER','BUTLER','AL','SOUTHERN','AL-MS'),
('36907','CUBA','CUBA','AL','SOUTHERN','AL-MS'),
('36908','GILBERTOWN','GILBERTOWN','AL','SOUTHERN','AL-MS'),
('36910','LISMAN','LISMAN','AL','SOUTHERN','AL-MS'),
('36912','LISMAN','LISMAN','AL','SOUTHERN','AL-MS'),
('36913','GILBERTOWN','GILBERTOWN','AL','SOUTHERN','AL-MS'),
('36915','BUTLER','BUTLER','AL','SOUTHERN','AL-MS'),
('36916','PENNINGTON','PENNINGTON','AL','SOUTHERN','AL-MS'),
('36919','SILAS','SILAS','AL','SOUTHERN','AL-MS'),
('36921','TOXEY','TOXEY','AL','SOUTHERN','AL-MS'),
('36922','WARD','WARD','AL','SOUTHERN','AL-MS'),
('36925','YORK','YORK','AL','SOUTHERN','AL-MS'),
('37010','ADAMS','ADAMS','TN','SOUTHERN','TENNESSEE'),
('37011','ANTIOCH','ANTIOCH','TN','SOUTHERN','TENNESSEE'),
('37012','ALEXANDRIA','ALEXANDRIA','TN','SOUTHERN','TENNESSEE'),
('37012','WATERTOWN','WATERTOWN','TN','SOUTHERN','TENNESSEE'),
('37013','ANTIOCH','ANTIOCH','TN','SOUTHERN','TENNESSEE'),
('37014','ARRINGTON','ARRINGTON','TN','SOUTHERN','TENNESSEE'),
('37015','ASHLAND CITY','ASHLAND CITY','TN','SOUTHERN','TENNESSEE'),
('37016','AUBURNTOWN','AUBURNTOWN','TN','SOUTHERN','TENNESSEE'),
('37016','WATERTOWN','WATERTOWN','TN','SOUTHERN','TENNESSEE');

INSERT INTO us_locations (zip_code, locale_name, city, state, area_name, district_name) VALUES
('37018','BEECHGROVE','BEECHGROVE','TN','SOUTHERN','TENNESSEE'),
('37019','BELFAST','BELFAST','TN','SOUTHERN','TENNESSEE'),
('37019','LEWISBURG','LEWISBURG','TN','SOUTHERN','TENNESSEE'),
('37020','BELL BUCKLE','BELL BUCKLE','TN','SOUTHERN','TENNESSEE'),
('37022','BETHPAGE','BETHPAGE','TN','SOUTHERN','TENNESSEE'),
('37023','BIG ROCK','BIG ROCK','TN','SOUTHERN','TENNESSEE'),
('37023','BUMPUS MILLS','BUMPUS MILLS','TN','SOUTHERN','TENNESSEE'),
('37024','BRENTWOOD','BRENTWOOD','TN','SOUTHERN','TENNESSEE'),
('37025','BON AQUA','BON AQUA','TN','SOUTHERN','TENNESSEE'),
('37025','LYLES','LYLES','TN','SOUTHERN','TENNESSEE'),
('37026','BRADYVILLE','BRADYVILLE','TN','SOUTHERN','TENNESSEE'),
('37027','BRENTWOOD','BRENTWOOD','TN','SOUTHERN','TENNESSEE'),
('37027','BRENTWOOD TN SDC','BRENTWOOD','TN','SOUTHERN','TENNESSEE'),
('37028','BUMPUS MILLS','BUMPUS MILLS','TN','SOUTHERN','TENNESSEE'),
('37029','BURNS','BURNS','TN','SOUTHERN','TENNESSEE'),
('37029','DICKSON','DICKSON','TN','SOUTHERN','TENNESSEE'),
('37030','CARTHAGE','CARTHAGE','TN','SOUTHERN','TENNESSEE'),
('37031','CASTALIAN SPRINGS','CASTALIAN SPRINGS','TN','SOUTHERN','TENNESSEE'),
('37032','CEDAR HILL','CEDAR HILL','TN','SOUTHERN','TENNESSEE'),
('37033','CENTERVILLE','CENTERVILLE','TN','SOUTHERN','TENNESSEE'),
('37034','CHAPEL HILL','CHAPEL HILL','TN','SOUTHERN','TENNESSEE'),
('37035','ASHLAND CITY','ASHLAND CITY','TN','SOUTHERN','TENNESSEE'),
('37035','CHAPMANSBORO','CHAPMANSBORO','TN','SOUTHERN','TENNESSEE'),
('37036','CHARLOTTE','CHARLOTTE','TN','SOUTHERN','TENNESSEE'),
('37036','DICKSON','DICKSON','TN','SOUTHERN','TENNESSEE'),
('37037','CHRISTIANA','CHRISTIANA','TN','SOUTHERN','TENNESSEE'),
('37040','CLARKSVILLE','CLARKSVILLE','TN','SOUTHERN','TENNESSEE'),
('37041','DOWNTOWN CLARKSVILLE','CLARKSVILLE','TN','SOUTHERN','TENNESSEE'),
('37042','RINGGOLD MILL','CLARKSVILLE','TN','SOUTHERN','TENNESSEE'),
('37043','CLARKSVILLE','CLARKSVILLE','TN','SOUTHERN','TENNESSEE'),
('37043','HILLDALE','CLARKSVILLE','TN','SOUTHERN','TENNESSEE'),
('37046','ARRINGTON','ARRINGTON','TN','SOUTHERN','TENNESSEE'),
('37046','COLLEGE GROVE','COLLEGE GROVE','TN','SOUTHERN','TENNESSEE'),
('37047','CORNERSVILLE','CORNERSVILLE','TN','SOUTHERN','TENNESSEE'),
('37048','COTTONTOWN','COTTONTOWN','TN','SOUTHERN','TENNESSEE'),
('37048','GALLATIN','GALLATIN','TN','SOUTHERN','TENNESSEE'),
('37049','CROSS PLAINS','CROSS PLAINS','TN','SOUTHERN','TENNESSEE'),
('37050','CUMBERLAND CITY','CUMBERLAND CITY','TN','SOUTHERN','TENNESSEE'),
('37051','CUMBERLAND FURNACE','CUMBERLAND FURNACE','TN','SOUTHERN','TENNESSEE'),
('37052','CUNNINGHAM','CUNNINGHAM','TN','SOUTHERN','TENNESSEE'),
('37055','DICKSON','DICKSON','TN','SOUTHERN','TENNESSEE'),
('37056','DICKSON','DICKSON','TN','SOUTHERN','TENNESSEE'),
('37057','DIXON SPRINGS','DIXON SPRINGS','TN','SOUTHERN','TENNESSEE'),
('37058','DOVER','DOVER','TN','SOUTHERN','TENNESSEE'),
('37059','DOWELLTOWN','DOWELLTOWN','TN','SOUTHERN','TENNESSEE'),
('37060','EAGLEVILLE','EAGLEVILLE','TN','SOUTHERN','TENNESSEE'),
('37061','ERIN','ERIN','TN','SOUTHERN','TENNESSEE'),
('37062','FAIRVIEW','FAIRVIEW','TN','SOUTHERN','TENNESSEE'),
('37064','FRANKLIN','FRANKLIN','TN','SOUTHERN','TENNESSEE'),
('37065','FRANKLIN','FRANKLIN','TN','SOUTHERN','TENNESSEE');

INSERT INTO us_locations (zip_code, locale_name, city, state, area_name, district_name) VALUES
('37066','GALLATIN','GALLATIN','TN','SOUTHERN','TENNESSEE'),
('37067','FRANKLIN','FRANKLIN','TN','SOUTHERN','TENNESSEE'),
('37068','FRANKLIN','FRANKLIN','TN','SOUTHERN','TENNESSEE'),
('37069','FRANKLIN','FRANKLIN','TN','SOUTHERN','TENNESSEE'),
('37070','GOODLETTSVILLE','GOODLETTSVILLE','TN','SOUTHERN','TENNESSEE'),
('37071','GLADEVILLE','GLADEVILLE','TN','SOUTHERN','TENNESSEE'),
('37072','GOODLETTSVILLE','GOODLETTSVILLE','TN','SOUTHERN','TENNESSEE'),
('37073','GOODLETTSVILLE','GOODLETTSVILLE','TN','SOUTHERN','TENNESSEE'),
('37073','GREENBRIER','GREENBRIER','TN','SOUTHERN','TENNESSEE'),
('37074','HARTSVILLE','HARTSVILLE','TN','SOUTHERN','TENNESSEE'),
('37075','HENDERSONVILLE','HENDERSONVILLE','TN','SOUTHERN','TENNESSEE'),
('37076','HERMITAGE','HERMITAGE','TN','SOUTHERN','TENNESSEE'),
('37077','HENDERSONVILLE','HENDERSONVILLE','TN','SOUTHERN','TENNESSEE'),
('37078','HURRICANE MILLS','HURRICANE MILLS','TN','SOUTHERN','TENNESSEE'),
('37079','INDIAN MOUND','INDIAN MOUND','TN','SOUTHERN','TENNESSEE'),
('37080','JOELTON','JOELTON','TN','SOUTHERN','TENNESSEE'),
('37082','KINGSTON SPRINGS','KINGSTON SPRINGS','TN','SOUTHERN','TENNESSEE'),
('37083','LAFAYETTE','LAFAYETTE','TN','SOUTHERN','TENNESSEE'),
('37085','LASCASSAS','LASCASSAS','TN','SOUTHERN','TENNESSEE'),
('37086','LA VERGNE','LA VERGNE','TN','SOUTHERN','TENNESSEE'),
('37087','SOUTHSIDE ANNEX','LEBANON','TN','SOUTHERN','TENNESSEE'),
('37088','LEBANON','LEBANON','TN','SOUTHERN','TENNESSEE'),
('37090','LEBANON','LEBANON','TN','SOUTHERN','TENNESSEE'),
('37091','LEWISBURG','LEWISBURG','TN','SOUTHERN','TENNESSEE'),
('37095','LIBERTY','LIBERTY','TN','SOUTHERN','TENNESSEE'),
('37096','LINDEN','LINDEN','TN','SOUTHERN','TENNESSEE'),
('37097','LOBELVILLE','LOBELVILLE','TN','SOUTHERN','TENNESSEE'),
('37098','LYLES','LYLES','TN','SOUTHERN','TENNESSEE'),
('37101','MC EWEN','MC EWEN','TN','SOUTHERN','TENNESSEE'),
('37110','MCMINNVILLE','MCMINNVILLE','TN','SOUTHERN','TENNESSEE'),
('37111','MCMINNVILLE','MCMINNVILLE','TN','SOUTHERN','TENNESSEE'),
('37115','MADISON','MADISON','TN','SOUTHERN','TENNESSEE'),
('37116','MADISON','MADISON','TN','SOUTHERN','TENNESSEE'),
('37118','LASCASSAS','LASCASSAS','TN','SOUTHERN','TENNESSEE'),
('37118','MILTON','MILTON','TN','SOUTHERN','TENNESSEE'),
('37121','MOUNT JULIET','MOUNT JULIET','TN','SOUTHERN','TENNESSEE'),
('37122','MOUNT JULIET','MOUNT JULIET','TN','SOUTHERN','TENNESSEE'),
('37127','CHURCH STREET STATION','MURFREESBORO','TN','SOUTHERN','TENNESSEE'),
('37128','MURFREESBORO','MURFREESBORO','TN','SOUTHERN','TENNESSEE'),
('37129','MURFREESBORO','MURFREESBORO','TN','SOUTHERN','TENNESSEE'),
('37130','CHURCH STREET STATION','MURFREESBORO','TN','SOUTHERN','TENNESSEE'),
('37133','CHURCH STREET STATION','MURFREESBORO','TN','SOUTHERN','TENNESSEE'),
('37134','NEW JOHNSONVILLE','NEW JOHNSONVILLE','TN','SOUTHERN','TENNESSEE'),
('37135','NOLENSVILLE','NOLENSVILLE','TN','SOUTHERN','TENNESSEE'),
('37137','NUNNELLY','NUNNELLY','TN','SOUTHERN','TENNESSEE'),
('37138','OLD HICKORY','OLD HICKORY','TN','SOUTHERN','TENNESSEE'),
('37140','NUNNELLY','NUNNELLY','TN','SOUTHERN','TENNESSEE'),
('37141','CROSS PLAINS','CROSS PLAINS','TN','SOUTHERN','TENNESSEE'),
('37141','ORLINDA','ORLINDA','TN','SOUTHERN','TENNESSEE'),
('37142','CUNNINGHAM','CUNNINGHAM','TN','SOUTHERN','TENNESSEE');

INSERT INTO us_locations (zip_code, locale_name, city, state, area_name, district_name) VALUES
('37143','PEGRAM','PEGRAM','TN','SOUTHERN','TENNESSEE'),
('37144','PETERSBURG','PETERSBURG','TN','SOUTHERN','TENNESSEE'),
('37145','PLEASANT SHADE','PLEASANT SHADE','TN','SOUTHERN','TENNESSEE'),
('37146','PLEASANT VIEW','PLEASANT VIEW','TN','SOUTHERN','TENNESSEE'),
('37148','PORTLAND','PORTLAND','TN','SOUTHERN','TENNESSEE'),
('37149','READYVILLE','READYVILLE','TN','SOUTHERN','TENNESSEE'),
('37150','RED BOILING SPRINGS','RED BOILING SPRINGS','TN','SOUTHERN','TENNESSEE'),
('37151','RIDDLETON','RIDDLETON','TN','SOUTHERN','TENNESSEE'),
('37152','RIDGETOP','RIDGETOP','TN','SOUTHERN','TENNESSEE'),
('37153','ROCKVALE','ROCKVALE','TN','SOUTHERN','TENNESSEE'),
('37160','SHELBYVILLE','SHELBYVILLE','TN','SOUTHERN','TENNESSEE'),
('37162','SHELBYVILLE','SHELBYVILLE','TN','SOUTHERN','TENNESSEE'),
('37165','SLAYDEN','SLAYDEN','TN','SOUTHERN','TENNESSEE'),
('37166','SMITHVILLE','SMITHVILLE','TN','SOUTHERN','TENNESSEE'),
('37167','SMYRNA','SMYRNA','TN','SOUTHERN','TENNESSEE'),
('37171','CUNNINGHAM','CUNNINGHAM','TN','SOUTHERN','TENNESSEE'),
('37172','SPRINGFIELD','SPRINGFIELD','TN','SOUTHERN','TENNESSEE'),
('37174','SPRING HILL','SPRING HILL','TN','SOUTHERN','TENNESSEE'),
('37175','STEWART','STEWART','TN','SOUTHERN','TENNESSEE'),
('37178','ERIN','ERIN','TN','SOUTHERN','TENNESSEE'),
('37178','TENNESSEE RIDGE','TENNESSEE RIDGE','TN','SOUTHERN','TENNESSEE'),
('37179','THOMPSONS STATION','THOMPSONS STATION','TN','SOUTHERN','TENNESSEE'),
('37180','UNIONVILLE','UNIONVILLE','TN','SOUTHERN','TENNESSEE'),
('37181','VANLEER','VANLEER','TN','SOUTHERN','TENNESSEE'),
('37183','WARTRACE','WARTRACE','TN','SOUTHERN','TENNESSEE'),
('37184','WATERTOWN','WATERTOWN','TN','SOUTHERN','TENNESSEE'),
('37185','WAVERLY','WAVERLY','TN','SOUTHERN','TENNESSEE'),
('37186','WESTMORELAND','WESTMORELAND','TN','SOUTHERN','TENNESSEE'),
('37187','WHITE BLUFF','WHITE BLUFF','TN','SOUTHERN','TENNESSEE'),
('37188','WHITE HOUSE','WHITE HOUSE','TN','SOUTHERN','TENNESSEE'),
('37189','MADISON','MADISON','TN','SOUTHERN','TENNESSEE'),
('37189','WHITES CREEK','WHITES CREEK','TN','SOUTHERN','TENNESSEE'),
('37190','WOODBURY','WOODBURY','TN','SOUTHERN','TENNESSEE'),
('37191','RINGGOLD MILL','CLARKSVILLE','TN','SOUTHERN','TENNESSEE'),
('37191','WOODLAWN','WOODLAWN','TN','SOUTHERN','TENNESSEE'),
('37201','BROADWAY RETAIL','NASHVILLE','TN','SOUTHERN','TENNESSEE'),
('37202','BROADWAY RETAIL','NASHVILLE','TN','SOUTHERN','TENNESSEE'),
('37203','CHURCH STREET','NASHVILLE','TN','SOUTHERN','TENNESSEE'),
('37204','MELROSE','NASHVILLE','TN','SOUTHERN','TENNESSEE'),
('37205','BELLE MEADE','NASHVILLE','TN','SOUTHERN','TENNESSEE'),
('37206','EAST NASHVILLE','NASHVILLE','TN','SOUTHERN','TENNESSEE'),
('37207','NORTHEAST','NASHVILLE','TN','SOUTHERN','TENNESSEE'),
('37208','METRO','NASHVILLE','TN','SOUTHERN','TENNESSEE'),
('37209','WEST','NASHVILLE','TN','SOUTHERN','TENNESSEE'),
('37210','SOUTH NASHVILLE','NASHVILLE','TN','SOUTHERN','TENNESSEE'),
('37211','WOODBINE','NASHVILLE','TN','SOUTHERN','TENNESSEE'),
('37212','ACKLEN','NASHVILLE','TN','SOUTHERN','TENNESSEE'),
('37213','EAST NASHVILLE','NASHVILLE','TN','SOUTHERN','TENNESSEE'),
('37214','DONELSON','NASHVILLE','TN','SOUTHERN','TENNESSEE'),
('37215','GREEN HILLS','NASHVILLE','TN','SOUTHERN','TENNESSEE');

INSERT INTO us_locations (zip_code, locale_name, city, state, area_name, district_name) VALUES
('37216','JERE BAXTER','NASHVILLE','TN','SOUTHERN','TENNESSEE'),
('37217','GLENVIEW','NASHVILLE','TN','SOUTHERN','TENNESSEE'),
('37218','METRO','NASHVILLE','TN','SOUTHERN','TENNESSEE'),
('37219','BROADWAY RETAIL','NASHVILLE','TN','SOUTHERN','TENNESSEE'),
('37220','MELROSE','NASHVILLE','TN','SOUTHERN','TENNESSEE'),
('37221','BELLEVUE','NASHVILLE','TN','SOUTHERN','TENNESSEE'),
('37222','WOODBINE','NASHVILLE','TN','SOUTHERN','TENNESSEE'),
('37224','SOUTH NASHVILLE','NASHVILLE','TN','SOUTHERN','TENNESSEE'),
('37228','METRO','NASHVILLE','TN','SOUTHERN','TENNESSEE'),
('37229','NASHVILLE MAIN OFFICE WINDOW','NASHVILLE','TN','SOUTHERN','TENNESSEE'),
('37230','NASHVILLE MAIN OFFICE WINDOW','NASHVILLE','TN','SOUTHERN','TENNESSEE'),
('37238','BROADWAY RETAIL','NASHVILLE','TN','SOUTHERN','TENNESSEE'),
('37301','ALTAMONT','ALTAMONT','TN','SOUTHERN','TENNESSEE'),
('37302','APISON','APISON','TN','SOUTHERN','TENNESSEE'),
('37303','ATHENS','ATHENS','TN','SOUTHERN','TENNESSEE'),
('37305','BEERSHEBA SPRINGS','BEERSHEBA SPRINGS','TN','SOUTHERN','TENNESSEE'),
('37306','BELVIDERE','BELVIDERE','TN','SOUTHERN','TENNESSEE'),
('37307','BENTON','BENTON','TN','SOUTHERN','TENNESSEE'),
('37308','BIRCHWOOD','BIRCHWOOD','TN','SOUTHERN','TENNESSEE'),
('37309','CALHOUN','CALHOUN','TN','SOUTHERN','TENNESSEE'),
('37310','CHARLESTON','CHARLESTON','TN','SOUTHERN','TENNESSEE'),
('37311','CLEVELAND','CLEVELAND','TN','SOUTHERN','TENNESSEE'),
('37312','CLEVELAND','CLEVELAND','TN','SOUTHERN','TENNESSEE'),
('37313','COALMONT','COALMONT','TN','SOUTHERN','TENNESSEE'),
('37314','COKER CREEK','TELLICO PLAINS','TN','SOUTHERN','TENNESSEE'),
('37315','COLLEGEDALE','COLLEGEDALE','TN','SOUTHERN','TENNESSEE'),
('37316','TENNGA','TENNGA','GA','SOUTHERN','TENNESSEE'),
('37317','COPPERHILL','COPPERHILL','TN','SOUTHERN','TENNESSEE'),
('37318','COWAN','COWAN','TN','SOUTHERN','TENNESSEE'),
('37318','SEWANEE','SEWANEE','TN','SOUTHERN','TENNESSEE'),
('37320','CLEVELAND','CLEVELAND','TN','SOUTHERN','TENNESSEE'),
('37321','DAYTON','DAYTON','TN','SOUTHERN','TENNESSEE'),
('37322','DECATUR','DECATUR','TN','SOUTHERN','TENNESSEE'),
('37323','CLEVELAND','CLEVELAND','TN','SOUTHERN','TENNESSEE'),
('37324','DECHERD','DECHERD','TN','SOUTHERN','TENNESSEE'),
('37324','WINCHESTER','WINCHESTER','TN','SOUTHERN','TENNESSEE'),
('37325','DELANO','DELANO','TN','SOUTHERN','TENNESSEE'),
('37326','DUCKTOWN','DUCKTOWN','TN','SOUTHERN','TENNESSEE'),
('37327','DUNLAP','DUNLAP','TN','SOUTHERN','TENNESSEE'),
('37328','ELORA','ELORA','TN','SOUTHERN','TENNESSEE'),
('37329','ATHENS','ATHENS','TN','SOUTHERN','TENNESSEE'),
('37329','ENGLEWOOD','ENGLEWOOD','TN','SOUTHERN','TENNESSEE'),
('37330','ESTILL SPRINGS','ESTILL SPRINGS','TN','SOUTHERN','TENNESSEE'),
('37331','ETOWAH','ETOWAH','TN','SOUTHERN','TENNESSEE'),
('37332','EVENSVILLE','EVENSVILLE','TN','SOUTHERN','TENNESSEE'),
('37333','FARNER','FARNER','TN','SOUTHERN','TENNESSEE'),
('37334','FAYETTEVILLE','FAYETTEVILLE','TN','SOUTHERN','TENNESSEE'),
('37335','FLINTVILLE','FLINTVILLE','TN','SOUTHERN','TENNESSEE'),
('37336','GEORGETOWN','GEORGETOWN','TN','SOUTHERN','TENNESSEE'),
('37337','SPRING CITY','SPRING CITY','TN','SOUTHERN','TENNESSEE');

INSERT INTO us_locations (zip_code, locale_name, city, state, area_name, district_name) VALUES
('37338','GRAYSVILLE','GRAYSVILLE','TN','SOUTHERN','TENNESSEE'),
('37339','GRUETLI LAAGER','GRUETLI LAAGER','TN','SOUTHERN','TENNESSEE'),
('37340','GUILD','GUILD','TN','SOUTHERN','TENNESSEE'),
('37341','HARRISON','HARRISON','TN','SOUTHERN','TENNESSEE'),
('37342','HILLSBORO','HILLSBORO','TN','SOUTHERN','TENNESSEE'),
('37343','HIXSON','HIXSON','TN','SOUTHERN','TENNESSEE'),
('37345','HUNTLAND','HUNTLAND','TN','SOUTHERN','TENNESSEE'),
('37347','JASPER','JASPER','TN','SOUTHERN','TENNESSEE'),
('37348','KELSO','KELSO','TN','SOUTHERN','TENNESSEE'),
('37349','MANCHESTER','MANCHESTER','TN','SOUTHERN','TENNESSEE'),
('37350','LOOKOUT MOUNTAIN','LOOKOUT MOUNTAIN','TN','SOUTHERN','TENNESSEE'),
('37351','HIXSON','HIXSON','TN','SOUTHERN','TENNESSEE'),
('37352','LYNCHBURG','LYNCHBURG','TN','SOUTHERN','TENNESSEE'),
('37353','MC DONALD','MC DONALD','TN','SOUTHERN','TENNESSEE'),
('37354','MADISONVILLE','MADISONVILLE','TN','SOUTHERN','TENNESSEE'),
('37355','MANCHESTER','MANCHESTER','TN','SOUTHERN','TENNESSEE'),
('37356','MONTEAGLE','MONTEAGLE','TN','SOUTHERN','TENNESSEE'),
('37357','MANCHESTER','MANCHESTER','TN','SOUTHERN','TENNESSEE'),
('37359','MULBERRY','MULBERRY','TN','SOUTHERN','TENNESSEE'),
('37360','NORMANDY','NORMANDY','TN','SOUTHERN','TENNESSEE'),
('37360','TULLAHOMA','TULLAHOMA','TN','SOUTHERN','TENNESSEE'),
('37361','BENTON','BENTON','TN','SOUTHERN','TENNESSEE'),
('37362','OLD FORT','OLD FORT','TN','SOUTHERN','TENNESSEE'),
('37363','OOLTEWAH','OOLTEWAH','TN','SOUTHERN','TENNESSEE'),
('37364','DOWNTOWN CLEVELAND','CLEVELAND','TN','SOUTHERN','TENNESSEE'),
('37365','PALMER','PALMER','TN','SOUTHERN','TENNESSEE'),
('37366','PELHAM','PELHAM','TN','SOUTHERN','TENNESSEE'),
('37366','WINCHESTER','WINCHESTER','TN','SOUTHERN','TENNESSEE'),
('37367','PIKEVILLE','PIKEVILLE','TN','SOUTHERN','TENNESSEE'),
('37369','DELANO','DELANO','TN','SOUTHERN','TENNESSEE'),
('37370','RICEVILLE','RICEVILLE','TN','SOUTHERN','TENNESSEE'),
('37371','ATHENS','ATHENS','TN','SOUTHERN','TENNESSEE'),
('37373','SALE CREEK','SALE CREEK','TN','SOUTHERN','TENNESSEE'),
('37374','SEQUATCHIE','SEQUATCHIE','TN','SOUTHERN','TENNESSEE'),
('37375','SEWANEE','SEWANEE','TN','SOUTHERN','TENNESSEE'),
('37376','SEWANEE','SEWANEE','TN','SOUTHERN','TENNESSEE'),
('37376','SHERWOOD','SHERWOOD','TN','SOUTHERN','TENNESSEE'),
('37377','SIGNAL MOUNTAIN','SIGNAL MOUNTAIN','TN','SOUTHERN','TENNESSEE'),
('37378','SMARTT','SMARTT','TN','SOUTHERN','TENNESSEE'),
('37379','SODDY DAISY','SODDY DAISY','TN','SOUTHERN','TENNESSEE'),
('37380','SOUTH PITTSBURG','SOUTH PITTSBURG','TN','SOUTHERN','TENNESSEE'),
('37381','SPRING CITY','SPRING CITY','TN','SOUTHERN','TENNESSEE'),
('37382','SUMMITVILLE','SUMMITVILLE','TN','SOUTHERN','TENNESSEE'),
('37384','SODDY DAISY','SODDY DAISY','TN','SOUTHERN','TENNESSEE'),
('37385','TELLICO PLAINS','TELLICO PLAINS','TN','SOUTHERN','TENNESSEE'),
('37387','MONTEAGLE','MONTEAGLE','TN','SOUTHERN','TENNESSEE'),
('37387','TRACY CITY','TRACY CITY','TN','SOUTHERN','TENNESSEE'),
('37388','TULLAHOMA','TULLAHOMA','TN','SOUTHERN','TENNESSEE'),
('37391','TURTLETOWN','TURTLETOWN','TN','SOUTHERN','TENNESSEE'),
('37394','VIOLA','VIOLA','TN','SOUTHERN','TENNESSEE');

INSERT INTO us_locations (zip_code, locale_name, city, state, area_name, district_name) VALUES
('37396','WHITESIDE','WHITESIDE','TN','SOUTHERN','TENNESSEE'),
('37397','WHITWELL','WHITWELL','TN','SOUTHERN','TENNESSEE'),
('37398','WINCHESTER','WINCHESTER','TN','SOUTHERN','TENNESSEE'),
('37401','DOWNTOWN CHATTANOOGA','CHATTANOOGA','TN','SOUTHERN','TENNESSEE'),
('37402','DOWNTOWN CHATTANOOGA','CHATTANOOGA','TN','SOUTHERN','TENNESSEE'),
('37403','DOWNTOWN CHATTANOOGA','CHATTANOOGA','TN','SOUTHERN','TENNESSEE'),
('37404','HIGHLAND PARK','CHATTANOOGA','TN','SOUTHERN','TENNESSEE'),
('37405','NORTH CHATTANOOGA','CHATTANOOGA','TN','SOUTHERN','TENNESSEE'),
('37406','EAST CHATTANOOGA','CHATTANOOGA','TN','SOUTHERN','TENNESSEE'),
('37407','SOUTH CHATTANOOGA','CHATTANOOGA','TN','SOUTHERN','TENNESSEE'),
('37408','DOWNTOWN CHATTANOOGA','CHATTANOOGA','TN','SOUTHERN','TENNESSEE'),
('37409','SOUTH CHATTANOOGA','CHATTANOOGA','TN','SOUTHERN','TENNESSEE'),
('37410','SOUTH CHATTANOOGA','CHATTANOOGA','TN','SOUTHERN','TENNESSEE'),
('37411','EASTGATE','CHATTANOOGA','TN','SOUTHERN','TENNESSEE'),
('37412','EAST RIDGE','CHATTANOOGA','TN','SOUTHERN','TENNESSEE'),
('37414','EASTGATE','CHATTANOOGA','TN','SOUTHERN','TENNESSEE'),
('37415','RED BANK','CHATTANOOGA','TN','SOUTHERN','TENNESSEE'),
('37416','MURRAY LAKE HILLS','CHATTANOOGA','TN','SOUTHERN','TENNESSEE'),
('37419','SOUTH CHATTANOOGA','CHATTANOOGA','TN','SOUTHERN','TENNESSEE'),
('37421','EASTGATE','CHATTANOOGA','TN','SOUTHERN','TENNESSEE'),
('37422','CHATT MAIN OFFICE WINDOW','CHATTANOOGA','TN','SOUTHERN','TENNESSEE'),
('37424','CHICKAMAUGA','CHATTANOOGA','TN','SOUTHERN','TENNESSEE'),
('37450','DOWNTOWN CHATTANOOGA','CHATTANOOGA','TN','SOUTHERN','TENNESSEE'),
('37601','JOHNSON CITY TN SDC','JOHNSON CITY','TN','SOUTHERN','TENNESSEE'),
('37602','CARROLL REECE','JOHNSON CITY','TN','SOUTHERN','TENNESSEE'),
('37604','JOHNSON CITY TN SDC','JOHNSON CITY','TN','SOUTHERN','TENNESSEE'),
('37605','JOHNSON CITY','JOHNSON CITY','TN','SOUTHERN','TENNESSEE'),
('37615','GRAY','JOHNSON CITY','TN','SOUTHERN','TENNESSEE'),
('37615','JOHNSON CITY TN SDC','JOHNSON CITY','TN','SOUTHERN','TENNESSEE'),
('37616','AFTON','AFTON','TN','SOUTHERN','TENNESSEE'),
('37616','CHUCKEY','CHUCKEY','TN','SOUTHERN','TENNESSEE'),
('37617','BLOUNTVILLE','BLOUNTVILLE','TN','SOUTHERN','TENNESSEE'),
('37618','BLUFF CITY','BLUFF CITY','TN','SOUTHERN','TENNESSEE'),
('37620','BRISTOL','BRISTOL','VA','ATLANTIC','VIRGINIA'),
('37621','BRISTOL','BRISTOL','VA','ATLANTIC','VIRGINIA'),
('37625','VOLUNTEER','BRISTOL','TN','ATLANTIC','VIRGINIA'),
('37640','BUTLER','BUTLER','TN','SOUTHERN','TENNESSEE'),
('37641','CHUCKEY','CHUCKEY','TN','SOUTHERN','TENNESSEE'),
('37642','CHURCH HILL','CHURCH HILL','TN','SOUTHERN','TENNESSEE'),
('37643','ELIZABETHTON','ELIZABETHTON','TN','SOUTHERN','TENNESSEE'),
('37644','ELIZABETHTON','ELIZABETHTON','TN','SOUTHERN','TENNESSEE'),
('37645','CHURCH HILL','CHURCH HILL','TN','SOUTHERN','TENNESSEE'),
('37645','MOUNT CARMEL','MOUNT CARMEL','TN','SOUTHERN','TENNESSEE'),
('37650','ERWIN','ERWIN','TN','SOUTHERN','TENNESSEE'),
('37656','FALL BRANCH','FALL BRANCH','TN','SOUTHERN','TENNESSEE'),
('37657','FLAG POND','FLAG POND','TN','SOUTHERN','TENNESSEE'),
('37658','HAMPTON','HAMPTON','TN','SOUTHERN','TENNESSEE'),
('37659','JONESBOROUGH','JONESBOROUGH','TN','SOUTHERN','TENNESSEE'),
('37660','KINGSPORT','KINGSPORT','TN','SOUTHERN','TENNESSEE'),
('37662','DOWNTOWN KINGSPORT','KINGSPORT','TN','SOUTHERN','TENNESSEE');

INSERT INTO us_locations (zip_code, locale_name, city, state, area_name, district_name) VALUES
('37663','COLONIAL HEIGHTS','KINGSPORT','TN','SOUTHERN','TENNESSEE'),
('37663','KINGSPORT','KINGSPORT','TN','SOUTHERN','TENNESSEE'),
('37664','KINGSPORT','KINGSPORT','TN','SOUTHERN','TENNESSEE'),
('37665','DOWNTOWN KINGSPORT','KINGSPORT','TN','SOUTHERN','TENNESSEE'),
('37665','KINGSPORT','KINGSPORT','TN','SOUTHERN','TENNESSEE'),
('37680','MOUNTAIN CITY','MOUNTAIN CITY','TN','SOUTHERN','TENNESSEE'),
('37681','LIMESTONE','LIMESTONE','TN','SOUTHERN','TENNESSEE'),
('37682','MILLIGAN','MILLIGAN','TN','SOUTHERN','TENNESSEE'),
('37683','MOUNTAIN CITY','MOUNTAIN CITY','TN','SOUTHERN','TENNESSEE'),
('37684','MOUNTAIN HOME','MOUNTAIN HOME','TN','SOUTHERN','TENNESSEE'),
('37686','PINEY FLATS','PINEY FLATS','TN','SOUTHERN','TENNESSEE'),
('37687','ROAN MOUNTAIN','ROAN MOUNTAIN','TN','SOUTHERN','TENNESSEE'),
('37688','SHADY VALLEY','SHADY VALLEY','TN','SOUTHERN','TENNESSEE'),
('37690','TELFORD','TELFORD','TN','SOUTHERN','TENNESSEE'),
('37691','TRADE','TRADE','TN','SOUTHERN','TENNESSEE'),
('37692','ERWIN','ERWIN','TN','SOUTHERN','TENNESSEE'),
('37692','UNICOI','UNICOI','TN','SOUTHERN','TENNESSEE'),
('37694','ELIZABETHTON','ELIZABETHTON','TN','SOUTHERN','TENNESSEE'),
('37694','WATAUGA','WATAUGA','TN','SOUTHERN','TENNESSEE'),
('37701','ALCOA','ALCOA','TN','SOUTHERN','TENNESSEE'),
('37701','MARYVILLE','MARYVILLE','TN','SOUTHERN','TENNESSEE'),
('37705','ANDERSONVILLE','ANDERSONVILLE','TN','SOUTHERN','TENNESSEE'),
('37707','HARROGATE','HARROGATE','TN','SOUTHERN','TENNESSEE'),
('37708','BEAN STATION','BEAN STATION','TN','SOUTHERN','TENNESSEE'),
('37709','BLAINE','BLAINE','TN','SOUTHERN','TENNESSEE'),
('37710','BRICEVILLE','BRICEVILLE','TN','SOUTHERN','TENNESSEE'),
('37710','ROCKY TOP','ROCKY TOP','TN','SOUTHERN','TENNESSEE'),
('37711','BULLS GAP','BULLS GAP','TN','SOUTHERN','TENNESSEE'),
('37713','BYBEE','BYBEE','TN','SOUTHERN','TENNESSEE'),
('37713','NEWPORT','NEWPORT','TN','SOUTHERN','TENNESSEE'),
('37714','CARYVILLE','CARYVILLE','TN','SOUTHERN','TENNESSEE'),
('37715','CLAIRFIELD','CLAIRFIELD','TN','SOUTHERN','TENNESSEE'),
('37716','CLINTON','CLINTON','TN','SOUTHERN','TENNESSEE'),
('37717','CLINTON','CLINTON','TN','SOUTHERN','TENNESSEE'),
('37719','COALFIELD','COALFIELD','TN','SOUTHERN','TENNESSEE'),
('37721','CORRYTON','CORRYTON','TN','SOUTHERN','TENNESSEE'),
('37722','COSBY','COSBY','TN','SOUTHERN','TENNESSEE'),
('37723','CRAB ORCHARD','CRAB ORCHARD','TN','SOUTHERN','TENNESSEE'),
('37723','KINGSTON','KINGSTON','TN','SOUTHERN','TENNESSEE'),
('37724','CUMBERLAND GAP','CUMBERLAND GAP','TN','SOUTHERN','TENNESSEE'),
('37724','HARROGATE','HARROGATE','TN','SOUTHERN','TENNESSEE'),
('37725','DANDRIDGE','DANDRIDGE','TN','SOUTHERN','TENNESSEE'),
('37726','DEER LODGE','DEER LODGE','TN','SOUTHERN','TENNESSEE'),
('37727','DEL RIO','DEL RIO','TN','SOUTHERN','TENNESSEE'),
('37729','LA FOLLETTE','LA FOLLETTE','TN','SOUTHERN','TENNESSEE'),
('37730','EAGAN','EAGAN','TN','SOUTHERN','TENNESSEE'),
('37731','EIDSON','EIDSON','TN','SOUTHERN','TENNESSEE'),
('37732','ELGIN','ELGIN','TN','SOUTHERN','TENNESSEE'),
('37737','FRIENDSVILLE','FRIENDSVILLE','TN','SOUTHERN','TENNESSEE'),
('37738','GATLINBURG','GATLINBURG','TN','SOUTHERN','TENNESSEE');

INSERT INTO us_locations (zip_code, locale_name, city, state, area_name, district_name) VALUES
('37742','GREENBACK','GREENBACK','TN','SOUTHERN','TENNESSEE'),
('37743','GREENEVILLE','GREENEVILLE','TN','SOUTHERN','TENNESSEE'),
('37744','GREENEVILLE','GREENEVILLE','TN','SOUTHERN','TENNESSEE'),
('37745','GREENEVILLE','GREENEVILLE','TN','SOUTHERN','TENNESSEE'),
('37748','HARRIMAN','HARRIMAN','TN','SOUTHERN','TENNESSEE'),
('37752','HARROGATE','HARROGATE','TN','SOUTHERN','TENNESSEE'),
('37753','COSBY','COSBY','TN','SOUTHERN','TENNESSEE'),
('37753','HARTFORD CARRIERS','COSBY','TN','SOUTHERN','TENNESSEE'),
('37754','HEISKELL','HEISKELL','TN','SOUTHERN','TENNESSEE'),
('37755','HELENWOOD','HELENWOOD','TN','SOUTHERN','TENNESSEE'),
('37755','HUNTSVILLE','HUNTSVILLE','TN','SOUTHERN','TENNESSEE'),
('37756','HUNTSVILLE','HUNTSVILLE','TN','SOUTHERN','TENNESSEE'),
('37757','JACKSBORO','JACKSBORO','TN','SOUTHERN','TENNESSEE'),
('37760','JEFFERSON CITY','JEFFERSON CITY','TN','SOUTHERN','TENNESSEE'),
('37762','JELLICO','JELLICO','TN','SOUTHERN','TENNESSEE'),
('37763','KINGSTON','KINGSTON','TN','SOUTHERN','TENNESSEE'),
('37764','KODAK','KODAK','TN','SOUTHERN','TENNESSEE'),
('37765','SNEEDVILLE','SNEEDVILLE','TN','SOUTHERN','TENNESSEE'),
('37766','LA FOLLETTE','LA FOLLETTE','TN','SOUTHERN','TENNESSEE'),
('37769','ROCKY TOP','ROCKY TOP','TN','SOUTHERN','TENNESSEE'),
('37770','LANCING','LANCING','TN','SOUTHERN','TENNESSEE'),
('37771','LENOIR CITY','LENOIR CITY','TN','SOUTHERN','TENNESSEE'),
('37771','LENOIR CITY CARRIER ANNEX','LENOIR CITY','TN','SOUTHERN','TENNESSEE'),
('37772','LENOIR CITY CARRIER ANNEX','LENOIR CITY','TN','SOUTHERN','TENNESSEE'),
('37773','NEW TAZEWELL','NEW TAZEWELL','TN','SOUTHERN','TENNESSEE'),
('37774','LOUDON','LOUDON','TN','SOUTHERN','TENNESSEE'),
('37777','LOUISVILLE','LOUISVILLE','TN','SOUTHERN','TENNESSEE'),
('37779','LUTTRELL','LUTTRELL','TN','SOUTHERN','TENNESSEE'),
('37801','MARYVILLE','MARYVILLE','TN','SOUTHERN','TENNESSEE'),
('37802','MARYVILLE','MARYVILLE','TN','SOUTHERN','TENNESSEE'),
('37803','MARYVILLE','MARYVILLE','TN','SOUTHERN','TENNESSEE'),
('37804','MARYVILLE','MARYVILLE','TN','SOUTHERN','TENNESSEE'),
('37806','MASCOT','MASCOT','TN','SOUTHERN','TENNESSEE'),
('37807','MAYNARDVILLE','MAYNARDVILLE','TN','SOUTHERN','TENNESSEE'),
('37809','MOSHEIM','MOSHEIM','TN','SOUTHERN','TENNESSEE'),
('37810','MOHAWK','MOHAWK','TN','SOUTHERN','TENNESSEE'),
('37811','BEAN STATION','BEAN STATION','TN','SOUTHERN','TENNESSEE'),
('37811','MOORESBURG','MOORESBURG','TN','SOUTHERN','TENNESSEE'),
('37813','MORRISTOWN','MORRISTOWN','TN','SOUTHERN','TENNESSEE'),
('37814','MORRISTOWN','MORRISTOWN','TN','SOUTHERN','TENNESSEE'),
('37815','MORRISTOWN','MORRISTOWN','TN','SOUTHERN','TENNESSEE'),
('37816','HENRY STREET','MORRISTOWN','TN','SOUTHERN','TENNESSEE'),
('37818','MOSHEIM','MOSHEIM','TN','SOUTHERN','TENNESSEE'),
('37819','JELLICO','JELLICO','TN','SOUTHERN','TENNESSEE'),
('37820','NEW MARKET','NEW MARKET','TN','SOUTHERN','TENNESSEE'),
('37821','NEWPORT','NEWPORT','TN','SOUTHERN','TENNESSEE'),
('37822','NEWPORT','NEWPORT','TN','SOUTHERN','TENNESSEE'),
('37824','NEW TAZEWELL','NEW TAZEWELL','TN','SOUTHERN','TENNESSEE'),
('37825','NEW TAZEWELL','NEW TAZEWELL','TN','SOUTHERN','TENNESSEE'),
('37826','NIOTA','NIOTA','TN','SOUTHERN','TENNESSEE');

