INSERT INTO us_locations (zip_code, locale_name, city, state, area_name, district_name) VALUES
('29486','SUMMERVILLE','SUMMERVILLE','SC','SOUTHERN','SOUTH CAROLINA'),
('29487','WADMALAW ISLAND','WADMALAW ISLAND','SC','SOUTHERN','SOUTH CAROLINA'),
('29488','WALTERBORO','WALTERBORO','SC','SOUTHERN','SOUTH CAROLINA'),
('29492','NORTH CHARLESTON','NORTH CHARLESTON','SC','SOUTHERN','SOUTH CAROLINA'),
('29493','WILLIAMS','WILLIAMS','SC','SOUTHERN','SOUTH CAROLINA'),
('29501','FLORENCE','FLORENCE','SC','SOUTHERN','SOUTH CAROLINA'),
('29502','FLORENCE','FLORENCE','SC','SOUTHERN','SOUTH CAROLINA'),
('29503','FEDERAL FLORENCE','FLORENCE','SC','SOUTHERN','SOUTH CAROLINA'),
('29504','SOUTH FLORENCE','FLORENCE','SC','SOUTHERN','SOUTH CAROLINA'),
('29505','FLORENCE','FLORENCE','SC','SOUTHERN','SOUTH CAROLINA'),
('29506','FLORENCE','FLORENCE','SC','SOUTHERN','SOUTH CAROLINA'),
('29506','QUINBY','FLORENCE','SC','SOUTHERN','SOUTH CAROLINA'),
('29510','ANDREWS','ANDREWS','SC','SOUTHERN','SOUTH CAROLINA'),
('29511','AYNOR','AYNOR','SC','SOUTHERN','SOUTH CAROLINA'),
('29512','BENNETTSVILLE','BENNETTSVILLE','SC','SOUTHERN','SOUTH CAROLINA'),
('29516','BENNETTSVILLE','BENNETTSVILLE','SC','SOUTHERN','SOUTH CAROLINA'),
('29516','BLENHEIM','BLENHEIM','SC','SOUTHERN','SOUTH CAROLINA'),
('29518','CADES','CADES','SC','SOUTHERN','SOUTH CAROLINA'),
('29518','LAKE CITY','LAKE CITY','SC','SOUTHERN','SOUTH CAROLINA'),
('29519','CENTENARY','CENTENARY','SC','SOUTHERN','SOUTH CAROLINA'),
('29520','CHERAW','CHERAW','SC','SOUTHERN','SOUTH CAROLINA'),
('29520','CHERAW CARRIER ANNEX','CHERAW','SC','SOUTHERN','SOUTH CAROLINA'),
('29525','CLIO','CLIO','SC','SOUTHERN','SOUTH CAROLINA'),
('29526','CONWAY','CONWAY','SC','SOUTHERN','SOUTH CAROLINA'),
('29527','CONWAY','CONWAY','SC','SOUTHERN','SOUTH CAROLINA'),
('29528','CONWAY','CONWAY','SC','SOUTHERN','SOUTH CAROLINA'),
('29530','COWARD','COWARD','SC','SOUTHERN','SOUTH CAROLINA'),
('29532','DARLINGTON','DARLINGTON','SC','SOUTHERN','SOUTH CAROLINA'),
('29536','DILLON','DILLON','SC','SOUTHERN','SOUTH CAROLINA'),
('29540','DARLINGTON','DARLINGTON','SC','SOUTHERN','SOUTH CAROLINA'),
('29541','EFFINGHAM','EFFINGHAM','SC','SOUTHERN','SOUTH CAROLINA'),
('29543','FORK','FORK','SC','SOUTHERN','SOUTH CAROLINA'),
('29543','LATTA','LATTA','SC','SOUTHERN','SOUTH CAROLINA'),
('29544','AYNOR','AYNOR','SC','SOUTHERN','SOUTH CAROLINA'),
('29545','GREEN SEA','GREEN SEA','SC','SOUTHERN','SOUTH CAROLINA'),
('29545','LORIS','LORIS','SC','SOUTHERN','SOUTH CAROLINA'),
('29546','GRESHAM','GRESHAM','SC','SOUTHERN','SOUTH CAROLINA'),
('29547','DILLON','DILLON','SC','SOUTHERN','SOUTH CAROLINA'),
('29547','HAMER','HAMER','SC','SOUTHERN','SOUTH CAROLINA'),
('29550','HARTSVILLE','HARTSVILLE','SC','SOUTHERN','SOUTH CAROLINA'),
('29551','HARTSVILLE','HARTSVILLE','SC','SOUTHERN','SOUTH CAROLINA'),
('29554','HEMINGWAY','HEMINGWAY','SC','SOUTHERN','SOUTH CAROLINA'),
('29555','JOHNSONVILLE','JOHNSONVILLE','SC','SOUTHERN','SOUTH CAROLINA'),
('29556','KINGSTREE','KINGSTREE','SC','SOUTHERN','SOUTH CAROLINA'),
('29560','LAKE CITY','LAKE CITY','SC','SOUTHERN','SOUTH CAROLINA'),
('29563','LAKE VIEW','LAKE VIEW','SC','SOUTHERN','SOUTH CAROLINA'),
('29564','LANE','LANE','SC','SOUTHERN','SOUTH CAROLINA'),
('29565','LATTA','LATTA','SC','SOUTHERN','SOUTH CAROLINA'),
('29566','LITTLE RIVER','LITTLE RIVER','SC','SOUTHERN','SOUTH CAROLINA'),
('29567','DILLON','DILLON','SC','SOUTHERN','SOUTH CAROLINA');

INSERT INTO us_locations (zip_code, locale_name, city, state, area_name, district_name) VALUES
('29567','LITTLE ROCK','LITTLE ROCK','SC','SOUTHERN','SOUTH CAROLINA'),
('29568','LONGS','LONGS','SC','SOUTHERN','SOUTH CAROLINA'),
('29569','LORIS','LORIS','SC','SOUTHERN','SOUTH CAROLINA'),
('29570','MC COLL','MC COLL','SC','SOUTHERN','SOUTH CAROLINA'),
('29571','MARION','MARION','SC','SOUTHERN','SOUTH CAROLINA'),
('29572','LIVE OAK','MYRTLE BEACH','SC','SOUTHERN','SOUTH CAROLINA'),
('29572','MYRTLE BEACH','MYRTLE BEACH','SC','SOUTHERN','SOUTH CAROLINA'),
('29574','MULLINS','MULLINS','SC','SOUTHERN','SOUTH CAROLINA'),
('29575','SURFSIDE BEACH','SURFSIDE BEACH','SC','SOUTHERN','SOUTH CAROLINA'),
('29576','MURRELLS INLET','MURRELLS INLET','SC','SOUTHERN','SOUTH CAROLINA'),
('29577','MYRTLE BEACH','MYRTLE BEACH','SC','SOUTHERN','SOUTH CAROLINA'),
('29578','MYRTLE BEACH','MYRTLE BEACH','SC','SOUTHERN','SOUTH CAROLINA'),
('29579','CAROLINA FOREST','MYRTLE BEACH','SC','SOUTHERN','SOUTH CAROLINA'),
('29580','NESMITH','NESMITH','SC','SOUTHERN','SOUTH CAROLINA'),
('29581','NICHOLS','NICHOLS','SC','SOUTHERN','SOUTH CAROLINA'),
('29582','CPU CHERRY GROVE BEACH','NORTH MYRTLE BEACH','SC','SOUTHERN','SOUTH CAROLINA'),
('29582','NORTH MYRTLE BEACH','NORTH MYRTLE BEACH','SC','SOUTHERN','SOUTH CAROLINA'),
('29583','PAMPLICO','PAMPLICO','SC','SOUTHERN','SOUTH CAROLINA'),
('29584','PATRICK','PATRICK','SC','SOUTHERN','SOUTH CAROLINA'),
('29585','PAWLEYS ISLAND','PAWLEYS ISLAND','SC','SOUTHERN','SOUTH CAROLINA'),
('29587','SURFSIDE BEACH','SURFSIDE BEACH','SC','SOUTHERN','SOUTH CAROLINA'),
('29588','SOCASTEE','MYRTLE BEACH','SC','SOUTHERN','SOUTH CAROLINA'),
('29589','RAINS','RAINS','SC','SOUTHERN','SOUTH CAROLINA'),
('29590','SALTERS','SALTERS','SC','SOUTHERN','SOUTH CAROLINA'),
('29591','SCRANTON','SCRANTON','SC','SOUTHERN','SOUTH CAROLINA'),
('29592','LATTA','LATTA','SC','SOUTHERN','SOUTH CAROLINA'),
('29592','SELLERS','SELLERS','SC','SOUTHERN','SOUTH CAROLINA'),
('29593','BENNETTSVILLE','BENNETTSVILLE','SC','SOUTHERN','SOUTH CAROLINA'),
('29593','SOCIETY HILL','SOCIETY HILL','SC','SOUTHERN','SOUTH CAROLINA'),
('29594','TATUM','TATUM','SC','SOUTHERN','SOUTH CAROLINA'),
('29596','CHERAW CARRIER ANNEX','CHERAW','SC','SOUTHERN','SOUTH CAROLINA'),
('29596','WALLACE','WALLACE','SC','SOUTHERN','SOUTH CAROLINA'),
('29597','NORTH MYRTLE BEACH','NORTH MYRTLE BEACH','SC','SOUTHERN','SOUTH CAROLINA'),
('29598','COASTAL','NORTH MYRTLE BEACH','SC','SOUTHERN','SOUTH CAROLINA'),
('29601','GREENVILLE SC DOWNTOWN SDC','GREENVILLE','SC','SOUTHERN','SOUTH CAROLINA'),
('29602','GREENVILLE SC DOWNTOWN SDC','GREENVILLE','SC','SOUTHERN','SOUTH CAROLINA'),
('29603','GREENVILLE SC DOWNTOWN SDC','GREENVILLE','SC','SOUTHERN','SOUTH CAROLINA'),
('29604','STATION A','GREENVILLE','SC','SOUTHERN','SOUTH CAROLINA'),
('29605','GREENVILLE SC DOWNTOWN SDC','GREENVILLE','SC','SOUTHERN','SOUTH CAROLINA'),
('29606','PLEASANTBURG','GREENVILLE','SC','SOUTHERN','SOUTH CAROLINA'),
('29607','PLEASANTBURG','GREENVILLE','SC','SOUTHERN','SOUTH CAROLINA'),
('29608','PARK PLACE','GREENVILLE','SC','SOUTHERN','SOUTH CAROLINA'),
('29609','GREENVILLE SC DOWNTOWN SDC','GREENVILLE','SC','SOUTHERN','SOUTH CAROLINA'),
('29610','BEREA','GREENVILLE','SC','SOUTHERN','SOUTH CAROLINA'),
('29611','BEREA','GREENVILLE','SC','SOUTHERN','SOUTH CAROLINA'),
('29612','GREER','GREER','SC','SOUTHERN','SOUTH CAROLINA'),
('29615','KEITH D OGLESBY','GREENVILLE','SC','SOUTHERN','SOUTH CAROLINA'),
('29616','KEITH D OGLESBY','GREENVILLE','SC','SOUTHERN','SOUTH CAROLINA'),
('29617','BEREA','GREENVILLE','SC','SOUTHERN','SOUTH CAROLINA'),
('29620','ABBEVILLE','ABBEVILLE','SC','SOUTHERN','SOUTH CAROLINA');

INSERT INTO us_locations (zip_code, locale_name, city, state, area_name, district_name) VALUES
('29621','ANDERSON','ANDERSON','SC','SOUTHERN','SOUTH CAROLINA'),
('29622','ANDERSON','ANDERSON','SC','SOUTHERN','SOUTH CAROLINA'),
('29623','NORTH ANDERSON','ANDERSON','SC','SOUTHERN','SOUTH CAROLINA'),
('29624','ANDERSON','ANDERSON','SC','SOUTHERN','SOUTH CAROLINA'),
('29624','SOUTH ANDERSON','ANDERSON','SC','SOUTHERN','SOUTH CAROLINA'),
('29625','ANDERSON','ANDERSON','SC','SOUTHERN','SOUTH CAROLINA'),
('29626','ANDERSON','ANDERSON','SC','SOUTHERN','SOUTH CAROLINA'),
('29627','BELTON','BELTON','SC','SOUTHERN','SOUTH CAROLINA'),
('29628','CALHOUN FALLS','CALHOUN FALLS','SC','SOUTHERN','SOUTH CAROLINA'),
('29630','CENTRAL','CENTRAL','SC','SOUTHERN','SOUTH CAROLINA'),
('29631','CLEMSON','CLEMSON','SC','SOUTHERN','SOUTH CAROLINA'),
('29633','CLEMSON','CLEMSON','SC','SOUTHERN','SOUTH CAROLINA'),
('29635','CLEVELAND','CLEVELAND','SC','SOUTHERN','SOUTH CAROLINA'),
('29635','MARIETTA','MARIETTA','SC','SOUTHERN','SOUTH CAROLINA'),
('29636','CONESTEE','CONESTEE','SC','SOUTHERN','SOUTH CAROLINA'),
('29638','DONALDS','DONALDS','SC','SOUTHERN','SOUTH CAROLINA'),
('29638','DUE WEST','DUE WEST','SC','SOUTHERN','SOUTH CAROLINA'),
('29639','DUE WEST','DUE WEST','SC','SOUTHERN','SOUTH CAROLINA'),
('29640','EASLEY','EASLEY','SC','SOUTHERN','SOUTH CAROLINA'),
('29641','EASLEY','EASLEY','SC','SOUTHERN','SOUTH CAROLINA'),
('29642','EASLEY','EASLEY','SC','SOUTHERN','SOUTH CAROLINA'),
('29643','FAIR PLAY','FAIR PLAY','SC','SOUTHERN','SOUTH CAROLINA'),
('29644','FOUNTAIN INN','FOUNTAIN INN','SC','SOUTHERN','SOUTH CAROLINA'),
('29645','GRAY COURT','GRAY COURT','SC','SOUTHERN','SOUTH CAROLINA'),
('29646','GREENWOOD','GREENWOOD','SC','SOUTHERN','SOUTH CAROLINA'),
('29646','MAGNOLIA','GREENWOOD','SC','SOUTHERN','SOUTH CAROLINA'),
('29648','MAGNOLIA','GREENWOOD','SC','SOUTHERN','SOUTH CAROLINA'),
('29649','GREENWOOD','GREENWOOD','SC','SOUTHERN','SOUTH CAROLINA'),
('29650','GREER','GREER','SC','SOUTHERN','SOUTH CAROLINA'),
('29651','GREER','GREER','SC','SOUTHERN','SOUTH CAROLINA'),
('29652','GREER','GREER','SC','SOUTHERN','SOUTH CAROLINA'),
('29653','HODGES','HODGES','SC','SOUTHERN','SOUTH CAROLINA'),
('29654','HONEA PATH','HONEA PATH','SC','SOUTHERN','SOUTH CAROLINA'),
('29655','IVA','IVA','SC','SOUTHERN','SOUTH CAROLINA'),
('29656','LA FRANCE','LA FRANCE','SC','SOUTHERN','SOUTH CAROLINA'),
('29657','LIBERTY','LIBERTY','SC','SOUTHERN','SOUTH CAROLINA'),
('29658','LONG CREEK','LONG CREEK','SC','SOUTHERN','SOUTH CAROLINA'),
('29658','WESTMINSTER','WESTMINSTER','SC','SOUTHERN','SOUTH CAROLINA'),
('29659','LOWNDESVILLE','LOWNDESVILLE','SC','SOUTHERN','SOUTH CAROLINA'),
('29661','MARIETTA','MARIETTA','SC','SOUTHERN','SOUTH CAROLINA'),
('29662','MAULDIN','MAULDIN','SC','SOUTHERN','SOUTH CAROLINA'),
('29664','MOUNTAIN REST','MOUNTAIN REST','SC','SOUTHERN','SOUTH CAROLINA'),
('29664','WALHALLA','WALHALLA','SC','SOUTHERN','SOUTH CAROLINA'),
('29665','NEWRY','NEWRY','SC','SOUTHERN','SOUTH CAROLINA'),
('29666','NINETY SIX','NINETY SIX','SC','SOUTHERN','SOUTH CAROLINA'),
('29667','LIBERTY','LIBERTY','SC','SOUTHERN','SOUTH CAROLINA'),
('29667','NORRIS','NORRIS','SC','SOUTHERN','SOUTH CAROLINA'),
('29669','PELZER','PELZER','SC','SOUTHERN','SOUTH CAROLINA'),
('29670','PENDLETON','PENDLETON','SC','SOUTHERN','SOUTH CAROLINA'),
('29671','PICKENS','PICKENS','SC','SOUTHERN','SOUTH CAROLINA');

INSERT INTO us_locations (zip_code, locale_name, city, state, area_name, district_name) VALUES
('29672','SENECA','SENECA','SC','SOUTHERN','SOUTH CAROLINA'),
('29673','CPU POWDERSVILLE','PIEDMONT','SC','SOUTHERN','SOUTH CAROLINA'),
('29673','PIEDMONT','PIEDMONT','SC','SOUTHERN','SOUTH CAROLINA'),
('29675','RICHLAND','RICHLAND','SC','SOUTHERN','SOUTH CAROLINA'),
('29676','SALEM','SALEM','SC','SOUTHERN','SOUTH CAROLINA'),
('29677','SANDY SPRINGS','SANDY SPRINGS','SC','SOUTHERN','SOUTH CAROLINA'),
('29678','CPU THE BOOKSMITH','SENECA','SC','SOUTHERN','SOUTH CAROLINA'),
('29678','SENECA','SENECA','SC','SOUTHERN','SOUTH CAROLINA'),
('29679','SENECA','SENECA','SC','SOUTHERN','SOUTH CAROLINA'),
('29680','FAIRVIEW','SIMPSONVILLE','SC','SOUTHERN','SOUTH CAROLINA'),
('29681','SIMPSONVILLE','SIMPSONVILLE','SC','SOUTHERN','SOUTH CAROLINA'),
('29682','SIX MILE','SIX MILE','SC','SOUTHERN','SOUTH CAROLINA'),
('29683','SLATER','SLATER','SC','SOUTHERN','SOUTH CAROLINA'),
('29684','IVA','IVA','SC','SOUTHERN','SOUTH CAROLINA'),
('29684','STARR','STARR','SC','SOUTHERN','SOUTH CAROLINA'),
('29685','PICKENS','PICKENS','SC','SOUTHERN','SOUTH CAROLINA'),
('29686','SALEM','SALEM','SC','SOUTHERN','SOUTH CAROLINA'),
('29686','TAMASSEE','TAMASSEE','SC','SOUTHERN','SOUTH CAROLINA'),
('29687','TAYLORS','TAYLORS','SC','SOUTHERN','SOUTH CAROLINA'),
('29688','TIGERVILLE','TIGERVILLE','SC','SOUTHERN','SOUTH CAROLINA'),
('29689','TOWNVILLE','TOWNVILLE','SC','SOUTHERN','SOUTH CAROLINA'),
('29690','TRAVELERS REST','TRAVELERS REST','SC','SOUTHERN','SOUTH CAROLINA'),
('29691','WALHALLA','WALHALLA','SC','SOUTHERN','SOUTH CAROLINA'),
('29692','WARE SHOALS','WARE SHOALS','SC','SOUTHERN','SOUTH CAROLINA'),
('29693','WESTMINSTER','WESTMINSTER','SC','SOUTHERN','SOUTH CAROLINA'),
('29696','WEST UNION','WEST UNION','SC','SOUTHERN','SOUTH CAROLINA'),
('29697','WILLIAMSTON','WILLIAMSTON','SC','SOUTHERN','SOUTH CAROLINA'),
('29702','BLACKSBURG','BLACKSBURG','SC','SOUTHERN','SOUTH CAROLINA'),
('29703','BOWLING GREEN','BOWLING GREEN','SC','SOUTHERN','SOUTH CAROLINA'),
('29704','CATAWBA','CATAWBA','SC','SOUTHERN','SOUTH CAROLINA'),
('29706','CHESTER','CHESTER','SC','SOUTHERN','SOUTH CAROLINA'),
('29707','FORT MILL','FORT MILL','SC','SOUTHERN','SOUTH CAROLINA'),
('29708','FORT MILL','FORT MILL','SC','SOUTHERN','SOUTH CAROLINA'),
('29709','CHESTERFIELD','CHESTERFIELD','SC','SOUTHERN','SOUTH CAROLINA'),
('29710','CLOVER','CLOVER','SC','SOUTHERN','SOUTH CAROLINA'),
('29712','EDGEMOOR','EDGEMOOR','SC','SOUTHERN','SOUTH CAROLINA'),
('29712','ROCK HILL','ROCK HILL','SC','SOUTHERN','SOUTH CAROLINA'),
('29714','FORT LAWN','FORT LAWN','SC','SOUTHERN','SOUTH CAROLINA'),
('29715','FORT MILL','FORT MILL','SC','SOUTHERN','SOUTH CAROLINA'),
('29716','FORT MILL','FORT MILL','SC','SOUTHERN','SOUTH CAROLINA'),
('29717','HICKORY GROVE','HICKORY GROVE','SC','SOUTHERN','SOUTH CAROLINA'),
('29717','YORK','YORK','SC','SOUTHERN','SOUTH CAROLINA'),
('29718','JEFFERSON','JEFFERSON','SC','SOUTHERN','SOUTH CAROLINA'),
('29720','LANCASTER','LANCASTER','SC','SOUTHERN','SOUTH CAROLINA'),
('29721','LANCASTER','LANCASTER','SC','SOUTHERN','SOUTH CAROLINA'),
('29726','MC CONNELLS','MC CONNELLS','SC','SOUTHERN','SOUTH CAROLINA'),
('29726','YORK','YORK','SC','SOUTHERN','SOUTH CAROLINA'),
('29727','CHESTERFIELD','CHESTERFIELD','SC','SOUTHERN','SOUTH CAROLINA'),
('29727','MOUNT CROGHAN','MOUNT CROGHAN','SC','SOUTHERN','SOUTH CAROLINA'),
('29728','PAGELAND','PAGELAND','SC','SOUTHERN','SOUTH CAROLINA');

INSERT INTO us_locations (zip_code, locale_name, city, state, area_name, district_name) VALUES
('29729','LANCASTER','LANCASTER','SC','SOUTHERN','SOUTH CAROLINA'),
('29729','RICHBURG','RICHBURG','SC','SOUTHERN','SOUTH CAROLINA'),
('29730','ROCK HILL','ROCK HILL','SC','SOUTHERN','SOUTH CAROLINA'),
('29731','ROCK HILL','ROCK HILL','SC','SOUTHERN','SOUTH CAROLINA'),
('29732','CHERRY ROAD','ROCK HILL','SC','SOUTHERN','SOUTH CAROLINA'),
('29732','EBENEZER','ROCK HILL','SC','SOUTHERN','SOUTH CAROLINA'),
('29741','CHESTERFIELD','CHESTERFIELD','SC','SOUTHERN','SOUTH CAROLINA'),
('29741','RUBY','RUBY','SC','SOUTHERN','SOUTH CAROLINA'),
('29742','SHARON','SHARON','SC','SOUTHERN','SOUTH CAROLINA'),
('29743','SMYRNA','SMYRNA','SC','SOUTHERN','SOUTH CAROLINA'),
('29743','YORK','YORK','SC','SOUTHERN','SOUTH CAROLINA'),
('29744','VAN WYCK','VAN WYCK','SC','SOUTHERN','SOUTH CAROLINA'),
('29745','YORK','YORK','SC','SOUTHERN','SOUTH CAROLINA'),
('29801','AIKEN','AIKEN','SC','SOUTHERN','SOUTH CAROLINA'),
('29802','AIKEN','AIKEN','SC','SOUTHERN','SOUTH CAROLINA'),
('29803','SUMMERALL','AIKEN','SC','SOUTHERN','SOUTH CAROLINA'),
('29804','SUMMERALL','AIKEN','SC','SOUTHERN','SOUTH CAROLINA'),
('29805','AIKEN','AIKEN','SC','SOUTHERN','SOUTH CAROLINA'),
('29809','NEW ELLENTON','NEW ELLENTON','SC','SOUTHERN','SOUTH CAROLINA'),
('29810','ALLENDALE','ALLENDALE','SC','SOUTHERN','SOUTH CAROLINA'),
('29812','BARNWELL','BARNWELL','SC','SOUTHERN','SOUTH CAROLINA'),
('29813','HILDA','BARNWELL','SC','SOUTHERN','SOUTH CAROLINA'),
('29816','BATH','BATH','SC','SOUTHERN','SOUTH CAROLINA'),
('29817','BLACKVILLE','BLACKVILLE','SC','SOUTHERN','SOUTH CAROLINA'),
('29819','BRADLEY','BRADLEY','SC','SOUTHERN','SOUTH CAROLINA'),
('29819','MC CORMICK','MC CORMICK','SC','SOUTHERN','SOUTH CAROLINA'),
('29821','CLARKS HILL','CLARKS HILL','SC','SOUTHERN','SOUTH CAROLINA'),
('29822','CLEARWATER','CLEARWATER','SC','SOUTHERN','SOUTH CAROLINA'),
('29824','EDGEFIELD','EDGEFIELD','SC','SOUTHERN','SOUTH CAROLINA'),
('29826','ELKO','ELKO','SC','SOUTHERN','SOUTH CAROLINA'),
('29827','FAIRFAX','FAIRFAX','SC','SOUTHERN','SOUTH CAROLINA'),
('29828','GLOVERVILLE','GLOVERVILLE','SC','SOUTHERN','SOUTH CAROLINA'),
('29828','WARRENVILLE','WARRENVILLE','SC','SOUTHERN','SOUTH CAROLINA'),
('29829','GRANITEVILLE','GRANITEVILLE','SC','SOUTHERN','SOUTH CAROLINA'),
('29831','JACKSON','JACKSON','SC','SOUTHERN','SOUTH CAROLINA'),
('29832','JOHNSTON','JOHNSTON','SC','SOUTHERN','SOUTH CAROLINA'),
('29834','LANGLEY','LANGLEY','SC','SOUTHERN','SOUTH CAROLINA'),
('29835','MC CORMICK','MC CORMICK','SC','SOUTHERN','SOUTH CAROLINA'),
('29836','ALLENDALE','ALLENDALE','SC','SOUTHERN','SOUTH CAROLINA'),
('29836','MARTIN','MARTIN','SC','SOUTHERN','SOUTH CAROLINA'),
('29838','CLARKS HILL','CLARKS HILL','SC','SOUTHERN','SOUTH CAROLINA'),
('29838','MODOC','MODOC','SC','SOUTHERN','SOUTH CAROLINA'),
('29839','MONTMORENCI','MONTMORENCI','SC','SOUTHERN','SOUTH CAROLINA'),
('29840','MOUNT CARMEL','MOUNT CARMEL','SC','SOUTHERN','SOUTH CAROLINA'),
('29841','NORTH AUGUSTA','NORTH AUGUSTA','SC','SOUTHERN','SOUTH CAROLINA'),
('29842','NORTH AUGUSTA','NORTH AUGUSTA','SC','SOUTHERN','SOUTH CAROLINA'),
('29843','DENMARK','DENMARK','SC','SOUTHERN','SOUTH CAROLINA'),
('29844','PARKSVILLE','PARKSVILLE','SC','SOUTHERN','SOUTH CAROLINA'),
('29845','PLUM BRANCH','PLUM BRANCH','SC','SOUTHERN','SOUTH CAROLINA'),
('29846','SYCAMORE','SYCAMORE','SC','SOUTHERN','SOUTH CAROLINA');

INSERT INTO us_locations (zip_code, locale_name, city, state, area_name, district_name) VALUES
('29847','TRENTON','TRENTON','SC','SOUTHERN','SOUTH CAROLINA'),
('29848','TROY','TROY','SC','SOUTHERN','SOUTH CAROLINA'),
('29849','ULMER','ULMER','SC','SOUTHERN','SOUTH CAROLINA'),
('29850','VAUCLUSE','VAUCLUSE','SC','SOUTHERN','SOUTH CAROLINA'),
('29851','WARRENVILLE','WARRENVILLE','SC','SOUTHERN','SOUTH CAROLINA'),
('29853','WILLISTON','WILLISTON','SC','SOUTHERN','SOUTH CAROLINA'),
('29856','WINDSOR','WINDSOR','SC','SOUTHERN','SOUTH CAROLINA'),
('29860','NORTH AUGUSTA','NORTH AUGUSTA','SC','SOUTHERN','SOUTH CAROLINA'),
('29861','NORTH AUGUSTA','NORTH AUGUSTA','SC','SOUTHERN','SOUTH CAROLINA'),
('29901','BEAUFORT','BEAUFORT','SC','SOUTHERN','SOUTH CAROLINA'),
('29902','BURTON','BEAUFORT','SC','SOUTHERN','SOUTH CAROLINA'),
('29903','BURTON','BEAUFORT','SC','SOUTHERN','SOUTH CAROLINA'),
('29904','MARINE CORPS AIR STATION','BEAUFORT','SC','SOUTHERN','SOUTH CAROLINA'),
('29905','PARRIS ISLAND','PARRIS ISLAND','SC','SOUTHERN','SOUTH CAROLINA'),
('29906','BURTON','BEAUFORT','SC','SOUTHERN','SOUTH CAROLINA'),
('29907','BEAUFORT','BEAUFORT','SC','SOUTHERN','SOUTH CAROLINA'),
('29909','BLUFFTON CARRIER ANNEX','OKATIE','SC','SOUTHERN','SOUTH CAROLINA'),
('29910','BLUFFTON','BLUFFTON','SC','SOUTHERN','SOUTH CAROLINA'),
('29911','BRUNSON','BRUNSON','SC','SOUTHERN','SOUTH CAROLINA'),
('29911','HAMPTON','HAMPTON','SC','SOUTHERN','SOUTH CAROLINA'),
('29912','RIDGELAND','RIDGELAND','SC','SOUTHERN','SOUTH CAROLINA'),
('29915','FAIRFIELD','HILTON HEAD ISLAND','SC','SOUTHERN','SOUTH CAROLINA'),
('29916','EARLY BRANCH','EARLY BRANCH','SC','SOUTHERN','SOUTH CAROLINA'),
('29918','ESTILL','ESTILL','SC','SOUTHERN','SOUTH CAROLINA'),
('29920','SAINT HELENA ISLAND','SAINT HELENA ISLAND','SC','SOUTHERN','SOUTH CAROLINA'),
('29921','FURMAN','FURMAN','SC','SOUTHERN','SOUTH CAROLINA'),
('29922','ESTILL','ESTILL','SC','SOUTHERN','SOUTH CAROLINA'),
('29922','GARNETT','GARNETT','SC','SOUTHERN','SOUTH CAROLINA'),
('29923','GIFFORD','GIFFORD','SC','SOUTHERN','SOUTH CAROLINA'),
('29924','HAMPTON','HAMPTON','SC','SOUTHERN','SOUTH CAROLINA'),
('29925','FAIRFIELD','HILTON HEAD ISLAND','SC','SOUTHERN','SOUTH CAROLINA'),
('29926','FAIRFIELD','HILTON HEAD ISLAND','SC','SOUTHERN','SOUTH CAROLINA'),
('29927','HARDEEVILLE','HARDEEVILLE','SC','SOUTHERN','SOUTH CAROLINA'),
('29928','HARBOURTOWN','HILTON HEAD ISLAND','SC','SOUTHERN','SOUTH CAROLINA'),
('29928','HILTON HEAD ISLAND','HILTON HEAD ISLAND','SC','SOUTHERN','SOUTH CAROLINA'),
('29929','ISLANDTON','ISLANDTON','SC','SOUTHERN','SOUTH CAROLINA'),
('29929','VARNVILLE','VARNVILLE','SC','SOUTHERN','SOUTH CAROLINA'),
('29931','LOBECO','LOBECO','SC','SOUTHERN','SOUTH CAROLINA'),
('29932','ESTILL','ESTILL','SC','SOUTHERN','SOUTH CAROLINA'),
('29932','LURAY','LURAY','SC','SOUTHERN','SOUTH CAROLINA'),
('29933','HAMPTON','HAMPTON','SC','SOUTHERN','SOUTH CAROLINA'),
('29934','PINELAND','PINELAND','SC','SOUTHERN','SOUTH CAROLINA'),
('29935','PORT ROYAL','PORT ROYAL','SC','SOUTHERN','SOUTH CAROLINA'),
('29936','RIDGELAND','RIDGELAND','SC','SOUTHERN','SOUTH CAROLINA'),
('29938','HILTON HEAD ISLAND','HILTON HEAD ISLAND','SC','SOUTHERN','SOUTH CAROLINA'),
('29940','SEABROOK','SEABROOK','SC','SOUTHERN','SOUTH CAROLINA'),
('29941','SHELDON','SHELDON','SC','SOUTHERN','SOUTH CAROLINA'),
('29943','RIDGELAND','RIDGELAND','SC','SOUTHERN','SOUTH CAROLINA'),
('29943','TILLMAN','TILLMAN','SC','SOUTHERN','SOUTH CAROLINA'),
('29944','VARNVILLE','VARNVILLE','SC','SOUTHERN','SOUTH CAROLINA');

INSERT INTO us_locations (zip_code, locale_name, city, state, area_name, district_name) VALUES
('29945','YEMASSEE','YEMASSEE','SC','SOUTHERN','SOUTH CAROLINA'),
('30002','AVONDALE ESTATES','AVONDALE ESTATES','GA','SOUTHERN','GEORGIA'),
('30002','CLARKSTON','CLARKSTON','GA','SOUTHERN','GEORGIA'),
('30003','ROCKBRIDGE','NORCROSS','GA','SOUTHERN','GEORGIA'),
('30004','ALPHARETTA CARRIER ANNEX','ALPHARETTA','GA','SOUTHERN','GEORGIA'),
('30005','WEBB BRIDGE','ALPHARETTA','GA','SOUTHERN','GEORGIA'),
('30006','WINDY HILL','MARIETTA','GA','SOUTHERN','GEORGIA'),
('30007','EAST COBB','MARIETTA','GA','SOUTHERN','GEORGIA'),
('30008','WESTSIDE CARRIER ANNEX','MARIETTA','GA','SOUTHERN','GEORGIA'),
('30009','ALPHARETTA','ALPHARETTA','GA','SOUTHERN','GEORGIA'),
('30010','PEACHTREE CORNERS','PEACHTREE CORNERS','GA','SOUTHERN','GEORGIA'),
('30011','AUBURN','AUBURN','GA','SOUTHERN','GEORGIA'),
('30011','DACULA','DACULA','GA','SOUTHERN','GEORGIA'),
('30012','OLDE TOWN','CONYERS','GA','SOUTHERN','GEORGIA'),
('30013','CONYERS','CONYERS','GA','SOUTHERN','GEORGIA'),
('30014','COVINGTON CARRIER ANNEX','COVINGTON','GA','SOUTHERN','GEORGIA'),
('30015','COVINGTON','COVINGTON','GA','SOUTHERN','GEORGIA'),
('30016','COVINGTON CARRIER ANNEX','COVINGTON','GA','SOUTHERN','GEORGIA'),
('30017','GRAYSON','GRAYSON','GA','SOUTHERN','GEORGIA'),
('30018','JERSEY','JERSEY','GA','SOUTHERN','GEORGIA'),
('30019','DACULA','DACULA','GA','SOUTHERN','GEORGIA'),
('30021','CLARKSTON','CLARKSTON','GA','SOUTHERN','GEORGIA'),
('30022','WEBB BRIDGE','ALPHARETTA','GA','SOUTHERN','GEORGIA'),
('30023','WEBB BRIDGE','ALPHARETTA','GA','SOUTHERN','GEORGIA'),
('30024','SUWANEE','SUWANEE','GA','SOUTHERN','GEORGIA'),
('30025','COVINGTON CARRIER ANNEX','COVINGTON','GA','SOUTHERN','GEORGIA'),
('30025','SOCIAL CIRCLE','SOCIAL CIRCLE','GA','SOUTHERN','GEORGIA'),
('30028','CUMMING','CUMMING','GA','SOUTHERN','GEORGIA'),
('30029','NORTH METRO','DULUTH','GA','SOUTHERN','GEORGIA'),
('30030','DECATUR','DECATUR','GA','SOUTHERN','GEORGIA'),
('30031','DECATUR','DECATUR','GA','SOUTHERN','GEORGIA'),
('30032','DECATUR','DECATUR','GA','SOUTHERN','GEORGIA'),
('30033','DECATUR','DECATUR','GA','SOUTHERN','GEORGIA'),
('30034','WESLEY CHAPEL','DECATUR','GA','SOUTHERN','GEORGIA'),
('30035','WESLEY CHAPEL','DECATUR','GA','SOUTHERN','GEORGIA'),
('30036','WESLEY CHAPEL','DECATUR','GA','SOUTHERN','GEORGIA'),
('30037','SOUTH DEKALB','DECATUR','GA','SOUTHERN','GEORGIA'),
('30038','LITHONIA','LITHONIA','GA','SOUTHERN','GEORGIA'),
('30039','CENTERVILLE BRANCH','SNELLVILLE','GA','SOUTHERN','GEORGIA'),
('30040','CUMMING','CUMMING','GA','SOUTHERN','GEORGIA'),
('30041','LANIER CARRIER ANNEX','CUMMING','GA','SOUTHERN','GEORGIA'),
('30042','LAWRENCEVILLE','LAWRENCEVILLE','GA','SOUTHERN','GEORGIA'),
('30043','LAWRENCEVILLE NORTH','LAWRENCEVILLE','GA','SOUTHERN','GEORGIA'),
('30044','LAWRENCEVILLE','LAWRENCEVILLE','GA','SOUTHERN','GEORGIA'),
('30045','LAWRENCEVILLE CARRIER ANNEX','LAWRENCEVILLE','GA','SOUTHERN','GEORGIA'),
('30046','CROGAN STREET','LAWRENCEVILLE','GA','SOUTHERN','GEORGIA'),
('30047','LILBURN','LILBURN','GA','SOUTHERN','GEORGIA'),
('30048','LILBURN','LILBURN','GA','SOUTHERN','GEORGIA'),
('30049','LAWRENCEVILLE NORTH','LAWRENCEVILLE','GA','SOUTHERN','GEORGIA'),
('30052','LOGANVILLE','LOGANVILLE','GA','SOUTHERN','GEORGIA');

INSERT INTO us_locations (zip_code, locale_name, city, state, area_name, district_name) VALUES
('30054','COVINGTON CARRIER ANNEX','COVINGTON','GA','SOUTHERN','GEORGIA'),
('30054','OXFORD','OXFORD','GA','SOUTHERN','GEORGIA'),
('30055','COVINGTON CARRIER ANNEX','COVINGTON','GA','SOUTHERN','GEORGIA'),
('30055','MANSFIELD','MANSFIELD','GA','SOUTHERN','GEORGIA'),
('30056','COVINGTON CARRIER ANNEX','COVINGTON','GA','SOUTHERN','GEORGIA'),
('30056','NEWBORN','NEWBORN','GA','SOUTHERN','GEORGIA'),
('30058','LITHONIA','LITHONIA','GA','SOUTHERN','GEORGIA'),
('30060','MARIETTA','MARIETTA','GA','SOUTHERN','GEORGIA'),
('30061','MARIETTA','MARIETTA','GA','SOUTHERN','GEORGIA'),
('30062','CPU NORTHEAST','MARIETTA','GA','SOUTHERN','GEORGIA'),
('30062','WEST OAK CARRIER ANNEX','MARIETTA','GA','SOUTHERN','GEORGIA'),
('30064','WESTSIDE CARRIER ANNEX','MARIETTA','GA','SOUTHERN','GEORGIA'),
('30065','GRESHAM ROAD','MARIETTA','GA','SOUTHERN','GEORGIA'),
('30066','SPRAYBERRY','MARIETTA','GA','SOUTHERN','GEORGIA'),
('30067','MOUNT BETHEL','MARIETTA','GA','SOUTHERN','GEORGIA'),
('30068','MOUNT BETHEL','MARIETTA','GA','SOUTHERN','GEORGIA'),
('30070','PORTERDALE','PORTERDALE','GA','SOUTHERN','GEORGIA'),
('30071','NORCROSS','NORCROSS','GA','SOUTHERN','GEORGIA'),
('30072','PINE LAKE','PINE LAKE','GA','SOUTHERN','GEORGIA'),
('30074','REDAN','LITHONIA','GA','SOUTHERN','GEORGIA'),
('30075','CROSSTOWN CARRIER ANNEX','ROSWELL','GA','SOUTHERN','GEORGIA'),
('30076','ROSWELL','ROSWELL','GA','SOUTHERN','GEORGIA'),
('30077','ROSWELL POSTAL STORE','ROSWELL','GA','SOUTHERN','GEORGIA'),
('30078','CENTERVILLE BRANCH','SNELLVILLE','GA','SOUTHERN','GEORGIA'),
('30078','SNELLVILLE','SNELLVILLE','GA','SOUTHERN','GEORGIA'),
('30079','CLARKSTON','CLARKSTON','GA','SOUTHERN','GEORGIA'),
('30079','SCOTTDALE','SCOTTDALE','GA','SOUTHERN','GEORGIA'),
('30080','SMYRNA','SMYRNA','GA','SOUTHERN','GEORGIA'),
('30081','CONCORD SQUARE','SMYRNA','GA','SOUTHERN','GEORGIA'),
('30081','SMYRNA','SMYRNA','GA','SOUTHERN','GEORGIA'),
('30082','SMYRNA','SMYRNA','GA','SOUTHERN','GEORGIA'),
('30083','MEMORIAL','STONE MOUNTAIN','GA','SOUTHERN','GEORGIA'),
('30083','STONE MOUNTAIN','STONE MOUNTAIN','GA','SOUTHERN','GEORGIA'),
('30084','TUCKER','TUCKER','GA','SOUTHERN','GEORGIA'),
('30085','TUCKER','TUCKER','GA','SOUTHERN','GEORGIA'),
('30086','STONE MOUNTAIN','STONE MOUNTAIN','GA','SOUTHERN','GEORGIA'),
('30087','MOUNTAIN PARK','STONE MOUNTAIN','GA','SOUTHERN','GEORGIA'),
('30088','STONE MOUNTAIN','STONE MOUNTAIN','GA','SOUTHERN','GEORGIA'),
('30091','NORCROSS','NORCROSS','GA','SOUTHERN','GEORGIA'),
('30092','PEACHTREE CORNERS','PEACHTREE CORNERS','GA','SOUTHERN','GEORGIA'),
('30093','NORCROSS','NORCROSS','GA','SOUTHERN','GEORGIA'),
('30094','CONYERS','CONYERS','GA','SOUTHERN','GEORGIA'),
('30095','GWINNETT MALL CORNERS','DULUTH','GA','SOUTHERN','GEORGIA'),
('30096','DULUTH','DULUTH','GA','SOUTHERN','GEORGIA'),
('30097','DULUTH','DULUTH','GA','SOUTHERN','GEORGIA'),
('30101','ACWORTH','ACWORTH','GA','SOUTHERN','GEORGIA'),
('30101','ACWORTH GA S&DC','ACWORTH','GA','SOUTHERN','GEORGIA'),
('30101','BROOKSTONE','ACWORTH','GA','SOUTHERN','GEORGIA'),
('30102','ACWORTH','ACWORTH','GA','SOUTHERN','GEORGIA'),
('30102','ACWORTH GA S&DC','ACWORTH','GA','SOUTHERN','GEORGIA');

INSERT INTO us_locations (zip_code, locale_name, city, state, area_name, district_name) VALUES
('30103','ADAIRSVILLE','ADAIRSVILLE','GA','SOUTHERN','GEORGIA'),
('30104','ARAGON','ARAGON','GA','SOUTHERN','GEORGIA'),
('30105','ARMUCHEE','ARMUCHEE','GA','SOUTHERN','GEORGIA'),
('30105','ROME','ROME','GA','SOUTHERN','GEORGIA'),
('30106','SOUTH ATLANTA GA S&DC','ATLANTA','GA','SOUTHERN','GEORGIA'),
('30107','BALL GROUND','BALL GROUND','GA','SOUTHERN','GEORGIA'),
('30108','BOWDON','BOWDON','GA','SOUTHERN','GEORGIA'),
('30109','BOWDON JUNCTION','BOWDON JUNCTION','GA','SOUTHERN','GEORGIA'),
('30110','BREMEN','BREMEN','GA','SOUTHERN','GEORGIA'),
('30111','CLARKDALE','CLARKDALE','GA','SOUTHERN','GEORGIA'),
('30112','CARROLLTON','CARROLLTON','GA','SOUTHERN','GEORGIA'),
('30113','BUCHANAN','BUCHANAN','GA','SOUTHERN','GEORGIA'),
('30114','CANTON','CANTON','GA','SOUTHERN','GEORGIA'),
('30115','CANTON','CANTON','GA','SOUTHERN','GEORGIA'),
('30116','CARROLLTON','CARROLLTON','GA','SOUTHERN','GEORGIA'),
('30117','CARROLLTON','CARROLLTON','GA','SOUTHERN','GEORGIA'),
('30120','CARTERSVILLE','CARTERSVILLE','GA','SOUTHERN','GEORGIA'),
('30120','NORTH CORNERS','CARTERSVILLE','GA','SOUTHERN','GEORGIA'),
('30121','CARTERSVILLE','CARTERSVILLE','GA','SOUTHERN','GEORGIA'),
('30122','LITHIA SPRINGS','LITHIA SPRINGS','GA','SOUTHERN','GEORGIA'),
('30122','SOUTH ATLANTA GA S&DC','ATLANTA','GA','SOUTHERN','GEORGIA'),
('30123','CASSVILLE','CASSVILLE','GA','SOUTHERN','GEORGIA'),
('30124','CAVE SPRING','CAVE SPRING','GA','SOUTHERN','GEORGIA'),
('30124','CEDARTOWN','CEDARTOWN','GA','SOUTHERN','GEORGIA'),
('30125','CEDARTOWN','CEDARTOWN','GA','SOUTHERN','GEORGIA'),
('30126','MABLETON','MABLETON','GA','SOUTHERN','GEORGIA'),
('30126','SOUTH ATLANTA GA S&DC','ATLANTA','GA','SOUTHERN','GEORGIA'),
('30127','POWDER SPRINGS','POWDER SPRINGS','GA','SOUTHERN','GEORGIA'),
('30129','COOSA','COOSA','GA','SOUTHERN','GEORGIA'),
('30132','DALLAS','DALLAS','GA','SOUTHERN','GEORGIA'),
('30133','CAMPBELLTON STREET','DOUGLASVILLE','GA','SOUTHERN','GEORGIA'),
('30134','DOUGLASVILLE','DOUGLASVILLE','GA','SOUTHERN','GEORGIA'),
('30135','DOUGLASVILLE','DOUGLASVILLE','GA','SOUTHERN','GEORGIA'),
('30137','CARTERSVILLE','CARTERSVILLE','GA','SOUTHERN','GEORGIA'),
('30137','EMERSON','EMERSON','GA','SOUTHERN','GEORGIA'),
('30139','FAIRMOUNT','FAIRMOUNT','GA','SOUTHERN','GEORGIA'),
('30140','FELTON','FELTON','GA','SOUTHERN','GEORGIA'),
('30141','DALLAS','DALLAS','GA','SOUTHERN','GEORGIA'),
('30141','HIRAM','HIRAM','GA','SOUTHERN','GEORGIA'),
('30142','HOLLY SPRINGS','HOLLY SPRINGS','GA','SOUTHERN','GEORGIA'),
('30143','JASPER','JASPER','GA','SOUTHERN','GEORGIA'),
('30144','KENNESAW','KENNESAW','GA','SOUTHERN','GEORGIA'),
('30145','KINGSTON','KINGSTON','GA','SOUTHERN','GEORGIA'),
('30146','LEBANON','LEBANON','GA','SOUTHERN','GEORGIA'),
('30147','LINDALE','LINDALE','GA','SOUTHERN','GEORGIA'),
('30148','JASPER','JASPER','GA','SOUTHERN','GEORGIA'),
('30148','MARBLE HILL','MARBLE HILL','GA','SOUTHERN','GEORGIA'),
('30150','MOUNT ZION','MOUNT ZION','GA','SOUTHERN','GEORGIA'),
('30151','NELSON','NELSON','GA','SOUTHERN','GEORGIA'),
('30152','ACWORTH GA S&DC','ACWORTH','GA','SOUTHERN','GEORGIA');

INSERT INTO us_locations (zip_code, locale_name, city, state, area_name, district_name) VALUES
('30153','ROCKMART','ROCKMART','GA','SOUTHERN','GEORGIA'),
('30154','DOUGLASVILLE','DOUGLASVILLE','GA','SOUTHERN','GEORGIA'),
('30156','KENNESAW','KENNESAW','GA','SOUTHERN','GEORGIA'),
('30157','DALLAS','DALLAS','GA','SOUTHERN','GEORGIA'),
('30160','BARRETT PARKWAY','KENNESAW','GA','SOUTHERN','GEORGIA'),
('30161','ROME','ROME','GA','SOUTHERN','GEORGIA'),
('30162','ROME','ROME','GA','SOUTHERN','GEORGIA'),
('30164','WEST ROME','ROME','GA','SOUTHERN','GEORGIA'),
('30165','ROME','ROME','GA','SOUTHERN','GEORGIA'),
('30168','AUSTELL','AUSTELL','GA','SOUTHERN','GEORGIA'),
('30168','SOUTH ATLANTA GA S&DC','ATLANTA','GA','SOUTHERN','GEORGIA'),
('30169','CANTON','CANTON','GA','SOUTHERN','GEORGIA'),
('30170','ROOPVILLE','ROOPVILLE','GA','SOUTHERN','GEORGIA'),
('30171','RYDAL','RYDAL','GA','SOUTHERN','GEORGIA'),
('30172','SHANNON','SHANNON','GA','SOUTHERN','GEORGIA'),
('30173','SILVER CREEK','SILVER CREEK','GA','SOUTHERN','GEORGIA'),
('30175','JASPER','JASPER','GA','SOUTHERN','GEORGIA'),
('30175','TALKING ROCK','TALKING ROCK','GA','SOUTHERN','GEORGIA'),
('30176','TALLAPOOSA','TALLAPOOSA','GA','SOUTHERN','GEORGIA'),
('30177','JASPER','JASPER','GA','SOUTHERN','GEORGIA'),
('30177','TATE','TATE','GA','SOUTHERN','GEORGIA'),
('30178','TAYLORSVILLE','TAYLORSVILLE','GA','SOUTHERN','GEORGIA'),
('30179','TEMPLE','TEMPLE','GA','SOUTHERN','GEORGIA'),
('30180','VILLA RICA','VILLA RICA','GA','SOUTHERN','GEORGIA'),
('30180','VILLA RICA CAX','VILLA RICA','GA','SOUTHERN','GEORGIA'),
('30182','TALLAPOOSA','TALLAPOOSA','GA','SOUTHERN','GEORGIA'),
('30182','WACO','WACO','GA','SOUTHERN','GEORGIA'),
('30183','WALESKA','WALESKA','GA','SOUTHERN','GEORGIA'),
('30184','WHITE','WHITE','GA','SOUTHERN','GEORGIA'),
('30185','WHITESBURG','WHITESBURG','GA','SOUTHERN','GEORGIA'),
('30187','DOUGLASVILLE','DOUGLASVILLE','GA','SOUTHERN','GEORGIA'),
('30187','WINSTON','WINSTON','GA','SOUTHERN','GEORGIA'),
('30188','WOODSTOCK','WOODSTOCK','GA','SOUTHERN','GEORGIA'),
('30189','TOWNE LAKE STATION','WOODSTOCK','GA','SOUTHERN','GEORGIA'),
('30204','BARNESVILLE','BARNESVILLE','GA','SOUTHERN','GEORGIA'),
('30205','BROOKS','BROOKS','GA','SOUTHERN','GEORGIA'),
('30206','CONCORD','CONCORD','GA','SOUTHERN','GEORGIA'),
('30212','EXPERIMENT','EXPERIMENT','GA','SOUTHERN','GEORGIA'),
('30213','FAIRBURN','FAIRBURN','GA','SOUTHERN','GEORGIA'),
('30214','FAYETTEVILLE','FAYETTEVILLE','GA','SOUTHERN','GEORGIA'),
('30215','FAYETTEVILLE CARRIER ANNEX','FAYETTEVILLE','GA','SOUTHERN','GEORGIA'),
('30216','FLOVILLA','FLOVILLA','GA','SOUTHERN','GEORGIA'),
('30216','JACKSON','JACKSON','GA','SOUTHERN','GEORGIA'),
('30217','FRANKLIN','FRANKLIN','GA','SOUTHERN','GEORGIA'),
('30218','GAY','GAY','GA','SOUTHERN','GEORGIA'),
('30218','WOODBURY','WOODBURY','GA','SOUTHERN','GEORGIA'),
('30220','GRANTVILLE','GRANTVILLE','GA','SOUTHERN','GEORGIA'),
('30220','HOGANSVILLE','HOGANSVILLE','GA','SOUTHERN','GEORGIA'),
('30222','GREENVILLE','GREENVILLE','GA','SOUTHERN','GEORGIA'),
('30223','GRIFFIN','GRIFFIN','GA','SOUTHERN','GEORGIA');

