INSERT INTO us_locations (zip_code, locale_name, city, state, area_name, district_name) VALUES
('37828','NORRIS','NORRIS','TN','SOUTHERN','TENNESSEE'),
('37829','OAKDALE','OAKDALE','TN','SOUTHERN','TENNESSEE'),
('37830','OAK RIDGE','OAK RIDGE','TN','SOUTHERN','TENNESSEE'),
('37831','JACKSON SQUARE','OAK RIDGE','TN','SOUTHERN','TENNESSEE'),
('37840','OLIVER SPRINGS','OLIVER SPRINGS','TN','SOUTHERN','TENNESSEE'),
('37841','ONEIDA','ONEIDA','TN','SOUTHERN','TENNESSEE'),
('37843','PARROTTSVILLE','PARROTTSVILLE','TN','SOUTHERN','TENNESSEE'),
('37845','PETROS','PETROS','TN','SOUTHERN','TENNESSEE'),
('37846','PHILADELPHIA','PHILADELPHIA','TN','SOUTHERN','TENNESSEE'),
('37847','HUNTSVILLE','HUNTSVILLE','TN','SOUTHERN','TENNESSEE'),
('37847','PIONEER','PIONEER','TN','SOUTHERN','TENNESSEE'),
('37848','WASHBURN','WASHBURN','TN','SOUTHERN','TENNESSEE'),
('37849','POWELL','POWELL','TN','SOUTHERN','TENNESSEE'),
('37852','ROBBINS','ROBBINS','TN','SOUTHERN','TENNESSEE'),
('37853','ROCKFORD','ROCKFORD','TN','SOUTHERN','TENNESSEE'),
('37854','ROCKWOOD','ROCKWOOD','TN','SOUTHERN','TENNESSEE'),
('37857','ROGERSVILLE','ROGERSVILLE','TN','SOUTHERN','TENNESSEE'),
('37860','RUSSELLVILLE','RUSSELLVILLE','TN','SOUTHERN','TENNESSEE'),
('37861','RUTLEDGE','RUTLEDGE','TN','SOUTHERN','TENNESSEE'),
('37862','SEVIERVILLE','SEVIERVILLE','TN','SOUTHERN','TENNESSEE'),
('37863','PIGEON FORGE','PIGEON FORGE','TN','SOUTHERN','TENNESSEE'),
('37864','SEVIERVILLE','SEVIERVILLE','TN','SOUTHERN','TENNESSEE'),
('37865','SEYMOUR','SEYMOUR','TN','SOUTHERN','TENNESSEE'),
('37866','SHARPS CHAPEL','SHARPS CHAPEL','TN','SOUTHERN','TENNESSEE'),
('37867','HARROGATE','HARROGATE','TN','SOUTHERN','TENNESSEE'),
('37868','PIGEON FORGE','PIGEON FORGE','TN','SOUTHERN','TENNESSEE'),
('37869','SNEEDVILLE','SNEEDVILLE','TN','SOUTHERN','TENNESSEE'),
('37870','SPEEDWELL','SPEEDWELL','TN','SOUTHERN','TENNESSEE'),
('37871','STRAWBERRY PLAINS','STRAWBERRY PLAINS','TN','SOUTHERN','TENNESSEE'),
('37872','SUNBRIGHT','SUNBRIGHT','TN','SOUTHERN','TENNESSEE'),
('37873','SURGOINSVILLE','SURGOINSVILLE','TN','SOUTHERN','TENNESSEE'),
('37874','SWEETWATER','SWEETWATER','TN','SOUTHERN','TENNESSEE'),
('37876','SEVIERVILLE','SEVIERVILLE','TN','SOUTHERN','TENNESSEE'),
('37877','TALBOTT','TALBOTT','TN','SOUTHERN','TENNESSEE'),
('37878','MARYVILLE','MARYVILLE','TN','SOUTHERN','TENNESSEE'),
('37879','NEW TAZEWELL','NEW TAZEWELL','TN','SOUTHERN','TENNESSEE'),
('37879','TAZEWELL','TAZEWELL','TN','SOUTHERN','TENNESSEE'),
('37880','TEN MILE','TEN MILE','TN','SOUTHERN','TENNESSEE'),
('37881','THORN HILL','THORN HILL','TN','SOUTHERN','TENNESSEE'),
('37882','TOWNSEND','TOWNSEND','TN','SOUTHERN','TENNESSEE'),
('37885','VONORE','VONORE','TN','SOUTHERN','TENNESSEE'),
('37886','WALLAND','WALLAND','TN','SOUTHERN','TENNESSEE'),
('37887','WARTBURG','WARTBURG','TN','SOUTHERN','TENNESSEE'),
('37888','WASHBURN','WASHBURN','TN','SOUTHERN','TENNESSEE'),
('37890','WHITE PINE','WHITE PINE','TN','SOUTHERN','TENNESSEE'),
('37891','WHITESBURG','WHITESBURG','TN','SOUTHERN','TENNESSEE'),
('37892','WINFIELD','WINFIELD','TN','SOUTHERN','TENNESSEE'),
('37901','DOWNTOWN KNOXVILLE','KNOXVILLE','TN','SOUTHERN','TENNESSEE'),
('37902','DOWNTOWN KNOXVILLE','KNOXVILLE','TN','SOUTHERN','TENNESSEE'),
('37909','NORTHWEST ANNEX','KNOXVILLE','TN','SOUTHERN','TENNESSEE');

INSERT INTO us_locations (zip_code, locale_name, city, state, area_name, district_name) VALUES
('37912','NORTHWEST ANNEX','KNOXVILLE','TN','SOUTHERN','TENNESSEE'),
('37912','NORWOOD','KNOXVILLE','TN','SOUTHERN','TENNESSEE'),
('37914','BURLINGTON','KNOXVILLE','TN','SOUTHERN','TENNESSEE'),
('37915','DOWNTOWN KNOXVILLE','KNOXVILLE','TN','SOUTHERN','TENNESSEE'),
('37916','DOWNTOWN KNOXVILLE','KNOXVILLE','TN','SOUTHERN','TENNESSEE'),
('37917','NORTH KNOXVILLE','KNOXVILLE','TN','SOUTHERN','TENNESSEE'),
('37918','FOUNTAIN CITY','KNOXVILLE','TN','SOUTHERN','TENNESSEE'),
('37919','WEST KNOXVILLE','KNOXVILLE','TN','SOUTHERN','TENNESSEE'),
('37920','SOUTH KNOXVILLE','KNOXVILLE','TN','SOUTHERN','TENNESSEE'),
('37921','CPU KARNS','KNOXVILLE','TN','SOUTHERN','TENNESSEE'),
('37921','NORTHWEST ANNEX','KNOXVILLE','TN','SOUTHERN','TENNESSEE'),
('37922','CONCORD','KNOXVILLE','TN','SOUTHERN','TENNESSEE'),
('37923','CEDAR BLUFF','KNOXVILLE','TN','SOUTHERN','TENNESSEE'),
('37924','BURLINGTON','KNOXVILLE','TN','SOUTHERN','TENNESSEE'),
('37927','NORTH KNOXVILLE','KNOXVILLE','TN','SOUTHERN','TENNESSEE'),
('37928','FOUNTAIN CITY','KNOXVILLE','TN','SOUTHERN','TENNESSEE'),
('37929','DOWNTOWN KNOXVILLE','KNOXVILLE','TN','SOUTHERN','TENNESSEE'),
('37930','CEDAR BLUFF','KNOXVILLE','TN','SOUTHERN','TENNESSEE'),
('37931','CEDAR BLUFF','KNOXVILLE','TN','SOUTHERN','TENNESSEE'),
('37932','CEDAR BLUFF','KNOXVILLE','TN','SOUTHERN','TENNESSEE'),
('37933','FARRAGUT','KNOXVILLE','TN','SOUTHERN','TENNESSEE'),
('37934','CONCORD','KNOXVILLE','TN','SOUTHERN','TENNESSEE'),
('37938','HALLS STATION','KNOXVILLE','TN','SOUTHERN','TENNESSEE'),
('37939','WEST KNOXVILLE','KNOXVILLE','TN','SOUTHERN','TENNESSEE'),
('37940','SOUTH KNOXVILLE','KNOXVILLE','TN','SOUTHERN','TENNESSEE'),
('37950','KNOXVILLE MAIN OFFICE WINDOW','KNOXVILLE','TN','SOUTHERN','TENNESSEE'),
('38001','ALAMO','ALAMO','TN','SOUTHERN','TENNESSEE'),
('38002','ARLINGTON','ARLINGTON','TN','SOUTHERN','TENNESSEE'),
('38004','ATOKA','ATOKA','TN','SOUTHERN','TENNESSEE'),
('38006','BELLS','BELLS','TN','SOUTHERN','TENNESSEE'),
('38007','DYERSBURG','DYERSBURG','TN','SOUTHERN','TENNESSEE'),
('38008','BOLIVAR','BOLIVAR','TN','SOUTHERN','TENNESSEE'),
('38010','MASON','MASON','TN','SOUTHERN','TENNESSEE'),
('38011','BRIGHTON','BRIGHTON','TN','SOUTHERN','TENNESSEE'),
('38012','BROWNSVILLE','BROWNSVILLE','TN','SOUTHERN','TENNESSEE'),
('38014','BRUNSWICK','BRUNSWICK','TN','SOUTHERN','TENNESSEE'),
('38015','BURLISON','BURLISON','TN','SOUTHERN','TENNESSEE'),
('38016','CORDOVA','CORDOVA','TN','SOUTHERN','TENNESSEE'),
('38017','COLLIERVILLE','COLLIERVILLE','TN','SOUTHERN','TENNESSEE'),
('38018','CORDOVA','CORDOVA','TN','SOUTHERN','TENNESSEE'),
('38019','COVINGTON','COVINGTON','TN','SOUTHERN','TENNESSEE'),
('38021','CROCKETT MILLS','CROCKETT MILLS','TN','SOUTHERN','TENNESSEE'),
('38023','DRUMMONDS','DRUMMONDS','TN','SOUTHERN','TENNESSEE'),
('38024','DYERSBURG','DYERSBURG','TN','SOUTHERN','TENNESSEE'),
('38025','DYERSBURG','DYERSBURG','TN','SOUTHERN','TENNESSEE'),
('38027','COLLIERVILLE','COLLIERVILLE','TN','SOUTHERN','TENNESSEE'),
('38028','EADS','EADS','TN','SOUTHERN','TENNESSEE'),
('38029','ELLENDALE','ELLENDALE','TN','SOUTHERN','TENNESSEE'),
('38030','FINLEY','FINLEY','TN','SOUTHERN','TENNESSEE'),
('38034','FRIENDSHIP','FRIENDSHIP','TN','SOUTHERN','TENNESSEE');

INSERT INTO us_locations (zip_code, locale_name, city, state, area_name, district_name) VALUES
('38036','GALLAWAY','GALLAWAY','TN','SOUTHERN','TENNESSEE'),
('38037','GATES','GATES','TN','SOUTHERN','TENNESSEE'),
('38039','GRAND JUNCTION','GRAND JUNCTION','TN','SOUTHERN','TENNESSEE'),
('38040','HALLS','HALLS','TN','SOUTHERN','TENNESSEE'),
('38041','HENNING','HENNING','TN','SOUTHERN','TENNESSEE'),
('38041','RIPLEY','RIPLEY','TN','SOUTHERN','TENNESSEE'),
('38042','GRAND JUNCTION','GRAND JUNCTION','TN','SOUTHERN','TENNESSEE'),
('38042','HICKORY VALLEY','HICKORY VALLEY','TN','SOUTHERN','TENNESSEE'),
('38044','BOLIVAR','BOLIVAR','TN','SOUTHERN','TENNESSEE'),
('38044','HORNSBY','HORNSBY','TN','SOUTHERN','TENNESSEE'),
('38046','LA GRANGE','LA GRANGE','TN','SOUTHERN','TENNESSEE'),
('38047','DYERSBURG','DYERSBURG','TN','SOUTHERN','TENNESSEE'),
('38047','LENOX','LENOX','TN','SOUTHERN','TENNESSEE'),
('38048','OAKLAND','OAKLAND','TN','SOUTHERN','TENNESSEE'),
('38049','MASON','MASON','TN','SOUTHERN','TENNESSEE'),
('38050','MAURY CITY','MAURY CITY','TN','SOUTHERN','TENNESSEE'),
('38052','MIDDLETON','MIDDLETON','TN','SOUTHERN','TENNESSEE'),
('38053','MILLINGTON','MILLINGTON','TN','SOUTHERN','TENNESSEE'),
('38054','NAVAL AIR STATION MEMPHIS','MILLINGTON','TN','SOUTHERN','TENNESSEE'),
('38057','MOSCOW','MOSCOW','TN','SOUTHERN','TENNESSEE'),
('38058','MUNFORD','MUNFORD','TN','SOUTHERN','TENNESSEE'),
('38058','MUNFORD CARRIERS','MILLINGTON','TN','SOUTHERN','TENNESSEE'),
('38059','NEWBERN','NEWBERN','TN','SOUTHERN','TENNESSEE'),
('38060','OAKLAND','OAKLAND','TN','SOUTHERN','TENNESSEE'),
('38061','POCAHONTAS','POCAHONTAS','TN','SOUTHERN','TENNESSEE'),
('38063','RIPLEY','RIPLEY','TN','SOUTHERN','TENNESSEE'),
('38066','ROSSVILLE','ROSSVILLE','TN','SOUTHERN','TENNESSEE'),
('38067','SAULSBURY','SAULSBURY','TN','SOUTHERN','TENNESSEE'),
('38068','SOMERVILLE','SOMERVILLE','TN','SOUTHERN','TENNESSEE'),
('38069','STANTON','STANTON','TN','SOUTHERN','TENNESSEE'),
('38070','TIGRETT','TIGRETT','TN','SOUTHERN','TENNESSEE'),
('38071','TIPTON','TIPTON','TN','SOUTHERN','TENNESSEE'),
('38075','WHITEVILLE','WHITEVILLE','TN','SOUTHERN','TENNESSEE'),
('38076','SOMERVILLE','SOMERVILLE','TN','SOUTHERN','TENNESSEE'),
('38077','WYNNBURG','WYNNBURG','TN','SOUTHERN','TENNESSEE'),
('38079','TIPTONVILLE','TIPTONVILLE','TN','SOUTHERN','TENNESSEE'),
('38080','RIDGELY','RIDGELY','TN','SOUTHERN','TENNESSEE'),
('38083','MILLINGTON','MILLINGTON','TN','SOUTHERN','TENNESSEE'),
('38088','CORDOVA','CORDOVA','TN','SOUTHERN','TENNESSEE'),
('38101','MEMPHIS','MEMPHIS','TN','SOUTHERN','TENNESSEE'),
('38103','DESOTO','MEMPHIS','TN','SOUTHERN','TENNESSEE'),
('38104','CROSSTOWN','MEMPHIS','TN','SOUTHERN','TENNESSEE'),
('38105','CROSSTOWN','MEMPHIS','TN','SOUTHERN','TENNESSEE'),
('38106','DESOTO','MEMPHIS','TN','SOUTHERN','TENNESSEE'),
('38107','NORTH MEMPHIS','MEMPHIS','TN','SOUTHERN','TENNESSEE'),
('38108','HOLLYWOOD','MEMPHIS','TN','SOUTHERN','TENNESSEE'),
('38109','MALLORY','MEMPHIS','TN','SOUTHERN','TENNESSEE'),
('38111','EAST MEMPHIS','MEMPHIS','TN','SOUTHERN','TENNESSEE'),
('38111','EAST/LAMAR CARRIER ANNEX','MEMPHIS','TN','SOUTHERN','TENNESSEE'),
('38112','HOLLYWOOD','MEMPHIS','TN','SOUTHERN','TENNESSEE');

INSERT INTO us_locations (zip_code, locale_name, city, state, area_name, district_name) VALUES
('38113','RIVERSIDE','MEMPHIS','TN','SOUTHERN','TENNESSEE'),
('38114','EAST/LAMAR CARRIER ANNEX','MEMPHIS','TN','SOUTHERN','TENNESSEE'),
('38114','LAMAR','MEMPHIS','TN','SOUTHERN','TENNESSEE'),
('38115','HICKORY HILL','MEMPHIS','TN','SOUTHERN','TENNESSEE'),
('38116','WHITEHAVEN','MEMPHIS','TN','SOUTHERN','TENNESSEE'),
('38117','MENDENHALL','MEMPHIS','TN','SOUTHERN','TENNESSEE'),
('38118','HOLIDAY CITY','MEMPHIS','TN','SOUTHERN','TENNESSEE'),
('38119','WHITE','MEMPHIS','TN','SOUTHERN','TENNESSEE'),
('38120','WHITE','MEMPHIS','TN','SOUTHERN','TENNESSEE'),
('38122','HIGHLAND HEIGHTS','MEMPHIS','TN','SOUTHERN','TENNESSEE'),
('38124','COLONIAL','MEMPHIS','TN','SOUTHERN','TENNESSEE'),
('38125','HACKS CROSS','MEMPHIS','TN','SOUTHERN','TENNESSEE'),
('38125','HICKORY HILL','MEMPHIS','TN','SOUTHERN','TENNESSEE'),
('38126','DESOTO','MEMPHIS','TN','SOUTHERN','TENNESSEE'),
('38126','MEMPHIS','MEMPHIS','TN','SOUTHERN','TENNESSEE'),
('38127','FRAYSER','MEMPHIS','TN','SOUTHERN','TENNESSEE'),
('38128','RALEIGH','MEMPHIS','TN','SOUTHERN','TENNESSEE'),
('38130','HOLIDAY CITY','MEMPHIS','TN','SOUTHERN','TENNESSEE'),
('38131','WHITEHAVEN','MEMPHIS','TN','SOUTHERN','TENNESSEE'),
('38132','WHITEHAVEN','MEMPHIS','TN','SOUTHERN','TENNESSEE'),
('38133','BARTLETT','MEMPHIS','TN','SOUTHERN','TENNESSEE'),
('38134','BARTLETT','MEMPHIS','TN','SOUTHERN','TENNESSEE'),
('38135','BARTLETT','MEMPHIS','TN','SOUTHERN','TENNESSEE'),
('38137','MENDENHALL','MEMPHIS','TN','SOUTHERN','TENNESSEE'),
('38138','GERMANTOWN','GERMANTOWN','TN','SOUTHERN','TENNESSEE'),
('38139','GERMANTOWN','GERMANTOWN','TN','SOUTHERN','TENNESSEE'),
('38141','HICKORY HILL','MEMPHIS','TN','SOUTHERN','TENNESSEE'),
('38157','MENDENHALL','MEMPHIS','TN','SOUTHERN','TENNESSEE'),
('38167','FRAYSER','MEMPHIS','TN','SOUTHERN','TENNESSEE'),
('38168','RALEIGH','MEMPHIS','TN','SOUTHERN','TENNESSEE'),
('38173','PEABODY PLACE','MEMPHIS','TN','SOUTHERN','TENNESSEE'),
('38174','CROSSTOWN','MEMPHIS','TN','SOUTHERN','TENNESSEE'),
('38175','HICKORY HILL','MEMPHIS','TN','SOUTHERN','TENNESSEE'),
('38177','MENDENHALL','MEMPHIS','TN','SOUTHERN','TENNESSEE'),
('38181','HOLIDAY CITY','MEMPHIS','TN','SOUTHERN','TENNESSEE'),
('38182','HOLLYWOOD','MEMPHIS','TN','SOUTHERN','TENNESSEE'),
('38183','GERMANTOWN','GERMANTOWN','TN','SOUTHERN','TENNESSEE'),
('38184','BARTLETT','MEMPHIS','TN','SOUTHERN','TENNESSEE'),
('38186','WHITEHAVEN','MEMPHIS','TN','SOUTHERN','TENNESSEE'),
('38187','WHITE','MEMPHIS','TN','SOUTHERN','TENNESSEE'),
('38190','MALLORY','MEMPHIS','TN','SOUTHERN','TENNESSEE'),
('38201','MC KENZIE','MC KENZIE','TN','SOUTHERN','TENNESSEE'),
('38220','ATWOOD','ATWOOD','TN','SOUTHERN','TENNESSEE'),
('38221','BIG SANDY','BIG SANDY','TN','SOUTHERN','TENNESSEE'),
('38222','BUCHANAN','BUCHANAN','TN','SOUTHERN','TENNESSEE'),
('38223','COMO','COMO','TN','SOUTHERN','TENNESSEE'),
('38224','COTTAGE GROVE','COTTAGE GROVE','TN','SOUTHERN','TENNESSEE'),
('38225','DRESDEN','DRESDEN','TN','SOUTHERN','TENNESSEE'),
('38226','DUKEDOM','DUKEDOM','TN','SOUTHERN','TENNESSEE'),
('38229','DRESDEN','DRESDEN','TN','SOUTHERN','TENNESSEE');

INSERT INTO us_locations (zip_code, locale_name, city, state, area_name, district_name) VALUES
('38229','GLEASON','GLEASON','TN','SOUTHERN','TENNESSEE'),
('38230','GREENFIELD','GREENFIELD','TN','SOUTHERN','TENNESSEE'),
('38231','HENRY','HENRY','TN','SOUTHERN','TENNESSEE'),
('38231','MC KENZIE','MC KENZIE','TN','SOUTHERN','TENNESSEE'),
('38232','HORNBEAK','HORNBEAK','TN','SOUTHERN','TENNESSEE'),
('38233','KENTON','KENTON','TN','SOUTHERN','TENNESSEE'),
('38235','MC LEMORESVILLE','MC LEMORESVILLE','TN','SOUTHERN','TENNESSEE'),
('38236','MANSFIELD','MANSFIELD','TN','SOUTHERN','TENNESSEE'),
('38237','MARTIN','MARTIN','TN','SOUTHERN','TENNESSEE'),
('38240','OBION','OBION','TN','SOUTHERN','TENNESSEE'),
('38241','PALMERSVILLE','PALMERSVILLE','TN','SOUTHERN','TENNESSEE'),
('38242','PARIS','PARIS','TN','SOUTHERN','TENNESSEE'),
('38251','PURYEAR','PURYEAR','TN','SOUTHERN','TENNESSEE'),
('38253','RIVES CARRIERS','UNION CITY','TN','SOUTHERN','TENNESSEE'),
('38253','UNION CITY','UNION CITY','TN','SOUTHERN','TENNESSEE'),
('38255','GREENFIELD','GREENFIELD','TN','SOUTHERN','TENNESSEE'),
('38255','SHARON','SHARON','TN','SOUTHERN','TENNESSEE'),
('38256','SPRINGVILLE','SPRINGVILLE','TN','SOUTHERN','TENNESSEE'),
('38257','FULTON','FULTON','KY','CENTRAL','KY-WV'),
('38258','ATWOOD','ATWOOD','TN','SOUTHERN','TENNESSEE'),
('38258','TREZEVANT','TREZEVANT','TN','SOUTHERN','TENNESSEE'),
('38259','OBION','OBION','TN','SOUTHERN','TENNESSEE'),
('38259','TRIMBLE','TRIMBLE','TN','SOUTHERN','TENNESSEE'),
('38260','TROY','TROY','TN','SOUTHERN','TENNESSEE'),
('38261','UNION CITY','UNION CITY','TN','SOUTHERN','TENNESSEE'),
('38271','WOODLAND MILLS','WOODLAND MILLS','TN','SOUTHERN','TENNESSEE'),
('38281','UNION CITY','UNION CITY','TN','SOUTHERN','TENNESSEE'),
('38301','JACKSON','JACKSON','TN','SOUTHERN','TENNESSEE'),
('38302','JACKSON','JACKSON','TN','SOUTHERN','TENNESSEE'),
('38303','TOM MURRAY','JACKSON','TN','SOUTHERN','TENNESSEE'),
('38305','NORTH JACKSON','JACKSON','TN','SOUTHERN','TENNESSEE'),
('38308','NORTH JACKSON','JACKSON','TN','SOUTHERN','TENNESSEE'),
('38310','ADAMSVILLE','ADAMSVILLE','TN','SOUTHERN','TENNESSEE'),
('38311','BATH SPRINGS','BATH SPRINGS','TN','SOUTHERN','TENNESSEE'),
('38313','BEECH BLUFF','BEECH BLUFF','TN','SOUTHERN','TENNESSEE'),
('38314','BEMIS','JACKSON','TN','SOUTHERN','TENNESSEE'),
('38315','BETHEL SPRINGS','BETHEL SPRINGS','TN','SOUTHERN','TENNESSEE'),
('38316','BRADFORD','BRADFORD','TN','SOUTHERN','TENNESSEE'),
('38317','BRUCETON','BRUCETON','TN','SOUTHERN','TENNESSEE'),
('38318','BRUCETON','BRUCETON','TN','SOUTHERN','TENNESSEE'),
('38318','BUENA VISTA','BUENA VISTA','TN','SOUTHERN','TENNESSEE'),
('38320','CAMDEN','CAMDEN','TN','SOUTHERN','TENNESSEE'),
('38321','CEDAR GROVE','CEDAR GROVE','TN','SOUTHERN','TENNESSEE'),
('38324','CLARKSBURG','CLARKSBURG','TN','SOUTHERN','TENNESSEE'),
('38326','COUNCE','COUNCE','TN','SOUTHERN','TENNESSEE'),
('38327','ADAMSVILLE','ADAMSVILLE','TN','SOUTHERN','TENNESSEE'),
('38327','CRUMP','CRUMP','TN','SOUTHERN','TENNESSEE'),
('38328','PARSONS','PARSONS','TN','SOUTHERN','TENNESSEE'),
('38329','DECATURVILLE','DECATURVILLE','TN','SOUTHERN','TENNESSEE'),
('38329','PARSONS','PARSONS','TN','SOUTHERN','TENNESSEE');

INSERT INTO us_locations (zip_code, locale_name, city, state, area_name, district_name) VALUES
('38330','DYER','DYER','TN','SOUTHERN','TENNESSEE'),
('38332','ENVILLE','ENVILLE','TN','SOUTHERN','TENNESSEE'),
('38333','EVA','EVA','TN','SOUTHERN','TENNESSEE'),
('38334','FINGER','FINGER','TN','SOUTHERN','TENNESSEE'),
('38337','GADSDEN','GADSDEN','TN','SOUTHERN','TENNESSEE'),
('38338','GIBSON','GIBSON','TN','SOUTHERN','TENNESSEE'),
('38339','GUYS','GUYS','TN','SOUTHERN','TENNESSEE'),
('38339','RAMER','RAMER','TN','SOUTHERN','TENNESSEE'),
('38340','HENDERSON','HENDERSON','TN','SOUTHERN','TENNESSEE'),
('38341','HOLLADAY','HOLLADAY','TN','SOUTHERN','TENNESSEE'),
('38342','BRUCETON','BRUCETON','TN','SOUTHERN','TENNESSEE'),
('38342','HOLLOW ROCK','HOLLOW ROCK','TN','SOUTHERN','TENNESSEE'),
('38343','HUMBOLDT','HUMBOLDT','TN','SOUTHERN','TENNESSEE'),
('38344','HUNTINGDON','HUNTINGDON','TN','SOUTHERN','TENNESSEE'),
('38345','LURAY','LURAY','TN','SOUTHERN','TENNESSEE'),
('38346','IDLEWILD','IDLEWILD','TN','SOUTHERN','TENNESSEE'),
('38347','JACKS CREEK','JACKS CREEK','TN','SOUTHERN','TENNESSEE'),
('38348','LAVINIA','LAVINIA','TN','SOUTHERN','TENNESSEE'),
('38351','LEXINGTON','LEXINGTON','TN','SOUTHERN','TENNESSEE'),
('38352','BEECH BLUFF','BEECH BLUFF','TN','SOUTHERN','TENNESSEE'),
('38352','LURAY','LURAY','TN','SOUTHERN','TENNESSEE'),
('38355','MEDINA','MEDINA','TN','SOUTHERN','TENNESSEE'),
('38356','MEDON','MEDON','TN','SOUTHERN','TENNESSEE'),
('38357','MICHIE','MICHIE','TN','SOUTHERN','TENNESSEE'),
('38358','MILAN','MILAN','TN','SOUTHERN','TENNESSEE'),
('38359','MILLEDGEVILLE','MILLEDGEVILLE','TN','SOUTHERN','TENNESSEE'),
('38359','MORRIS CHAPEL','MORRIS CHAPEL','TN','SOUTHERN','TENNESSEE'),
('38361','MORRIS CHAPEL','MORRIS CHAPEL','TN','SOUTHERN','TENNESSEE'),
('38362','OAKFIELD','OAKFIELD','TN','SOUTHERN','TENNESSEE'),
('38363','PARSONS','PARSONS','TN','SOUTHERN','TENNESSEE'),
('38365','PICKWICK DAM','PICKWICK DAM','TN','SOUTHERN','TENNESSEE'),
('38366','PINSON','PINSON','TN','SOUTHERN','TENNESSEE'),
('38367','RAMER','RAMER','TN','SOUTHERN','TENNESSEE'),
('38368','REAGAN','REAGAN','TN','SOUTHERN','TENNESSEE'),
('38369','DYER','DYER','TN','SOUTHERN','TENNESSEE'),
('38369','RUTHERFORD','RUTHERFORD','TN','SOUTHERN','TENNESSEE'),
('38370','SALTILLO','SALTILLO','TN','SOUTHERN','TENNESSEE'),
('38370','SCOTTS HILL','SCOTTS HILL','TN','SOUTHERN','TENNESSEE'),
('38371','SARDIS','SARDIS','TN','SOUTHERN','TENNESSEE'),
('38372','SAVANNAH','SAVANNAH','TN','SOUTHERN','TENNESSEE'),
('38374','SCOTTS HILL','SCOTTS HILL','TN','SOUTHERN','TENNESSEE'),
('38375','SELMER','SELMER','TN','SOUTHERN','TENNESSEE'),
('38376','SHILOH','SHILOH','TN','SOUTHERN','TENNESSEE'),
('38378','SPRING CREEK','SPRING CREEK','TN','SOUTHERN','TENNESSEE'),
('38379','SELMER','SELMER','TN','SOUTHERN','TENNESSEE'),
('38379','STANTONVILLE','STANTONVILLE','TN','SOUTHERN','TENNESSEE'),
('38380','SUGAR TREE','SUGAR TREE','TN','SOUTHERN','TENNESSEE'),
('38381','TOONE','TOONE','TN','SOUTHERN','TENNESSEE'),
('38382','TRENTON','TRENTON','TN','SOUTHERN','TENNESSEE'),
('38387','WESTPORT','WESTPORT','TN','SOUTHERN','TENNESSEE');

INSERT INTO us_locations (zip_code, locale_name, city, state, area_name, district_name) VALUES
('38388','WILDERSVILLE','WILDERSVILLE','TN','SOUTHERN','TENNESSEE'),
('38389','YORKVILLE','YORKVILLE','TN','SOUTHERN','TENNESSEE'),
('38390','WESTPORT','WESTPORT','TN','SOUTHERN','TENNESSEE'),
('38390','YUMA','YUMA','TN','SOUTHERN','TENNESSEE'),
('38391','DENMARK','DENMARK','TN','SOUTHERN','TENNESSEE'),
('38392','MEDON','MEDON','TN','SOUTHERN','TENNESSEE'),
('38392','MERCER','MERCER','TN','SOUTHERN','TENNESSEE'),
('38393','CHEWALLA','CHEWALLA','TN','SOUTHERN','TENNESSEE'),
('38401','COLUMBIA','COLUMBIA','TN','SOUTHERN','TENNESSEE'),
('38402','COLUMBIA','COLUMBIA','TN','SOUTHERN','TENNESSEE'),
('38425','CLIFTON','CLIFTON','TN','SOUTHERN','TENNESSEE'),
('38449','ARDMORE','ARDMORE','TN','SOUTHERN','TENNESSEE'),
('38450','COLLINWOOD','COLLINWOOD','TN','SOUTHERN','TENNESSEE'),
('38451','CULLEOKA','CULLEOKA','TN','SOUTHERN','TENNESSEE'),
('38451','CULLEOKA CARRIERS','LYNNVILLE','TN','SOUTHERN','TENNESSEE'),
('38452','CYPRESS INN','CYPRESS INN','TN','SOUTHERN','TENNESSEE'),
('38453','ARDMORE','ARDMORE','TN','SOUTHERN','TENNESSEE'),
('38454','DUCK RIVER','DUCK RIVER','TN','SOUTHERN','TENNESSEE'),
('38455','ELKTON','ELKTON','TN','SOUTHERN','TENNESSEE'),
('38456','ETHRIDGE','ETHRIDGE','TN','SOUTHERN','TENNESSEE'),
('38457','LEOMA','LEOMA','TN','SOUTHERN','TENNESSEE'),
('38459','FRANKEWING','FRANKEWING','TN','SOUTHERN','TENNESSEE'),
('38459','PETERSBURG','PETERSBURG','TN','SOUTHERN','TENNESSEE'),
('38460','GOODSPRING','GOODSPRING','TN','SOUTHERN','TENNESSEE'),
('38461','HAMPSHIRE','HAMPSHIRE','TN','SOUTHERN','TENNESSEE'),
('38462','HOHENWALD','HOHENWALD','TN','SOUTHERN','TENNESSEE'),
('38463','IRON CITY','IRON CITY','TN','SOUTHERN','TENNESSEE'),
('38464','LAWRENCEBURG','LAWRENCEBURG','TN','SOUTHERN','TENNESSEE'),
('38468','LEOMA','LEOMA','TN','SOUTHERN','TENNESSEE'),
('38469','LORETTO','LORETTO','TN','SOUTHERN','TENNESSEE'),
('38471','COLLINWOOD','COLLINWOOD','TN','SOUTHERN','TENNESSEE'),
('38472','LYNNVILLE','LYNNVILLE','TN','SOUTHERN','TENNESSEE'),
('38473','MINOR HILL','MINOR HILL','TN','SOUTHERN','TENNESSEE'),
('38474','MOUNT PLEASANT','MOUNT PLEASANT','TN','SOUTHERN','TENNESSEE'),
('38475','CLIFTON','CLIFTON','TN','SOUTHERN','TENNESSEE'),
('38476','WILLIAMSPORT','WILLIAMSPORT','TN','SOUTHERN','TENNESSEE'),
('38477','PROSPECT','PROSPECT','TN','SOUTHERN','TENNESSEE'),
('38478','PULASKI','PULASKI','TN','SOUTHERN','TENNESSEE'),
('38481','SAINT JOSEPH','SAINT JOSEPH','TN','SOUTHERN','TENNESSEE'),
('38482','SANTA FE','SANTA FE','TN','SOUTHERN','TENNESSEE'),
('38483','SUMMERTOWN','SUMMERTOWN','TN','SOUTHERN','TENNESSEE'),
('38485','WAYNESBORO','WAYNESBORO','TN','SOUTHERN','TENNESSEE'),
('38486','WESTPOINT','WESTPOINT','TN','SOUTHERN','TENNESSEE'),
('38487','WILLIAMSPORT','WILLIAMSPORT','TN','SOUTHERN','TENNESSEE'),
('38488','ARDMORE','ARDMORE','TN','SOUTHERN','TENNESSEE'),
('38488','TAFT','TAFT','TN','SOUTHERN','TENNESSEE'),
('38501','COOKEVILLE','COOKEVILLE','TN','SOUTHERN','TENNESSEE'),
('38502','COOKEVILLE','COOKEVILLE','TN','SOUTHERN','TENNESSEE'),
('38503','BROAD ST STA','COOKEVILLE','TN','SOUTHERN','TENNESSEE'),
('38504','ALLARDT','ALLARDT','TN','SOUTHERN','TENNESSEE');

INSERT INTO us_locations (zip_code, locale_name, city, state, area_name, district_name) VALUES
('38506','ALGOOD','COOKEVILLE','TN','SOUTHERN','TENNESSEE'),
('38506','COOKEVILLE','COOKEVILLE','TN','SOUTHERN','TENNESSEE'),
('38541','ALLONS','ALLONS','TN','SOUTHERN','TENNESSEE'),
('38541','LIVINGSTON','LIVINGSTON','TN','SOUTHERN','TENNESSEE'),
('38542','ALPINE','ALPINE','TN','SOUTHERN','TENNESSEE'),
('38543','ALPINE','ALPINE','TN','SOUTHERN','TENNESSEE'),
('38544','BAXTER','BAXTER','TN','SOUTHERN','TENNESSEE'),
('38545','BLOOMINGTON SPRINGS','BLOOMINGTON SPRINGS','TN','SOUTHERN','TENNESSEE'),
('38547','BRUSH CREEK','BRUSH CREEK','TN','SOUTHERN','TENNESSEE'),
('38548','BUFFALO VALLEY','BUFFALO VALLEY','TN','SOUTHERN','TENNESSEE'),
('38549','BYRDSTOWN','BYRDSTOWN','TN','SOUTHERN','TENNESSEE'),
('38550','CAMPAIGN','CAMPAIGN','TN','SOUTHERN','TENNESSEE'),
('38551','CELINA','CELINA','TN','SOUTHERN','TENNESSEE'),
('38552','BUFFALO VALLEY','BUFFALO VALLEY','TN','SOUTHERN','TENNESSEE'),
('38552','CHESTNUT MOUND','CHESTNUT MOUND','TN','SOUTHERN','TENNESSEE'),
('38553','CLARKRANGE','CLARKRANGE','TN','SOUTHERN','TENNESSEE'),
('38554','CRAWFORD','CRAWFORD','TN','SOUTHERN','TENNESSEE'),
('38554','MONTEREY','MONTEREY','TN','SOUTHERN','TENNESSEE'),
('38555','CROSSVILLE','CROSSVILLE','TN','SOUTHERN','TENNESSEE'),
('38556','JAMESTOWN','JAMESTOWN','TN','SOUTHERN','TENNESSEE'),
('38557','CROSSVILLE','CROSSVILLE','TN','SOUTHERN','TENNESSEE'),
('38558','CPU FAIRFIELD GLADE','CROSSVILLE','TN','SOUTHERN','TENNESSEE'),
('38558','CROSSVILLE','CROSSVILLE','TN','SOUTHERN','TENNESSEE'),
('38559','DOYLE','DOYLE','TN','SOUTHERN','TENNESSEE'),
('38559','WALLING','WALLING','TN','SOUTHERN','TENNESSEE'),
('38560','CHESTNUT MOUND','CHESTNUT MOUND','TN','SOUTHERN','TENNESSEE'),
('38560','ELMWOOD','ELMWOOD','TN','SOUTHERN','TENNESSEE'),
('38562','GAINESBORO','GAINESBORO','TN','SOUTHERN','TENNESSEE'),
('38563','GORDONSVILLE','GORDONSVILLE','TN','SOUTHERN','TENNESSEE'),
('38564','CHESTNUT MOUND','CHESTNUT MOUND','TN','SOUTHERN','TENNESSEE'),
('38564','GRANVILLE','GRANVILLE','TN','SOUTHERN','TENNESSEE'),
('38565','CLARKRANGE','CLARKRANGE','TN','SOUTHERN','TENNESSEE'),
('38565','GRIMSLEY','GRIMSLEY','TN','SOUTHERN','TENNESSEE'),
('38567','HICKMAN','HICKMAN','TN','SOUTHERN','TENNESSEE'),
('38568','HILHAM','HILHAM','TN','SOUTHERN','TENNESSEE'),
('38569','HICKMAN','HICKMAN','TN','SOUTHERN','TENNESSEE'),
('38570','LIVINGSTON','LIVINGSTON','TN','SOUTHERN','TENNESSEE'),
('38571','CROSSVILLE','CROSSVILLE','TN','SOUTHERN','TENNESSEE'),
('38572','CROSSVILLE','CROSSVILLE','TN','SOUTHERN','TENNESSEE'),
('38573','MONROE','MONROE','TN','SOUTHERN','TENNESSEE'),
('38574','MONTEREY','MONTEREY','TN','SOUTHERN','TENNESSEE'),
('38575','MOSS','MOSS','TN','SOUTHERN','TENNESSEE'),
('38577','PALL MALL','PALL MALL','TN','SOUTHERN','TENNESSEE'),
('38578','PLEASANT HILL','PLEASANT HILL','TN','SOUTHERN','TENNESSEE'),
('38579','WALLING','WALLING','TN','SOUTHERN','TENNESSEE'),
('38580','RICKMAN','RICKMAN','TN','SOUTHERN','TENNESSEE'),
('38581','ROCK ISLAND','ROCK ISLAND','TN','SOUTHERN','TENNESSEE'),
('38582','SILVER POINT','SILVER POINT','TN','SOUTHERN','TENNESSEE'),
('38583','SPARTA','SPARTA','TN','SOUTHERN','TENNESSEE'),
('38585','SPENCER','SPENCER','TN','SOUTHERN','TENNESSEE');

INSERT INTO us_locations (zip_code, locale_name, city, state, area_name, district_name) VALUES
('38587','WALLING','WALLING','TN','SOUTHERN','TENNESSEE'),
('38588','GAINESBORO','GAINESBORO','TN','SOUTHERN','TENNESSEE'),
('38588','WHITLEYVILLE','WHITLEYVILLE','TN','SOUTHERN','TENNESSEE'),
('38589','LIVINGSTON','LIVINGSTON','TN','SOUTHERN','TENNESSEE'),
('38601','ABBEVILLE','ABBEVILLE','MS','SOUTHERN','AL-MS'),
('38602','ARKABUTLA','ARKABUTLA','MS','SOUTHERN','AL-MS'),
('38603','ASHLAND','ASHLAND','MS','SOUTHERN','AL-MS'),
('38606','BATESVILLE','BATESVILLE','MS','SOUTHERN','AL-MS'),
('38610','BLUE MOUNTAIN','BLUE MOUNTAIN','MS','SOUTHERN','AL-MS'),
('38611','BYHALIA','BYHALIA','MS','SOUTHERN','AL-MS'),
('38614','CLARKSDALE','CLARKSDALE','MS','SOUTHERN','AL-MS'),
('38617','COAHOMA','COAHOMA','MS','SOUTHERN','AL-MS'),
('38618','COLDWATER','COLDWATER','MS','SOUTHERN','AL-MS'),
('38619','COMO','COMO','MS','SOUTHERN','AL-MS'),
('38620','COURTLAND','COURTLAND','MS','SOUTHERN','AL-MS'),
('38621','CRENSHAW','CRENSHAW','MS','SOUTHERN','AL-MS'),
('38622','CROWDER','CROWDER','MS','SOUTHERN','AL-MS'),
('38623','DARLING','DARLING','MS','SOUTHERN','AL-MS'),
('38625','DUMAS','DUMAS','MS','SOUTHERN','AL-MS'),
('38626','DUNDEE','DUNDEE','MS','SOUTHERN','AL-MS'),
('38627','ETTA','ETTA','MS','SOUTHERN','AL-MS'),
('38629','FALKNER','FALKNER','MS','SOUTHERN','AL-MS'),
('38631','FRIARS POINT','FRIARS POINT','MS','SOUTHERN','AL-MS'),
('38632','HERNANDO','HERNANDO','MS','SOUTHERN','AL-MS'),
('38633','HICKORY FLAT','HICKORY FLAT','MS','SOUTHERN','AL-MS'),
('38634','IDA B WELLS','HOLLY SPRINGS','MS','SOUTHERN','AL-MS'),
('38635','HOLLY SPRINGS','HOLLY SPRINGS','MS','SOUTHERN','AL-MS'),
('38635','IDA B WELLS','HOLLY SPRINGS','MS','SOUTHERN','AL-MS'),
('38637','HORN LAKE','HORN LAKE','MS','SOUTHERN','AL-MS'),
('38638','INDEPENDENCE','INDEPENDENCE','MS','SOUTHERN','AL-MS'),
('38639','JONESTOWN','JONESTOWN','MS','SOUTHERN','AL-MS'),
('38641','LAKE CORMORANT','LAKE CORMORANT','MS','SOUTHERN','AL-MS'),
('38641','WALLS','WALLS','MS','SOUTHERN','AL-MS'),
('38642','LAMAR','LAMAR','MS','SOUTHERN','AL-MS'),
('38643','LAMBERT','LAMBERT','MS','SOUTHERN','AL-MS'),
('38643','MARKS','MARKS','MS','SOUTHERN','AL-MS'),
('38644','DUNDEE','DUNDEE','MS','SOUTHERN','AL-MS'),
('38645','CLARKSDALE','CLARKSDALE','MS','SOUTHERN','AL-MS'),
('38645','LYON','LYON','MS','SOUTHERN','AL-MS'),
('38646','MARKS','MARKS','MS','SOUTHERN','AL-MS'),
('38647','ASHLAND','ASHLAND','MS','SOUTHERN','AL-MS'),
('38647','MICHIGAN CITY','MICHIGAN CITY','MS','SOUTHERN','AL-MS'),
('38649','MOUNT PLEASANT','HOLLY SPRINGS','MS','SOUTHERN','AL-MS'),
('38650','MYRTLE','MYRTLE','MS','SOUTHERN','AL-MS'),
('38651','NESBIT','NESBIT','MS','SOUTHERN','AL-MS'),
('38652','NEW ALBANY','NEW ALBANY','MS','SOUTHERN','AL-MS'),
('38654','OLIVE BRANCH','OLIVE BRANCH','MS','SOUTHERN','AL-MS'),
('38655','OXFORD','OXFORD','MS','SOUTHERN','AL-MS'),
('38658','POPE','POPE','MS','SOUTHERN','AL-MS'),
('38659','POTTS CAMP','POTTS CAMP','MS','SOUTHERN','AL-MS');

INSERT INTO us_locations (zip_code, locale_name, city, state, area_name, district_name) VALUES
('38661','IDA B WELLS','HOLLY SPRINGS','MS','SOUTHERN','AL-MS'),
('38661','RED BANKS','RED BANKS','MS','SOUTHERN','AL-MS'),
('38663','RIPLEY','RIPLEY','MS','SOUTHERN','AL-MS'),
('38664','ROBINSONVILLE','ROBINSONVILLE','MS','SOUTHERN','AL-MS'),
('38665','SARAH','SARAH','MS','SOUTHERN','AL-MS'),
('38666','SARDIS','SARDIS','MS','SOUTHERN','AL-MS'),
('38668','SENATOBIA','SENATOBIA','MS','SOUTHERN','AL-MS'),
('38670','SLEDGE','SLEDGE','MS','SOUTHERN','AL-MS'),
('38671','SOUTHAVEN','SOUTHAVEN','MS','SOUTHERN','AL-MS'),
('38672','SOUTHAVEN','SOUTHAVEN','MS','SOUTHERN','AL-MS'),
('38673','OXFORD','OXFORD','MS','SOUTHERN','AL-MS'),
('38673','TAYLOR','TAYLOR','MS','SOUTHERN','AL-MS'),
('38674','FALKNER','FALKNER','MS','SOUTHERN','AL-MS'),
('38674','TIPLERSVILLE','TIPLERSVILLE','MS','SOUTHERN','AL-MS'),
('38676','TUNICA','TUNICA','MS','SOUTHERN','AL-MS'),
('38679','VICTORIA','VICTORIA','MS','SOUTHERN','AL-MS'),
('38680','WALLS','WALLS','MS','SOUTHERN','AL-MS'),
('38683','WALNUT','WALNUT','MS','SOUTHERN','AL-MS'),
('38685','WATERFORD','WATERFORD','MS','SOUTHERN','AL-MS'),
('38701','CROSSROADS','GREENVILLE','MS','SOUTHERN','AL-MS'),
('38701','GREENVILLE','GREENVILLE','MS','SOUTHERN','AL-MS'),
('38702','GREENVILLE','GREENVILLE','MS','SOUTHERN','AL-MS'),
('38703','CROSSROADS','GREENVILLE','MS','SOUTHERN','AL-MS'),
('38704','CROSSROADS','GREENVILLE','MS','SOUTHERN','AL-MS'),
('38720','ALLIGATOR','ALLIGATOR','MS','SOUTHERN','AL-MS'),
('38720','DUNCAN','DUNCAN','MS','SOUTHERN','AL-MS'),
('38721','ANGUILLA','ANGUILLA','MS','SOUTHERN','AL-MS'),
('38722','ARCOLA','ARCOLA','MS','SOUTHERN','AL-MS'),
('38723','AVON','AVON','MS','SOUTHERN','AL-MS'),
('38725','BENOIT','BENOIT','MS','SOUTHERN','AL-MS'),
('38726','BEULAH','BEULAH','MS','SOUTHERN','AL-MS'),
('38730','BOYLE','BOYLE','MS','SOUTHERN','AL-MS'),
('38730','CLEVELAND','CLEVELAND','MS','SOUTHERN','AL-MS'),
('38731','CHATHAM DPOBU','CHATHAM','MS','SOUTHERN','AL-MS'),
('38732','CLEVELAND','CLEVELAND','MS','SOUTHERN','AL-MS'),
('38736','DODDSVILLE','DODDSVILLE','MS','SOUTHERN','AL-MS'),
('38737','DREW','DREW','MS','SOUTHERN','AL-MS'),
('38738','DREW','DREW','MS','SOUTHERN','AL-MS'),
('38739','DUBLIN','DUBLIN','MS','SOUTHERN','AL-MS'),
('38740','DUNCAN','DUNCAN','MS','SOUTHERN','AL-MS'),
('38744','GLEN ALLAN','GLEN ALLAN','MS','SOUTHERN','AL-MS'),
('38745','GRACE','GRACE','MS','SOUTHERN','AL-MS'),
('38746','GUNNISON','GUNNISON','MS','SOUTHERN','AL-MS'),
('38748','HOLLANDALE','HOLLANDALE','MS','SOUTHERN','AL-MS'),
('38751','INDIANOLA','INDIANOLA','MS','SOUTHERN','AL-MS'),
('38753','INVERNESS','INVERNESS','MS','SOUTHERN','AL-MS'),
('38754','ISOLA','ISOLA','MS','SOUTHERN','AL-MS'),
('38756','LELAND','LELAND','MS','SOUTHERN','AL-MS'),
('38759','MERIGOLD','MERIGOLD','MS','SOUTHERN','AL-MS'),
('38760','METCALFE','METCALFE','MS','SOUTHERN','AL-MS');

