INSERT INTO us_locations (zip_code, locale_name, city, state, area_name, district_name) VALUES
('55745','GRAND RAPIDS','GRAND RAPIDS','MN','CENTRAL','MN-ND'),
('55905','ROCHESTER MN SDC','ROCHESTER','MN','CENTRAL','MN-ND'),
('56372','SAINT CLOUD','SAINT CLOUD','MN','CENTRAL','MN-ND'),
('56388','SAINT CLOUD','SAINT CLOUD','MN','CENTRAL','MN-ND'),
('56393','SAINT CLOUD','SAINT CLOUD','MN','CENTRAL','MN-ND'),
('56395','SAINT CLOUD','SAINT CLOUD','MN','CENTRAL','MN-ND'),
('56396','SAINT CLOUD','SAINT CLOUD','MN','CENTRAL','MN-ND'),
('56399','SAINT CLOUD','SAINT CLOUD','MN','CENTRAL','MN-ND'),
('58076','WAHPETON','WAHPETON','ND','CENTRAL','MN-ND'),
('58121','FARGO','FARGO','ND','CENTRAL','MN-ND'),
('58122','FARGO','FARGO','ND','CENTRAL','MN-ND'),
('58124','FARGO','FARGO','ND','CENTRAL','MN-ND'),
('58125','FARGO','FARGO','ND','CENTRAL','MN-ND'),
('58126','FARGO','FARGO','ND','CENTRAL','MN-ND'),
('58207','GRAND FORKS','GRAND FORKS','ND','CENTRAL','MN-ND'),
('58405','JAMESTOWN','JAMESTOWN','ND','CENTRAL','MN-ND'),
('58707','MINOT','MINOT','ND','CENTRAL','MN-ND'),
('43403','BOWLING GREEN','BOWLING GREEN','OH','CENTRAL','OHIO 1'),
('43652','TOLEDO','TOLEDO','OH','CENTRAL','OHIO 1'),
('43654','TOLEDO','TOLEDO','OH','CENTRAL','OHIO 1'),
('43656','TOLEDO','TOLEDO','OH','CENTRAL','OHIO 1'),
('43657','TOLEDO','TOLEDO','OH','CENTRAL','OHIO 1'),
('43659','TOLEDO','TOLEDO','OH','CENTRAL','OHIO 1'),
('43660','TOLEDO','TOLEDO','OH','CENTRAL','OHIO 1'),
('43661','TOLEDO','TOLEDO','OH','CENTRAL','OHIO 1'),
('43666','TOLEDO','TOLEDO','OH','CENTRAL','OHIO 1'),
('43667','TOLEDO','TOLEDO','OH','CENTRAL','OHIO 1'),
('43681','TOLEDO','TOLEDO','OH','CENTRAL','OHIO 1'),
('43682','TOLEDO','TOLEDO','OH','CENTRAL','OHIO 1'),
('44073','NOVELTY','NOVELTY','OH','CENTRAL','OHIO 1'),
('44188','CLEVELAND','CLEVELAND','OH','CENTRAL','OHIO 1'),
('44190','CLEVELAND','CLEVELAND','OH','CENTRAL','OHIO 1'),
('44191','CLEVELAND','CLEVELAND','OH','CENTRAL','OHIO 1'),
('44192','CLEVELAND','CLEVELAND','OH','CENTRAL','OHIO 1'),
('44193','CLEVELAND','CLEVELAND','OH','CENTRAL','OHIO 1'),
('44194','CLEVELAND','CLEVELAND','OH','CENTRAL','OHIO 1'),
('44195','CLEVELAND','CLEVELAND','OH','CENTRAL','OHIO 1'),
('44197','CLEVELAND','CLEVELAND','OH','CENTRAL','OHIO 1'),
('44198','CLEVELAND','CLEVELAND','OH','CENTRAL','OHIO 1'),
('44237','HUDSON','HUDSON','OH','CENTRAL','OHIO 1'),
('44242','KENT','KENT','OH','CENTRAL','OHIO 1'),
('44315','AKRON','AKRON','OH','CENTRAL','OHIO 1'),
('44316','AKRON','AKRON','OH','CENTRAL','OHIO 1'),
('44317','AKRON','AKRON','OH','CENTRAL','OHIO 1'),
('44325','AKRON','AKRON','OH','CENTRAL','OHIO 1'),
('44326','AKRON','AKRON','OH','CENTRAL','OHIO 1'),
('44328','AKRON','AKRON','OH','CENTRAL','OHIO 1'),
('44396','AKRON','AKRON','OH','CENTRAL','OHIO 1'),
('44398','AKRON','AKRON','OH','CENTRAL','OHIO 1'),
('44555','YOUNGSTOWN','YOUNGSTOWN','OH','CENTRAL','OHIO 1');

INSERT INTO us_locations (zip_code, locale_name, city, state, area_name, district_name) VALUES
('44750','CANTON OH S&DC','CANTON','OH','CENTRAL','OHIO 1'),
('44767','CANTON OH S&DC','CANTON','OH','CENTRAL','OHIO 1'),
('44799','CANTON OH S&DC','CANTON','OH','CENTRAL','OHIO 1'),
('44888','WILLARD','WILLARD','OH','CENTRAL','OHIO 1'),
('43041','MARYSVILLE','MARYSVILLE','OH','CENTRAL','OHIO 2'),
('43069','COLUMBUS','COLUMBUS','OH','CENTRAL','OHIO 2'),
('43093','NEWARK','NEWARK','OH','CENTRAL','OHIO 2'),
('43194','LOCKBOURNE','LOCKBOURNE','OH','CENTRAL','OHIO 2'),
('43195','GROVEPORT','GROVEPORT','OH','CENTRAL','OHIO 2'),
('43199','COLUMBUS','COLUMBUS','OH','CENTRAL','OHIO 2'),
('43251','CITYGATE CALLER UNIT','COLUMBUS','OH','CENTRAL','OHIO 2'),
('43260','CITYGATE CALLER UNIT','COLUMBUS','OH','CENTRAL','OHIO 2'),
('43266','COLUMBUS','COLUMBUS','OH','CENTRAL','OHIO 2'),
('43268','CITYGATE CALLER UNIT','COLUMBUS','OH','CENTRAL','OHIO 2'),
('43270','CITYGATE CALLER UNIT','COLUMBUS','OH','CENTRAL','OHIO 2'),
('43271','CITYGATE CALLER UNIT','COLUMBUS','OH','CENTRAL','OHIO 2'),
('43272','COLUMBUS','COLUMBUS','OH','CENTRAL','OHIO 2'),
('43279','COLUMBUS','COLUMBUS','OH','CENTRAL','OHIO 2'),
('43287','CITYGATE CALLER UNIT','COLUMBUS','OH','CENTRAL','OHIO 2'),
('43291','COLUMBUS','COLUMBUS','OH','CENTRAL','OHIO 2'),
('45221','CORRYVILLE','CINCINNATI','OH','CENTRAL','OHIO 2'),
('45263','MAIN OFFICE CINCINNATI','CINCINNATI','OH','CENTRAL','OHIO 2'),
('45264','CINCINNATI','CINCINNATI','OH','CENTRAL','OHIO 2'),
('45267','CINCINNATI','CINCINNATI','OH','CENTRAL','OHIO 2'),
('45268','CORRYVILLE','CINCINNATI','OH','CENTRAL','OHIO 2'),
('45269','MAIN OFFICE CINCINNATI','CINCINNATI','OH','CENTRAL','OHIO 2'),
('45270','QUEEN CITY','CINCINNATI','OH','CENTRAL','OHIO 2'),
('45271','MAIN OFFICE CINCINNATI','CINCINNATI','OH','CENTRAL','OHIO 2'),
('45273','QUEEN CITY','CINCINNATI','OH','CENTRAL','OHIO 2'),
('45274','CINCINNATI','CINCINNATI','OH','CENTRAL','OHIO 2'),
('45277','MAIN OFFICE CINCINNATI','CINCINNATI','OH','CENTRAL','OHIO 2'),
('45296','CINCINNATI','CINCINNATI','OH','CENTRAL','OHIO 2'),
('45298','CINCINNATI','CINCINNATI','OH','CENTRAL','OHIO 2'),
('45299','QUEEN CITY','CINCINNATI','OH','CENTRAL','OHIO 2'),
('45367','SIDNEY','SIDNEY','OH','CENTRAL','OHIO 2'),
('45374','TROY','TROY','OH','CENTRAL','OHIO 2'),
('45412','MAIN OFFICE DAYTON','DAYTON','OH','CENTRAL','OHIO 2'),
('45422','MAIN OFFICE DAYTON','DAYTON','OH','CENTRAL','OHIO 2'),
('45435','MAIN OFFICE DAYTON','DAYTON','OH','CENTRAL','OHIO 2'),
('45448','WASHINGTON TWP OH S&DC','DAYTON','OH','CENTRAL','OHIO 2'),
('45469','WRIGHT BROTHERS','OAKWOOD','OH','CENTRAL','OHIO 2'),
('45470','MAIN OFFICE DAYTON','DAYTON','OH','CENTRAL','OHIO 2'),
('45481','MAIN OFFICE DAYTON','DAYTON','OH','CENTRAL','OHIO 2'),
('45482','MAIN OFFICE DAYTON','DAYTON','OH','CENTRAL','OHIO 2'),
('45699','LUCASVILLE','LUCASVILLE','OH','CENTRAL','OHIO 2'),
('45999','CINCINNATI','CINCINNATI','OH','CENTRAL','OHIO 2'),
('53062','NEW HOLSTEIN','NEW HOLSTEIN','WI','CENTRAL','WISCONSIN'),
('53259','MILWAUKEE','MILWAUKEE','WI','CENTRAL','WISCONSIN'),
('53263','MILWAUKEE','MILWAUKEE','WI','CENTRAL','WISCONSIN'),
('53274','MILWAUKEE','MILWAUKEE','WI','CENTRAL','WISCONSIN');

INSERT INTO us_locations (zip_code, locale_name, city, state, area_name, district_name) VALUES
('53278','MILWAUKEE','MILWAUKEE','WI','CENTRAL','WISCONSIN'),
('53288','MILWAUKEE','MILWAUKEE','WI','CENTRAL','WISCONSIN'),
('53290','MILWAUKEE','MILWAUKEE','WI','CENTRAL','WISCONSIN'),
('53293','MILWAUKEE','MILWAUKEE','WI','CENTRAL','WISCONSIN'),
('53295','MILWAUKEE','MILWAUKEE','WI','CENTRAL','WISCONSIN'),
('53595','DODGEVILLE','DODGEVILLE','WI','CENTRAL','WISCONSIN'),
('53596','SUN PRAIRIE','SUN PRAIRIE','WI','CENTRAL','WISCONSIN'),
('53702','MADISON','MADISON','WI','CENTRAL','WISCONSIN'),
('53774','MADISON','MADISON','WI','CENTRAL','WISCONSIN'),
('53777','MADISON','MADISON','WI','CENTRAL','WISCONSIN'),
('53782','MADISON','MADISON','WI','CENTRAL','WISCONSIN'),
('53783','MADISON','MADISON','WI','CENTRAL','WISCONSIN'),
('53784','MADISON','MADISON','WI','CENTRAL','WISCONSIN'),
('53785','MADISON','MADISON','WI','CENTRAL','WISCONSIN'),
('53786','MADISON','MADISON','WI','CENTRAL','WISCONSIN'),
('53788','MADISON','MADISON','WI','CENTRAL','WISCONSIN'),
('53790','MADISON','MADISON','WI','CENTRAL','WISCONSIN'),
('53791','MADISON','MADISON','WI','CENTRAL','WISCONSIN'),
('53792','MADISON','MADISON','WI','CENTRAL','WISCONSIN'),
('53793','MADISON','MADISON','WI','CENTRAL','WISCONSIN'),
('53794','MADISON','MADISON','WI','CENTRAL','WISCONSIN'),
('53957','RANDOLPH','RANDOLPH','WI','CENTRAL','WISCONSIN'),
('53958','REEDSBURG','REEDSBURG','WI','CENTRAL','WISCONSIN'),
('54344','GREEN BAY','GREEN BAY','WI','CENTRAL','WISCONSIN'),
('54492','STEVENS POINT','STEVENS POINT','WI','CENTRAL','WISCONSIN'),
('54774','CHIPPEWA FALLS','CHIPPEWA FALLS','WI','CENTRAL','WISCONSIN'),
('54906','OSHKOSH','OSHKOSH','WI','CENTRAL','WISCONSIN'),
('54919','APPLETON','APPLETON','WI','CENTRAL','WISCONSIN'),
('56998','WASHINGTON','WASHINGTON','DC','HEADQUARTERS','HEADQUARTERS        HQ AMS'),
('88888','WASHINGTON','WASHINGTON','DC','HEADQUARTERS','HEADQUARTERS        HQ AMS'),
('20521','GOVERNMENT MAILS ANNEX','WASHINGTON','DC','OVERSEAS','MILITARY POSTAL SERVSHANNON KELLY'),
('35229','BIRMINGHAM','BIRMINGHAM','AL','SOUTHERN','AL-MS'),
('35246','BIRMINGHAM','BIRMINGHAM','AL','SOUTHERN','AL-MS'),
('35249','BIRMINGHAM','BIRMINGHAM','AL','SOUTHERN','AL-MS'),
('35254','BIRMINGHAM','BIRMINGHAM','AL','SOUTHERN','AL-MS'),
('35270','BIRMINGHAM','BIRMINGHAM','AL','SOUTHERN','AL-MS'),
('35282','BIRMINGHAM','BIRMINGHAM','AL','SOUTHERN','AL-MS'),
('35285','BIRMINGHAM','BIRMINGHAM','AL','SOUTHERN','AL-MS'),
('35287','BIRMINGHAM','BIRMINGHAM','AL','SOUTHERN','AL-MS'),
('35288','BIRMINGHAM','BIRMINGHAM','AL','SOUTHERN','AL-MS'),
('35290','BIRMINGHAM','BIRMINGHAM','AL','SOUTHERN','AL-MS'),
('35291','BIRMINGHAM','BIRMINGHAM','AL','SOUTHERN','AL-MS'),
('35292','BIRMINGHAM','BIRMINGHAM','AL','SOUTHERN','AL-MS'),
('35293','BIRMINGHAM','BIRMINGHAM','AL','SOUTHERN','AL-MS'),
('35294','BIRMINGHAM','BIRMINGHAM','AL','SOUTHERN','AL-MS'),
('35295','BIRMINGHAM','BIRMINGHAM','AL','SOUTHERN','AL-MS'),
('35296','BIRMINGHAM','BIRMINGHAM','AL','SOUTHERN','AL-MS'),
('35297','BIRMINGHAM','BIRMINGHAM','AL','SOUTHERN','AL-MS'),
('35298','BIRMINGHAM','BIRMINGHAM','AL','SOUTHERN','AL-MS'),
('35487','SKYLAND','TUSCALOOSA','AL','SOUTHERN','AL-MS');

INSERT INTO us_locations (zip_code, locale_name, city, state, area_name, district_name) VALUES
('35632','FLORENCE','FLORENCE','AL','SOUTHERN','AL-MS'),
('35699','DECATUR','DECATUR','AL','SOUTHERN','AL-MS'),
('35893','WYNN DRIVE','HUNTSVILLE','AL','SOUTHERN','AL-MS'),
('35894','HUNTSVILLE','HUNTSVILLE','AL','SOUTHERN','AL-MS'),
('35895','DOWNTOWN HUNTSVILLE','HUNTSVILLE','AL','SOUTHERN','AL-MS'),
('35896','WYNN DRIVE','HUNTSVILLE','AL','SOUTHERN','AL-MS'),
('35897','HUNTSVILLE','HUNTSVILLE','AL','SOUTHERN','AL-MS'),
('35898','HUNTSVILLE','HUNTSVILLE','AL','SOUTHERN','AL-MS'),
('35899','WEST','HUNTSVILLE','AL','SOUTHERN','AL-MS'),
('36082','TROY','TROY','AL','SOUTHERN','AL-MS'),
('36118','MONTGOMERY','MONTGOMERY','AL','SOUTHERN','AL-MS'),
('36130','DOWNTOWN MONTGOMERY','MONTGOMERY','AL','SOUTHERN','AL-MS'),
('36130','MONTGOMERY','MONTGOMERY','AL','SOUTHERN','AL-MS'),
('36131','MONTGOMERY','MONTGOMERY','AL','SOUTHERN','AL-MS'),
('36132','MONTGOMERY','MONTGOMERY','AL','SOUTHERN','AL-MS'),
('36135','MONTGOMERY','MONTGOMERY','AL','SOUTHERN','AL-MS'),
('36140','MONTGOMERY','MONTGOMERY','AL','SOUTHERN','AL-MS'),
('36141','MONTGOMERY','MONTGOMERY','AL','SOUTHERN','AL-MS'),
('36142','MONTGOMERY','MONTGOMERY','AL','SOUTHERN','AL-MS'),
('36177','MONTGOMERY','MONTGOMERY','AL','SOUTHERN','AL-MS'),
('36191','MONTGOMERY','MONTGOMERY','AL','SOUTHERN','AL-MS'),
('36628','MOBILE','MOBILE','AL','SOUTHERN','AL-MS'),
('36644','MIDTOWN','MOBILE','AL','SOUTHERN','AL-MS'),
('36675','MOBILE','MOBILE','AL','SOUTHERN','AL-MS'),
('36688','SPRING HILL','MOBILE','AL','SOUTHERN','AL-MS'),
('36849','AUBURN','AUBURN','AL','SOUTHERN','AL-MS'),
('38686','WALLS','WALLS','MS','SOUTHERN','AL-MS'),
('39058','CLINTON','CLINTON','MS','SOUTHERN','AL-MS'),
('39210','JACKSON','JACKSON','MS','SOUTHERN','AL-MS'),
('39217','WESTLAND','JACKSON','MS','SOUTHERN','AL-MS'),
('39309','MERIDIAN','MERIDIAN','MS','SOUTHERN','AL-MS'),
('39406','HATTIESBURG MS S&DC','HATTIESBURG','MS','SOUTHERN','AL-MS'),
('39407','HATTIESBURG MS S&DC','HATTIESBURG','MS','SOUTHERN','AL-MS'),
('39522','BAY SAINT LOUIS','BAY SAINT LOUIS','MS','SOUTHERN','AL-MS'),
('39529','BAY SAINT LOUIS','BAY SAINT LOUIS','MS','SOUTHERN','AL-MS'),
('39595','PASCAGOULA','PASCAGOULA','MS','SOUTHERN','AL-MS'),
('39710','COLUMBUS','COLUMBUS','MS','SOUTHERN','AL-MS'),
('71998','ARKADELPHIA','ARKADELPHIA','AR','SOUTHERN','AR-OK'),
('71999','ARKADELPHIA','ARKADELPHIA','AR','SOUTHERN','AR-OK'),
('71999','CPU HENDERSON STATE UNIV','ARKADELPHIA','AR','SOUTHERN','AR-OK'),
('72035','CONWAY','CONWAY','AR','SOUTHERN','AR-OK'),
('72099','JACKSONVILLE','JACKSONVILLE','AR','SOUTHERN','AR-OK'),
('72149','SEARCY','SEARCY','AR','SOUTHERN','AR-OK'),
('72199','NORTH LITTLE ROCK','NORTH LITTLE ROCK','AR','SOUTHERN','AR-OK'),
('72255','BRADY ANNEX','LITTLE ROCK','AR','SOUTHERN','AR-OK'),
('72545','HEBER SPRINGS','HEBER SPRINGS','AR','SOUTHERN','AR-OK'),
('72716','BENTONVILLE','BENTONVILLE','AR','SOUTHERN','AR-OK'),
('72905','GMF FORT SMITH','FORT SMITH','AR','SOUTHERN','AR-OK'),
('72919','GMF FORT SMITH','FORT SMITH','AR','SOUTHERN','AR-OK'),
('73019','NORMAN','NORMAN','OK','SOUTHERN','AR-OK');

INSERT INTO us_locations (zip_code, locale_name, city, state, area_name, district_name) VALUES
('73184','OKLAHOMA CITY','OKLAHOMA CITY','OK','SOUTHERN','AR-OK'),
('73190','OKLAHOMA CITY','OKLAHOMA CITY','OK','SOUTHERN','AR-OK'),
('73194','OKLAHOMA CITY','OKLAHOMA CITY','OK','SOUTHERN','AR-OK'),
('73196','OKLAHOMA CITY','OKLAHOMA CITY','OK','SOUTHERN','AR-OK'),
('73536','DUNCAN','DUNCAN','OK','SOUTHERN','AR-OK'),
('74004','BARTLESVILLE','BARTLESVILLE','OK','SOUTHERN','AR-OK'),
('74077','STILLWATER','STILLWATER','OK','SOUTHERN','AR-OK'),
('74078','STILLWATER','STILLWATER','OK','SOUTHERN','AR-OK'),
('74141','TULSA DOWNTOWN OK S&DC','TULSA','OK','SOUTHERN','AR-OK'),
('74171','ROBERT W JENKINS','TULSA','OK','SOUTHERN','AR-OK'),
('74182','TULSA DOWNTOWN OK S&DC','TULSA','OK','SOUTHERN','AR-OK'),
('74186','TULSA DOWNTOWN OK S&DC','TULSA','OK','SOUTHERN','AR-OK'),
('74187','TULSA DOWNTOWN OK S&DC','TULSA','OK','SOUTHERN','AR-OK'),
('74192','TULSA DOWNTOWN OK S&DC','TULSA','OK','SOUTHERN','AR-OK'),
('74193','TULSA DOWNTOWN OK S&DC','TULSA','OK','SOUTHERN','AR-OK'),
('32198','DAYTONA BEACH','DAYTONA BEACH','FL','SOUTHERN','FLORIDA 1'),
('32214','WESTLAND','JACKSONVILLE','FL','SOUTHERN','FLORIDA 1'),
('32306','TALLAHASSEE','TALLAHASSEE','FL','SOUTHERN','FLORIDA 1'),
('32307','TALLAHASSEE','TALLAHASSEE','FL','SOUTHERN','FLORIDA 1'),
('32313','TALLAHASSEE','TALLAHASSEE','FL','SOUTHERN','FLORIDA 1'),
('32399','TALLAHASSEE','TALLAHASSEE','FL','SOUTHERN','FLORIDA 1'),
('32509','MYRTLE GROVE','PENSACOLA','FL','SOUTHERN','FLORIDA 1'),
('32511','WARRINGTON','PENSACOLA','FL','SOUTHERN','FLORIDA 1'),
('32512','WARRINGTON','PENSACOLA','FL','SOUTHERN','FLORIDA 1'),
('32520','PENSACOLA GMF FOR MY PO','PENSACOLA','FL','SOUTHERN','FLORIDA 1'),
('32521','EAST HILL','PENSACOLA','FL','SOUTHERN','FLORIDA 1'),
('32559','PENSACOLA GMF FOR MY PO','PENSACOLA','FL','SOUTHERN','FLORIDA 1'),
('32610','GAINESVILLE FL S&DC','GAINESVILLE','FL','SOUTHERN','FLORIDA 1'),
('32611','GAINESVILLE FL S&DC','GAINESVILLE','FL','SOUTHERN','FLORIDA 1'),
('32612','GAINESVILLE FL S&DC','GAINESVILLE','FL','SOUTHERN','FLORIDA 1'),
('32723','DELAND CARRIER ANNEX','DELAND','FL','SOUTHERN','FLORIDA 1'),
('32816','ORLANDO MOWU','ORLANDO','FL','SOUTHERN','FLORIDA 2'),
('32885','ORLANDO MOWU','ORLANDO','FL','SOUTHERN','FLORIDA 2'),
('32886','ORLANDO MOWU','ORLANDO','FL','SOUTHERN','FLORIDA 2'),
('32887','ORLANDO MOWU','ORLANDO','FL','SOUTHERN','FLORIDA 2'),
('32891','ORLANDO MOWU','ORLANDO','FL','SOUTHERN','FLORIDA 2'),
('32896','ORLANDO MOWU','ORLANDO','FL','SOUTHERN','FLORIDA 2'),
('32897','ORLANDO','ORLANDO','FL','SOUTHERN','FLORIDA 2'),
('32899','ORLANDO MOWU','ORLANDO','FL','SOUTHERN','FLORIDA 2'),
('32919','MELBOURNE','MELBOURNE','FL','SOUTHERN','FLORIDA 2'),
('33620','TAMPA','TAMPA','FL','SOUTHERN','FLORIDA 2'),
('33633','TAMPA','TAMPA','FL','SOUTHERN','FLORIDA 2'),
('33650','TAMPA','TAMPA','FL','SOUTHERN','FLORIDA 2'),
('33655','TAMPA','TAMPA','FL','SOUTHERN','FLORIDA 2'),
('33660','TAMPA','TAMPA','FL','SOUTHERN','FLORIDA 2'),
('33664','TAMPA','TAMPA','FL','SOUTHERN','FLORIDA 2'),
('33729','SAINT PETERSBURG FL S&DC','SAINT PETERSBURG','FL','SOUTHERN','FLORIDA 2'),
('33769','HIGH POINT','CLEARWATER','FL','SOUTHERN','FLORIDA 2'),
('33888','WINTER HAVEN','WINTER HAVEN','FL','SOUTHERN','FLORIDA 2'),
('33965','FORT MYERS','FORT MYERS','FL','SOUTHERN','FLORIDA 2');

INSERT INTO us_locations (zip_code, locale_name, city, state, area_name, district_name) VALUES
('34249','SARASOTA CARRIER ANNEX','SARASOTA','FL','SOUTHERN','FLORIDA 2'),
('33039','PRINCETON','HOMESTEAD','FL','SOUTHERN','FLORIDA 3'),
('33106','MILAM ANNEX','MIAMI','FL','SOUTHERN','FLORIDA 3'),
('33112','MIAMI ISC','MIAMI','FL','SOUTHERN','FLORIDA 3'),
('33188','GENERAL MAIL FACILITY MIAMI','MIAMI','FL','SOUTHERN','FLORIDA 3'),
('33192','DORAL','DORAL','FL','SOUTHERN','FLORIDA 3'),
('33199','FATHER FELIX VARELA','MIAMI','FL','SOUTHERN','FLORIDA 3'),
('33206','DORAL','DORAL','FL','SOUTHERN','FLORIDA 3'),
('33464','BOCA RATON','BOCA RATON','FL','SOUTHERN','FLORIDA 3'),
('33499','BOCA RATON','BOCA RATON','FL','SOUTHERN','FLORIDA 3'),
('30063','MARIETTA','MARIETTA','GA','SOUTHERN','GEORGIA'),
('30069','MARIETTA','MARIETTA','GA','SOUTHERN','GEORGIA'),
('30099','DULUTH','DULUTH','GA','SOUTHERN','GEORGIA'),
('30118','CARROLLTON','CARROLLTON','GA','SOUTHERN','GEORGIA'),
('30119','CARROLLTON','CARROLLTON','GA','SOUTHERN','GEORGIA'),
('30322','ATLANTA','ATLANTA','GA','SOUTHERN','GEORGIA'),
('30332','ATLANTA','ATLANTA','GA','SOUTHERN','GEORGIA'),
('30332','CPU GEORGIA TECH','ATLANTA','GA','SOUTHERN','GEORGIA'),
('30368','ATLANTA','ATLANTA','GA','SOUTHERN','GEORGIA'),
('30375','ATLANTA','ATLANTA','GA','SOUTHERN','GEORGIA'),
('30380','ATLANTA','ATLANTA','GA','SOUTHERN','GEORGIA'),
('30384','ATLANTA','ATLANTA','GA','SOUTHERN','GEORGIA'),
('30385','ATLANTA','ATLANTA','GA','SOUTHERN','GEORGIA'),
('30388','ATLANTA','ATLANTA','GA','SOUTHERN','GEORGIA'),
('30396','ATLANTA','ATLANTA','GA','SOUTHERN','GEORGIA'),
('30398','ATLANTA','ATLANTA','GA','SOUTHERN','GEORGIA'),
('30460','STATESBORO','STATESBORO','GA','SOUTHERN','GEORGIA'),
('30499','REIDSVILLE','REIDSVILLE','GA','SOUTHERN','GEORGIA'),
('30597','DAHLONEGA','DAHLONEGA','GA','SOUTHERN','GEORGIA'),
('30599','COMMERCE','COMMERCE','GA','SOUTHERN','GEORGIA'),
('30602','ATHENS GA S&DC','ATHENS','GA','SOUTHERN','GEORGIA'),
('30609','ATHENS GA S&DC','ATHENS','GA','SOUTHERN','GEORGIA'),
('30912','AUGUSTA','AUGUSTA','GA','SOUTHERN','GEORGIA'),
('30999','AUGUSTA','AUGUSTA','GA','SOUTHERN','GEORGIA'),
('31026','EATONTON','EATONTON','GA','SOUTHERN','GEORGIA'),
('31062','MILLEDGEVILLE','MILLEDGEVILLE','GA','SOUTHERN','GEORGIA'),
('31136','INDUSTRIAL','ATLANTA','GA','SOUTHERN','GEORGIA'),
('31169','PEACHTREE CITY','PEACHTREE CITY','GA','SOUTHERN','GEORGIA'),
('31192','ATLANTA','ATLANTA','GA','SOUTHERN','GEORGIA'),
('31193','ATLANTA','ATLANTA','GA','SOUTHERN','GEORGIA'),
('31207','MACON GA S&DC','MACON','GA','SOUTHERN','GEORGIA'),
('31213','MACON','MACON','GA','SOUTHERN','GEORGIA'),
('31294','MACON','MACON','GA','SOUTHERN','GEORGIA'),
('31295','MACON','MACON','GA','SOUTHERN','GEORGIA'),
('31296','MACON','MACON','GA','SOUTHERN','GEORGIA'),
('31524','BRUNSWICK','BRUNSWICK','GA','SOUTHERN','GEORGIA'),
('31599','JESUP','JESUP','GA','SOUTHERN','GEORGIA'),
('31698','NORTHSIDE VALDOSTA','VALDOSTA','GA','SOUTHERN','GEORGIA'),
('31699','NORTHSIDE VALDOSTA','VALDOSTA','GA','SOUTHERN','GEORGIA'),
('31704','ALBANY','ALBANY','GA','SOUTHERN','GEORGIA');

INSERT INTO us_locations (zip_code, locale_name, city, state, area_name, district_name) VALUES
('31993','COLUMBUS GA S&DC','COLUMBUS','GA','SOUTHERN','GEORGIA'),
('31997','COLUMBUS GA S&DC','COLUMBUS','GA','SOUTHERN','GEORGIA'),
('31998','COLUMBUS GA S&DC','COLUMBUS','GA','SOUTHERN','GEORGIA'),
('31999','COLUMBUS GA S&DC','COLUMBUS','GA','SOUTHERN','GEORGIA'),
('39901','DORAVILLE','ATLANTA','GA','SOUTHERN','GEORGIA'),
('70060','METAIRIE','METAIRIE','LA','SOUTHERN','LOUISIANA'),
('70142','STATION A ALGIERS','NEW ORLEANS','LA','SOUTHERN','LOUISIANA'),
('70143','NEW ORLEANS','NEW ORLEANS','LA','SOUTHERN','LOUISIANA'),
('70148','NEW ORLEANS','NEW ORLEANS','LA','SOUTHERN','LOUISIANA'),
('70154','N O MAIN OFC WINDOW SVE','NEW ORLEANS','LA','SOUTHERN','LOUISIANA'),
('70159','N O MAIN OFC WINDOW SVE','NEW ORLEANS','LA','SOUTHERN','LOUISIANA'),
('70162','N O MAIN OFC WINDOW SVE','NEW ORLEANS','LA','SOUTHERN','LOUISIANA'),
('70164','N O MAIN OFC WINDOW SVE','NEW ORLEANS','LA','SOUTHERN','LOUISIANA'),
('70165','NEW ORLEANS','NEW ORLEANS','LA','SOUTHERN','LOUISIANA'),
('70166','N O MAIN OFC WINDOW SVE','NEW ORLEANS','LA','SOUTHERN','LOUISIANA'),
('70167','N O MAIN OFC WINDOW SVE','NEW ORLEANS','LA','SOUTHERN','LOUISIANA'),
('70195','N O MAIN OFC WINDOW SVE','NEW ORLEANS','LA','SOUTHERN','LOUISIANA'),
('70310','THIBODAUX','THIBODAUX','LA','SOUTHERN','LOUISIANA'),
('70402','HAMMOND','HAMMOND','LA','SOUTHERN','LOUISIANA'),
('70504','LAFAYETTE','LAFAYETTE','LA','SOUTHERN','LOUISIANA'),
('70609','CPU MCNEESE STATE UNIVERSITY','LAKE CHARLES','LA','SOUTHERN','LOUISIANA'),
('70803','BATON ROUGE','BATON ROUGE','LA','SOUTHERN','LOUISIANA'),
('70813','BATON ROUGE','BATON ROUGE','LA','SOUTHERN','LOUISIANA'),
('70822','BATON ROUGE','BATON ROUGE','LA','SOUTHERN','LOUISIANA'),
('70823','BATON ROUGE','BATON ROUGE','LA','SOUTHERN','LOUISIANA'),
('70833','WOODLAWN','BATON ROUGE','LA','SOUTHERN','LOUISIANA'),
('70891','BATON ROUGE','BATON ROUGE','LA','SOUTHERN','LOUISIANA'),
('71151','DOWNTOWN SHREVEPORT','SHREVEPORT','LA','SOUTHERN','LOUISIANA'),
('71152','SHREVEPORT','SHREVEPORT','LA','SOUTHERN','LOUISIANA'),
('71153','SHREVEPORT MAIN OFFICE','SHREVEPORT','LA','SOUTHERN','LOUISIANA'),
('71154','DOWNTOWN SHREVEPORT','SHREVEPORT','LA','SOUTHERN','LOUISIANA'),
('71156','DOWNTOWN SHREVEPORT','SHREVEPORT','LA','SOUTHERN','LOUISIANA'),
('71209','MONROE','MONROE','LA','SOUTHERN','LOUISIANA'),
('71212','MONROE','MONROE','LA','SOUTHERN','LOUISIANA'),
('71272','RUSTON','RUSTON','LA','SOUTHERN','LOUISIANA'),
('71359','PINEVILLE','PINEVILLE','LA','SOUTHERN','LOUISIANA'),
('71497','NATCHITOCHES','NATCHITOCHES','LA','SOUTHERN','LOUISIANA'),
('00935','SAN JUAN','SAN JUAN','PR','SOUTHERN','PUERTO RICO'),
('00939','SAN JUAN','SAN JUAN','PR','SOUTHERN','PUERTO RICO'),
('00975','SAN JUAN','SAN JUAN','PR','SOUTHERN','PUERTO RICO'),
('29117','ORANGEBURG','ORANGEBURG','SC','SOUTHERN','SOUTH CAROLINA'),
('29208','COLUMBIA SC S&DC','COLUMBIA','SC','SOUTHERN','SOUTH CAROLINA'),
('29214','COLUMBIA SC S&DC','COLUMBIA','SC','SOUTHERN','SOUTH CAROLINA'),
('29215','COLUMBIA SC S&DC','COLUMBIA','SC','SOUTHERN','SOUTH CAROLINA'),
('29216','COLUMBIA SC S&DC','COLUMBIA','SC','SOUTHERN','SOUTH CAROLINA'),
('29217','COLUMBIA SC S&DC','COLUMBIA','SC','SOUTHERN','SOUTH CAROLINA'),
('29218','COLUMBIA SC S&DC','COLUMBIA','SC','SOUTHERN','SOUTH CAROLINA'),
('29219','COLUMBIA SC S&DC','COLUMBIA','SC','SOUTHERN','SOUTH CAROLINA'),
('29220','COLUMBIA SC S&DC','COLUMBIA','SC','SOUTHERN','SOUTH CAROLINA'),
('29225','COLUMBIA SC S&DC','COLUMBIA','SC','SOUTHERN','SOUTH CAROLINA');

INSERT INTO us_locations (zip_code, locale_name, city, state, area_name, district_name) VALUES
('29226','COLUMBIA SC S&DC','COLUMBIA','SC','SOUTHERN','SOUTH CAROLINA'),
('29227','COLUMBIA SC S&DC','COLUMBIA','SC','SOUTHERN','SOUTH CAROLINA'),
('29319','SPARTANBURG','SPARTANBURG','SC','SOUTHERN','SOUTH CAROLINA'),
('29395','JONESVILLE','JONESVILLE','SC','SOUTHERN','SOUTH CAROLINA'),
('29409','CROSS COUNTY','NORTH CHARLESTON','SC','SOUTHERN','SOUTH CAROLINA'),
('29424','CROSS COUNTY','NORTH CHARLESTON','SC','SOUTHERN','SOUTH CAROLINA'),
('29425','CROSS COUNTY','NORTH CHARLESTON','SC','SOUTHERN','SOUTH CAROLINA'),
('29613','GREENVILLE SC DOWNTOWN SDC','GREENVILLE','SC','SOUTHERN','SOUTH CAROLINA'),
('29614','GREENVILLE SC DOWNTOWN SDC','GREENVILLE','SC','SOUTHERN','SOUTH CAROLINA'),
('29632','CLEMSON','CLEMSON','SC','SOUTHERN','SOUTH CAROLINA'),
('29634','CLEMSON','CLEMSON','SC','SOUTHERN','SOUTH CAROLINA'),
('29647','GREENWOOD','GREENWOOD','SC','SOUTHERN','SOUTH CAROLINA'),
('29695','HODGES','HODGES','SC','SOUTHERN','SOUTH CAROLINA'),
('29722','LANCASTER','LANCASTER','SC','SOUTHERN','SOUTH CAROLINA'),
('29733','ROCK HILL','ROCK HILL','SC','SOUTHERN','SOUTH CAROLINA'),
('29808','SUMMERALL','AIKEN','SC','SOUTHERN','SOUTH CAROLINA'),
('29899','MC CORMICK','MC CORMICK','SC','SOUTHERN','SOUTH CAROLINA'),
('37044','CLARKSVILLE','CLARKSVILLE','TN','SOUTHERN','TENNESSEE'),
('37089','LA VERGNE','LA VERGNE','TN','SOUTHERN','TENNESSEE'),
('37131','MURFREESBORO','MURFREESBORO','TN','SOUTHERN','TENNESSEE'),
('37132','CHURCH STREET STATION','MURFREESBORO','TN','SOUTHERN','TENNESSEE'),
('37161','SHELBYVILLE','SHELBYVILLE','TN','SOUTHERN','TENNESSEE'),
('37234','CHURCH STREET','NASHVILLE','TN','SOUTHERN','TENNESSEE'),
('37235','CHURCH STREET','NASHVILLE','TN','SOUTHERN','TENNESSEE'),
('37236','CHURCH STREET','NASHVILLE','TN','SOUTHERN','TENNESSEE'),
('37241','NASHVILLE MAIN OFFICE WINDOW','NASHVILLE','TN','SOUTHERN','TENNESSEE'),
('37242','BROADWAY RETAIL','NASHVILLE','TN','SOUTHERN','TENNESSEE'),
('37243','BROADWAY RETAIL','NASHVILLE','TN','SOUTHERN','TENNESSEE'),
('37246','CHURCH STREET','NASHVILLE','TN','SOUTHERN','TENNESSEE'),
('37250','BRENTWOOD','BRENTWOOD','TN','SOUTHERN','TENNESSEE'),
('37383','SEWANEE','SEWANEE','TN','SOUTHERN','TENNESSEE'),
('37501','MEMPHIS','MEMPHIS','TN','SOUTHERN','TENNESSEE'),
('37544','MEMPHIS','MEMPHIS','TN','SOUTHERN','TENNESSEE'),
('37669','KINGSPORT','KINGSPORT','TN','SOUTHERN','TENNESSEE'),
('37699','PINEY FLATS','PINEY FLATS','TN','SOUTHERN','TENNESSEE'),
('37995','KNOXVILLE','KNOXVILLE','TN','SOUTHERN','TENNESSEE'),
('37996','KNOXVILLE','KNOXVILLE','TN','SOUTHERN','TENNESSEE'),
('37997','KNOXVILLE','KNOXVILLE','TN','SOUTHERN','TENNESSEE'),
('37998','SOUTH KNOXVILLE','KNOXVILLE','TN','SOUTHERN','TENNESSEE'),
('38055','MILLINGTON','MILLINGTON','TN','SOUTHERN','TENNESSEE'),
('38136','DESOTO','MEMPHIS','TN','SOUTHERN','TENNESSEE'),
('38145','MEMPHIS','MEMPHIS','TN','SOUTHERN','TENNESSEE'),
('38148','MEMPHIS','MEMPHIS','TN','SOUTHERN','TENNESSEE'),
('38150','MEMPHIS','MEMPHIS','TN','SOUTHERN','TENNESSEE'),
('38151','MEMPHIS','MEMPHIS','TN','SOUTHERN','TENNESSEE'),
('38152','EAST/LAMAR CARRIER ANNEX','MEMPHIS','TN','SOUTHERN','TENNESSEE'),
('38159','MEMPHIS','MEMPHIS','TN','SOUTHERN','TENNESSEE'),
('38161','MEMPHIS','MEMPHIS','TN','SOUTHERN','TENNESSEE'),
('38163','MEMPHIS','MEMPHIS','TN','SOUTHERN','TENNESSEE'),
('38166','WHITE','MEMPHIS','TN','SOUTHERN','TENNESSEE');

INSERT INTO us_locations (zip_code, locale_name, city, state, area_name, district_name) VALUES
('38188','WHITE','MEMPHIS','TN','SOUTHERN','TENNESSEE'),
('38193','HICKORY HILL','MEMPHIS','TN','SOUTHERN','TENNESSEE'),
('38194','MEMPHIS','MEMPHIS','TN','SOUTHERN','TENNESSEE'),
('38197','WHITE','MEMPHIS','TN','SOUTHERN','TENNESSEE'),
('38238','MARTIN','MARTIN','TN','SOUTHERN','TENNESSEE'),
('38505','COOKEVILLE','COOKEVILLE','TN','SOUTHERN','TENNESSEE'),
('75059','IRVING','IRVING','TX','SOUTHERN','TEXAS 1'),
('75064','IRVING','IRVING','TX','SOUTHERN','TEXAS 1'),
('75099','NORTH TEXAS','COPPELL','TX','SOUTHERN','TEXAS 1'),
('75275','DALLAS','DALLAS','TX','SOUTHERN','TEXAS 1'),
('75277','DALLAS','DALLAS','TX','SOUTHERN','TEXAS 1'),
('75283','DALLAS','DALLAS','TX','SOUTHERN','TEXAS 1'),
('75284','DALLAS','DALLAS','TX','SOUTHERN','TEXAS 1'),
('75285','DALLAS','DALLAS','TX','SOUTHERN','TEXAS 1'),
('75301','DALLAS','DALLAS','TX','SOUTHERN','TEXAS 1'),
('75303','DALLAS','DALLAS','TX','SOUTHERN','TEXAS 1'),
('75312','DALLAS','DALLAS','TX','SOUTHERN','TEXAS 1'),
('75320','DALLAS','DALLAS','TX','SOUTHERN','TEXAS 1'),
('75326','DALLAS','DALLAS','TX','SOUTHERN','TEXAS 1'),
('75358','DALLAS','DALLAS','TX','SOUTHERN','TEXAS 1'),
('75368','DALLAS','DALLAS','TX','SOUTHERN','TEXAS 1'),
('75373','DALLAS','DALLAS','TX','SOUTHERN','TEXAS 1'),
('75389','DALLAS','DALLAS','TX','SOUTHERN','TEXAS 1'),
('75390','BROOKHOLLOW','DALLAS','TX','SOUTHERN','TEXAS 1'),
('75391','DALLAS','DALLAS','TX','SOUTHERN','TEXAS 1'),
('75392','DALLAS','DALLAS','TX','SOUTHERN','TEXAS 1'),
('75393','DALLAS','DALLAS','TX','SOUTHERN','TEXAS 1'),
('75394','DALLAS','DALLAS','TX','SOUTHERN','TEXAS 1'),
('75395','DALLAS','DALLAS','TX','SOUTHERN','TEXAS 1'),
('75397','DALLAS','DALLAS','TX','SOUTHERN','TEXAS 1'),
('75507','TEXARKANA','TEXARKANA','TX','SOUTHERN','TEXAS 1'),
('75599','TEXARKANA TX SDC','TEXARKANA','TX','SOUTHERN','TEXAS 1'),
('75797','BIG SANDY','BIG SANDY','TX','SOUTHERN','TEXAS 1'),
('75798','TYLER','TYLER','TX','SOUTHERN','TEXAS 1'),
('75799','TYLER','TYLER','TX','SOUTHERN','TEXAS 1'),
('75880','TENNESSEE COLONY','TENNESSEE COLONY','TX','SOUTHERN','TEXAS 1'),
('75882','PALESTINE','PALESTINE','TX','SOUTHERN','TEXAS 1'),
('75884','TENNESSEE COLONY','TENNESSEE COLONY','TX','SOUTHERN','TEXAS 1'),
('75886','TENNESSEE COLONY','TENNESSEE COLONY','TX','SOUTHERN','TEXAS 1'),
('75962','NACOGDOCHES','NACOGDOCHES','TX','SOUTHERN','TEXAS 1'),
('75990','WOODVILLE','WOODVILLE','TX','SOUTHERN','TEXAS 1'),
('76019','MAIN OFFICE ARLINGTON','ARLINGTON','TX','SOUTHERN','TEXAS 1'),
('76122','JACK D WATSON WINDOW UNIT','FORT WORTH','TX','SOUTHERN','TEXAS 1'),
('76129','JACK D WATSON WINDOW UNIT','FORT WORTH','TX','SOUTHERN','TEXAS 1'),
('76130','JACK D WATSON WINDOW UNIT','FORT WORTH','TX','SOUTHERN','TEXAS 1'),
('76150','FORT WORTH','FORT WORTH','TX','SOUTHERN','TEXAS 1'),
('76166','FORT WORTH','FORT WORTH','TX','SOUTHERN','TEXAS 1'),
('76190','JACK D WATSON WINDOW UNIT','FORT WORTH','TX','SOUTHERN','TEXAS 1'),
('76191','JACK D WATSON WINDOW UNIT','FORT WORTH','TX','SOUTHERN','TEXAS 1'),
('76192','JACK D WATSON WINDOW UNIT','FORT WORTH','TX','SOUTHERN','TEXAS 1');

INSERT INTO us_locations (zip_code, locale_name, city, state, area_name, district_name) VALUES
('76193','JACK D WATSON WINDOW UNIT','FORT WORTH','TX','SOUTHERN','TEXAS 1'),
('76195','JACK D WATSON WINDOW UNIT','FORT WORTH','TX','SOUTHERN','TEXAS 1'),
('76196','JACK D WATSON WINDOW UNIT','FORT WORTH','TX','SOUTHERN','TEXAS 1'),
('76197','FORT WORTH','FORT WORTH','TX','SOUTHERN','TEXAS 1'),
('76198','FORT WORTH','FORT WORTH','TX','SOUTHERN','TEXAS 1'),
('76199','JACK D WATSON WINDOW UNIT','FORT WORTH','TX','SOUTHERN','TEXAS 1'),
('76402','STEPHENVILLE','STEPHENVILLE','TX','SOUTHERN','TEXAS 1'),
('76797','WACO TX S&DC','WACO','TX','SOUTHERN','TEXAS 1'),
('76799','WACO TX S&DC','WACO','TX','SOUTHERN','TEXAS 1'),
('77204','HOUSTON','HOUSTON','TX','SOUTHERN','TEXAS 2'),
('77212','HOUSTON','HOUSTON','TX','SOUTHERN','TEXAS 2'),
('77216','HOUSTON','HOUSTON','TX','SOUTHERN','TEXAS 2'),
('77297','HOUSTON','HOUSTON','TX','SOUTHERN','TEXAS 2'),
('77299','HOUSTON','HOUSTON','TX','SOUTHERN','TEXAS 2'),
('77341','HUNTSVILLE','HUNTSVILLE','TX','SOUTHERN','TEXAS 2'),
('77343','HUNTSVILLE','HUNTSVILLE','TX','SOUTHERN','TEXAS 2'),
('77344','HUNTSVILLE','HUNTSVILLE','TX','SOUTHERN','TEXAS 2'),
('77348','HUNTSVILLE','HUNTSVILLE','TX','SOUTHERN','TEXAS 2'),
('77399','LIVINGSTON','LIVINGSTON','TX','SOUTHERN','TEXAS 2'),
('77555','BOB LYONS','GALVESTON','TX','SOUTHERN','TEXAS 2'),
('77843','BRYAN TX S&DC','BRYAN','TX','SOUTHERN','TEXAS 2'),
('73301','GMF AUSTIN','AUSTIN','TX','SOUTHERN','TEXAS 3'),
('73344','GMF AUSTIN','AUSTIN','TX','SOUTHERN','TEXAS 3'),
('76508','TEMPLE','TEMPLE','TX','SOUTHERN','TEXAS 3'),
('76596','GATESVILLE','GATESVILLE','TX','SOUTHERN','TEXAS 3'),
('76597','GATESVILLE','GATESVILLE','TX','SOUTHERN','TEXAS 3'),
('76598','GATESVILLE','GATESVILLE','TX','SOUTHERN','TEXAS 3'),
('76599','GATESVILLE','GATESVILLE','TX','SOUTHERN','TEXAS 3'),
('76909','SAN ANGELO','SAN ANGELO','TX','SOUTHERN','TEXAS 3'),
('78288','GMF SAN ANTONIO','SAN ANTONIO','TX','SOUTHERN','TEXAS 3'),
('78289','DOWNTOWN SAN ANTONIO','SAN ANTONIO','TX','SOUTHERN','TEXAS 3'),
('78682','ROUND ROCK','ROUND ROCK','TX','SOUTHERN','TEXAS 3'),
('78772','AUSTIN','AUSTIN','TX','SOUTHERN','TEXAS 3'),
('78773','NORTHCROSS','AUSTIN','TX','SOUTHERN','TEXAS 3'),
('78774','AUSTIN','AUSTIN','TX','SOUTHERN','TEXAS 3'),
('78778','GMF AUSTIN','AUSTIN','TX','SOUTHERN','TEXAS 3'),
('78779','CENTRAL PARK','AUSTIN','TX','SOUTHERN','TEXAS 3'),
('78783','SOUTH CONGRESS','AUSTIN','TX','SOUTHERN','TEXAS 3'),
('78847','DEL RIO','DEL RIO','TX','SOUTHERN','TEXAS 3'),
('79016','CANYON','CANYON','TX','SOUTHERN','TEXAS 3'),
('79166','DOWNTOWN AMARILLO','AMARILLO','TX','SOUTHERN','TEXAS 3'),
('79168','AMARILLO','AMARILLO','TX','SOUTHERN','TEXAS 3'),
('79172','DOWNTOWN AMARILLO','AMARILLO','TX','SOUTHERN','TEXAS 3'),
('79174','DOWNTOWN AMARILLO','AMARILLO','TX','SOUTHERN','TEXAS 3'),
('79178','DOWNTOWN AMARILLO','AMARILLO','TX','SOUTHERN','TEXAS 3'),
('79185','AMARILLO','AMARILLO','TX','SOUTHERN','TEXAS 3'),
('79430','LUBBOCK','LUBBOCK','TX','SOUTHERN','TEXAS 3'),
('79457','DOWNTOWN LUBBOCK','LUBBOCK','TX','SOUTHERN','TEXAS 3'),
('79491','LUBBOCK','LUBBOCK','TX','SOUTHERN','TEXAS 3'),
('79697','SOUTHERN HILLS','ABILENE','TX','SOUTHERN','TEXAS 3');

