INSERT INTO us_locations (zip_code, locale_name, city, state, area_name, district_name) VALUES
('31075','RENTZ','RENTZ','GA','SOUTHERN','GEORGIA'),
('31076','REYNOLDS','REYNOLDS','GA','SOUTHERN','GEORGIA'),
('31077','RHINE','RHINE','GA','SOUTHERN','GEORGIA'),
('31078','ROBERTA','ROBERTA','GA','SOUTHERN','GEORGIA'),
('31079','ROCHELLE','ROCHELLE','GA','SOUTHERN','GEORGIA'),
('31081','BUTLER','BUTLER','GA','SOUTHERN','GEORGIA'),
('31081','RUPERT','RUPERT','GA','SOUTHERN','GEORGIA'),
('31082','SANDERSVILLE','SANDERSVILLE','GA','SOUTHERN','GEORGIA'),
('31083','SCOTLAND','SCOTLAND','GA','SOUTHERN','GEORGIA'),
('31085','SHADY DALE','SHADY DALE','GA','SOUTHERN','GEORGIA'),
('31086','SMARR','SMARR','GA','SOUTHERN','GEORGIA'),
('31087','SPARTA','SPARTA','GA','SOUTHERN','GEORGIA'),
('31088','WARNER ROBINS','WARNER ROBINS','GA','SOUTHERN','GEORGIA'),
('31089','TENNILLE','TENNILLE','GA','SOUTHERN','GEORGIA'),
('31090','TOOMSBORO','TOOMSBORO','GA','SOUTHERN','GEORGIA'),
('31091','UNADILLA','UNADILLA','GA','SOUTHERN','GEORGIA'),
('31092','VIENNA','VIENNA','GA','SOUTHERN','GEORGIA'),
('31093','WARNER ROBINS','WARNER ROBINS','GA','SOUTHERN','GEORGIA'),
('31094','SANDERSVILLE','SANDERSVILLE','GA','SOUTHERN','GEORGIA'),
('31094','WARTHEN','WARTHEN','GA','SOUTHERN','GEORGIA'),
('31095','WARNER ROBINS','WARNER ROBINS','GA','SOUTHERN','GEORGIA'),
('31096','WRIGHTSVILLE','WRIGHTSVILLE','GA','SOUTHERN','GEORGIA'),
('31097','FORSYTH','FORSYTH','GA','SOUTHERN','GEORGIA'),
('31097','YATESVILLE','YATESVILLE','GA','SOUTHERN','GEORGIA'),
('31098','WARNER ROBINS','WARNER ROBINS','GA','SOUTHERN','GEORGIA'),
('31099','WARNER ROBINS','WARNER ROBINS','GA','SOUTHERN','GEORGIA'),
('31106','NORTH HIGHLAND','ATLANTA','GA','SOUTHERN','GEORGIA'),
('31107','LITTLE FIVE POINTS','ATLANTA','GA','SOUTHERN','GEORGIA'),
('31119','NORTH ATLANTA GA S&DC','BROOKHAVEN','GA','SOUTHERN','GEORGIA'),
('31126','BUCKHEAD LOOP','ATLANTA','GA','SOUTHERN','GEORGIA'),
('31131','BEN HILL','ATLANTA','GA','SOUTHERN','GEORGIA'),
('31139','AKERS MILL','ATLANTA','GA','SOUTHERN','GEORGIA'),
('31141','EMBRY HILLS','ATLANTA','GA','SOUTHERN','GEORGIA'),
('31145','NORTHLAKE','ATLANTA','GA','SOUTHERN','GEORGIA'),
('31146','PERIMETER CENTER','ATLANTA','GA','SOUTHERN','GEORGIA'),
('31150','NORTHRIDGE','ATLANTA','GA','SOUTHERN','GEORGIA'),
('31156','NORTH SPRINGS','ATLANTA','GA','SOUTHERN','GEORGIA'),
('31201','MACON GA S&DC','MACON','GA','SOUTHERN','GEORGIA'),
('31202','MULBERRY','MACON','GA','SOUTHERN','GEORGIA'),
('31203','PIO NONO','MACON','GA','SOUTHERN','GEORGIA'),
('31204','ZEBULON BRANCH','MACON','GA','SOUTHERN','GEORGIA'),
('31205','MACON GA S&DC','MACON','GA','SOUTHERN','GEORGIA'),
('31206','MACON GA S&DC','MACON','GA','SOUTHERN','GEORGIA'),
('31208','MACON','MACON','GA','SOUTHERN','GEORGIA'),
('31209','MACON','MACON','GA','SOUTHERN','GEORGIA'),
('31210','ZEBULON BRANCH','MACON','GA','SOUTHERN','GEORGIA'),
('31211','MACON GA S&DC','MACON','GA','SOUTHERN','GEORGIA'),
('31216','MACON GA S&DC','MACON','GA','SOUTHERN','GEORGIA'),
('31217','MACON GA S&DC','MACON','GA','SOUTHERN','GEORGIA'),
('31220','ZEBULON BRANCH','MACON','GA','SOUTHERN','GEORGIA');

INSERT INTO us_locations (zip_code, locale_name, city, state, area_name, district_name) VALUES
('31221','ZEBULON BRANCH','MACON','GA','SOUTHERN','GEORGIA'),
('31301','ALLENHURST','ALLENHURST','GA','SOUTHERN','GEORGIA'),
('31302','BLOOMINGDALE','BLOOMINGDALE','GA','SOUTHERN','GEORGIA'),
('31303','CLYO','CLYO','GA','SOUTHERN','GEORGIA'),
('31303','SPRINGFIELD','SPRINGFIELD','GA','SOUTHERN','GEORGIA'),
('31304','CRESCENT','CRESCENT','GA','SOUTHERN','GEORGIA'),
('31305','DARIEN','DARIEN','GA','SOUTHERN','GEORGIA'),
('31307','EDEN','EDEN','GA','SOUTHERN','GEORGIA'),
('31308','ELLABELL','ELLABELL','GA','SOUTHERN','GEORGIA'),
('31308','PEMBROKE','PEMBROKE','GA','SOUTHERN','GEORGIA'),
('31309','RICHMOND HILL','RICHMOND HILL','GA','SOUTHERN','GEORGIA'),
('31310','HINESVILLE','HINESVILLE','GA','SOUTHERN','GEORGIA'),
('31312','GUYTON','GUYTON','GA','SOUTHERN','GEORGIA'),
('31313','HINESVILLE','HINESVILLE','GA','SOUTHERN','GEORGIA'),
('31315','FORT STEWART','FORT STEWART','GA','SOUTHERN','GEORGIA'),
('31315','HINESVILLE','HINESVILLE','GA','SOUTHERN','GEORGIA'),
('31316','HINESVILLE','HINESVILLE','GA','SOUTHERN','GEORGIA'),
('31316','LUDOWICI','LUDOWICI','GA','SOUTHERN','GEORGIA'),
('31318','MELDRIM','MELDRIM','GA','SOUTHERN','GEORGIA'),
('31319','MERIDIAN','MERIDIAN','GA','SOUTHERN','GEORGIA'),
('31320','MIDWAY','MIDWAY','GA','SOUTHERN','GEORGIA'),
('31321','PEMBROKE','PEMBROKE','GA','SOUTHERN','GEORGIA'),
('31322','POOLER','POOLER','GA','SOUTHERN','GEORGIA'),
('31323','RICEBORO','RICEBORO','GA','SOUTHERN','GEORGIA'),
('31324','RICHMOND HILL','RICHMOND HILL','GA','SOUTHERN','GEORGIA'),
('31326','RINCON','RINCON','GA','SOUTHERN','GEORGIA'),
('31327','SAPELO ISLAND','SAPELO ISLAND','GA','SOUTHERN','GEORGIA'),
('31328','TYBEE ISLAND','TYBEE ISLAND','GA','SOUTHERN','GEORGIA'),
('31329','SPRINGFIELD','SPRINGFIELD','GA','SOUTHERN','GEORGIA'),
('31331','TOWNSEND','TOWNSEND','GA','SOUTHERN','GEORGIA'),
('31333','WALTHOURVILLE','WALTHOURVILLE','GA','SOUTHERN','GEORGIA'),
('31401','SAVANNAH','SAVANNAH','GA','SOUTHERN','GEORGIA'),
('31402','SAVANNAH','SAVANNAH','GA','SOUTHERN','GEORGIA'),
('31403','BINGVILLE','SAVANNAH','GA','SOUTHERN','GEORGIA'),
('31404','EASTSIDE','SAVANNAH','GA','SOUTHERN','GEORGIA'),
('31405','BINGVILLE','SAVANNAH','GA','SOUTHERN','GEORGIA'),
('31406','OGLETHORPE','SAVANNAH','GA','SOUTHERN','GEORGIA'),
('31407','GARDEN CITY','SAVANNAH','GA','SOUTHERN','GEORGIA'),
('31407','SAVANNAH','SAVANNAH','GA','SOUTHERN','GEORGIA'),
('31408','SAVANNAH','SAVANNAH','GA','SOUTHERN','GEORGIA'),
('31409','HUNTER AAF','SAVANNAH','GA','SOUTHERN','GEORGIA'),
('31410','EASTSIDE','SAVANNAH','GA','SOUTHERN','GEORGIA'),
('31410','WILMINGTON ISLAND','SAVANNAH','GA','SOUTHERN','GEORGIA'),
('31411','OGLETHORPE','SAVANNAH','GA','SOUTHERN','GEORGIA'),
('31412','TELFAIR SQUARE','SAVANNAH','GA','SOUTHERN','GEORGIA'),
('31414','EASTSIDE','SAVANNAH','GA','SOUTHERN','GEORGIA'),
('31415','SAVANNAH','SAVANNAH','GA','SOUTHERN','GEORGIA'),
('31416','OGLETHORPE','SAVANNAH','GA','SOUTHERN','GEORGIA'),
('31418','GARDEN CITY','SAVANNAH','GA','SOUTHERN','GEORGIA'),
('31419','SOUTHSIDE','SAVANNAH','GA','SOUTHERN','GEORGIA');

INSERT INTO us_locations (zip_code, locale_name, city, state, area_name, district_name) VALUES
('31420','SOUTHSIDE','SAVANNAH','GA','SOUTHERN','GEORGIA'),
('31501','WAYCROSS','WAYCROSS','GA','SOUTHERN','GEORGIA'),
('31502','WAYCROSS','WAYCROSS','GA','SOUTHERN','GEORGIA'),
('31503','WAYCROSS','WAYCROSS','GA','SOUTHERN','GEORGIA'),
('31510','ALMA','ALMA','GA','SOUTHERN','GEORGIA'),
('31512','AMBROSE','AMBROSE','GA','SOUTHERN','GEORGIA'),
('31513','BAXLEY','BAXLEY','GA','SOUTHERN','GEORGIA'),
('31515','BAXLEY','BAXLEY','GA','SOUTHERN','GEORGIA'),
('31516','BLACKSHEAR','BLACKSHEAR','GA','SOUTHERN','GEORGIA'),
('31516','BLACKSHEAR CARRIER ANX','BLACKSHEAR','GA','SOUTHERN','GEORGIA'),
('31518','BLACKSHEAR CARRIER ANX','BLACKSHEAR','GA','SOUTHERN','GEORGIA'),
('31518','BRISTOL','BRISTOL','GA','SOUTHERN','GEORGIA'),
('31519','BROXTON','BROXTON','GA','SOUTHERN','GEORGIA'),
('31520','BRUNSWICK','BRUNSWICK','GA','SOUTHERN','GEORGIA'),
('31521','BRUNSWICK','BRUNSWICK','GA','SOUTHERN','GEORGIA'),
('31522','SAINT SIMONS ISLAND','SAINT SIMONS ISLAND','GA','SOUTHERN','GEORGIA'),
('31523','BRUNSWICK','BRUNSWICK','GA','SOUTHERN','GEORGIA'),
('31525','BRUNSWICK','BRUNSWICK','GA','SOUTHERN','GEORGIA'),
('31527','BRUNSWICK','BRUNSWICK','GA','SOUTHERN','GEORGIA'),
('31527','JEKYLL ISLAND','JEKYLL ISLAND','GA','SOUTHERN','GEORGIA'),
('31532','DENTON','DENTON','GA','SOUTHERN','GEORGIA'),
('31533','DOUGLAS','DOUGLAS','GA','SOUTHERN','GEORGIA'),
('31534','DOUGLAS','DOUGLAS','GA','SOUTHERN','GEORGIA'),
('31535','DOUGLAS','DOUGLAS','GA','SOUTHERN','GEORGIA'),
('31537','FOLKSTON','FOLKSTON','GA','SOUTHERN','GEORGIA'),
('31539','HAZLEHURST','HAZLEHURST','GA','SOUTHERN','GEORGIA'),
('31542','HOBOKEN','HOBOKEN','GA','SOUTHERN','GEORGIA'),
('31543','HOBOKEN','HOBOKEN','GA','SOUTHERN','GEORGIA'),
('31544','BROXTON','BROXTON','GA','SOUTHERN','GEORGIA'),
('31544','JACKSONVILLE','JACKSONVILLE','GA','SOUTHERN','GEORGIA'),
('31545','JESUP','JESUP','GA','SOUTHERN','GEORGIA'),
('31546','JESUP','JESUP','GA','SOUTHERN','GEORGIA'),
('31547','CPU KINGS BAY','KINGS BAY','GA','SOUTHERN','GEORGIA'),
('31548','KINGSLAND','KINGSLAND','GA','SOUTHERN','GEORGIA'),
('31549','LUMBER CITY','LUMBER CITY','GA','SOUTHERN','GEORGIA'),
('31550','VPO MANOR','MANOR','GA','SOUTHERN','GEORGIA'),
('31550','WAYCROSS','WAYCROSS','GA','SOUTHERN','GEORGIA'),
('31551','MERSHON','MERSHON','GA','SOUTHERN','GEORGIA'),
('31552','NICHOLLS','NICHOLLS','GA','SOUTHERN','GEORGIA'),
('31553','NAHUNTA','NAHUNTA','GA','SOUTHERN','GEORGIA'),
('31554','NICHOLLS','NICHOLLS','GA','SOUTHERN','GEORGIA'),
('31555','ODUM','ODUM','GA','SOUTHERN','GEORGIA'),
('31556','OFFERMAN','OFFERMAN','GA','SOUTHERN','GEORGIA'),
('31557','PATTERSON','PATTERSON','GA','SOUTHERN','GEORGIA'),
('31558','SAINT MARYS','SAINT MARYS','GA','SOUTHERN','GEORGIA'),
('31560','SCREVEN','SCREVEN','GA','SOUTHERN','GEORGIA'),
('31561','SEA ISLAND','SAINT SIMONS ISLAND','GA','SOUTHERN','GEORGIA'),
('31562','SAINT GEORGE','SAINT GEORGE','GA','SOUTHERN','GEORGIA'),
('31563','SURRENCY','SURRENCY','GA','SOUTHERN','GEORGIA'),
('31564','WARESBORO','WARESBORO','GA','SOUTHERN','GEORGIA');

INSERT INTO us_locations (zip_code, locale_name, city, state, area_name, district_name) VALUES
('31565','WAVERLY','WAVERLY','GA','SOUTHERN','GEORGIA'),
('31566','WAYNESVILLE','WAYNESVILLE','GA','SOUTHERN','GEORGIA'),
('31567','WEST GREEN','WEST GREEN','GA','SOUTHERN','GEORGIA'),
('31568','WHITE OAK','WHITE OAK','GA','SOUTHERN','GEORGIA'),
('31568','WOODBINE','WOODBINE','GA','SOUTHERN','GEORGIA'),
('31569','WOODBINE','WOODBINE','GA','SOUTHERN','GEORGIA'),
('31598','JESUP','JESUP','GA','SOUTHERN','GEORGIA'),
('31601','NORTHSIDE VALDOSTA','VALDOSTA','GA','SOUTHERN','GEORGIA'),
('31602','NORTHSIDE VALDOSTA','VALDOSTA','GA','SOUTHERN','GEORGIA'),
('31603','VALDOSTA','VALDOSTA','GA','SOUTHERN','GEORGIA'),
('31604','NORTHSIDE VALDOSTA','VALDOSTA','GA','SOUTHERN','GEORGIA'),
('31605','NORTHSIDE VALDOSTA','VALDOSTA','GA','SOUTHERN','GEORGIA'),
('31606','NORTHSIDE VALDOSTA','VALDOSTA','GA','SOUTHERN','GEORGIA'),
('31620','ADEL','ADEL','GA','SOUTHERN','GEORGIA'),
('31622','ALAPAHA','ALAPAHA','GA','SOUTHERN','GEORGIA'),
('31623','ARGYLE','ARGYLE','GA','SOUTHERN','GEORGIA'),
('31624','AXSON','AXSON','GA','SOUTHERN','GEORGIA'),
('31624','PEARSON','PEARSON','GA','SOUTHERN','GEORGIA'),
('31625','BARNEY','BARNEY','GA','SOUTHERN','GEORGIA'),
('31626','BOSTON','BOSTON','GA','SOUTHERN','GEORGIA'),
('31627','CECIL','CECIL','GA','SOUTHERN','GEORGIA'),
('31629','DIXIE','DIXIE','GA','SOUTHERN','GEORGIA'),
('31630','DU PONT','DU PONT','GA','SOUTHERN','GEORGIA'),
('31631','FARGO','FARGO','GA','SOUTHERN','GEORGIA'),
('31632','HAHIRA','HAHIRA','GA','SOUTHERN','GEORGIA'),
('31634','HOMERVILLE','HOMERVILLE','GA','SOUTHERN','GEORGIA'),
('31635','LAKELAND','LAKELAND','GA','SOUTHERN','GEORGIA'),
('31636','LAKE PARK','LAKE PARK','GA','SOUTHERN','GEORGIA'),
('31637','LENOX','LENOX','GA','SOUTHERN','GEORGIA'),
('31638','MORVEN','MORVEN','GA','SOUTHERN','GEORGIA'),
('31639','NASHVILLE','NASHVILLE','GA','SOUTHERN','GEORGIA'),
('31641','LAKELAND','LAKELAND','GA','SOUTHERN','GEORGIA'),
('31641','NAYLOR','NAYLOR','GA','SOUTHERN','GEORGIA'),
('31642','PEARSON','PEARSON','GA','SOUTHERN','GEORGIA'),
('31643','QUITMAN','QUITMAN','GA','SOUTHERN','GEORGIA'),
('31645','RAY CITY','RAY CITY','GA','SOUTHERN','GEORGIA'),
('31647','SPARKS','SPARKS','GA','SOUTHERN','GEORGIA'),
('31648','STATENVILLE','STATENVILLE','GA','SOUTHERN','GEORGIA'),
('31649','LAKELAND','LAKELAND','GA','SOUTHERN','GEORGIA'),
('31649','STOCKTON','STOCKTON','GA','SOUTHERN','GEORGIA'),
('31650','WILLACOOCHEE','WILLACOOCHEE','GA','SOUTHERN','GEORGIA'),
('31701','ALBANY','ALBANY','GA','SOUTHERN','GEORGIA'),
('31702','FEDERAL','ALBANY','GA','SOUTHERN','GEORGIA'),
('31703','MOCK ROAD','ALBANY','GA','SOUTHERN','GEORGIA'),
('31705','ALBANY','ALBANY','GA','SOUTHERN','GEORGIA'),
('31706','ALBANY','ALBANY','GA','SOUTHERN','GEORGIA'),
('31707','ALBANY','ALBANY','GA','SOUTHERN','GEORGIA'),
('31708','LAFAYETTE PLAZA','ALBANY','GA','SOUTHERN','GEORGIA'),
('31709','AMERICUS','AMERICUS','GA','SOUTHERN','GEORGIA'),
('31711','AMERICUS','AMERICUS','GA','SOUTHERN','GEORGIA');

INSERT INTO us_locations (zip_code, locale_name, city, state, area_name, district_name) VALUES
('31711','ANDERSONVILLE','ANDERSONVILLE','GA','SOUTHERN','GEORGIA'),
('31712','ARABI','ARABI','GA','SOUTHERN','GEORGIA'),
('31714','ASHBURN','ASHBURN','GA','SOUTHERN','GEORGIA'),
('31716','BACONTON','BACONTON','GA','SOUTHERN','GEORGIA'),
('31719','AMERICUS','AMERICUS','GA','SOUTHERN','GEORGIA'),
('31720','BARWICK','BARWICK','GA','SOUTHERN','GEORGIA'),
('31721','ALBANY','ALBANY','GA','SOUTHERN','GEORGIA'),
('31722','BERLIN','BERLIN','GA','SOUTHERN','GEORGIA'),
('31727','BROOKFIELD','BROOKFIELD','GA','SOUTHERN','GEORGIA'),
('31730','CAMILLA','CAMILLA','GA','SOUTHERN','GEORGIA'),
('31733','CHULA','CHULA','GA','SOUTHERN','GEORGIA'),
('31735','COBB','COBB','GA','SOUTHERN','GEORGIA'),
('31738','COOLIDGE','COOLIDGE','GA','SOUTHERN','GEORGIA'),
('31738','MOULTRIE','MOULTRIE','GA','SOUTHERN','GEORGIA'),
('31739','PELHAM','PELHAM','GA','SOUTHERN','GEORGIA'),
('31743','COBB','COBB','GA','SOUTHERN','GEORGIA'),
('31743','DE SOTO','DE SOTO','GA','SOUTHERN','GEORGIA'),
('31744','DOERUN','DOERUN','GA','SOUTHERN','GEORGIA'),
('31747','ELLENTON','ELLENTON','GA','SOUTHERN','GEORGIA'),
('31749','ENIGMA','ENIGMA','GA','SOUTHERN','GEORGIA'),
('31750','FITZGERALD','FITZGERALD','GA','SOUTHERN','GEORGIA'),
('31753','FUNSTON','FUNSTON','GA','SOUTHERN','GEORGIA'),
('31756','HARTSFIELD','HARTSFIELD','GA','SOUTHERN','GEORGIA'),
('31757','TALL TIMBERS VLG','THOMASVILLE','GA','SOUTHERN','GEORGIA'),
('31758','TALL TIMBERS VLG','THOMASVILLE','GA','SOUTHERN','GEORGIA'),
('31763','LEESBURG','LEESBURG','GA','SOUTHERN','GEORGIA'),
('31764','DE SOTO','DE SOTO','GA','SOUTHERN','GEORGIA'),
('31765','MEIGS','MEIGS','GA','SOUTHERN','GEORGIA'),
('31768','MOULTRIE','MOULTRIE','GA','SOUTHERN','GEORGIA'),
('31769','MYSTIC','MYSTIC','GA','SOUTHERN','GEORGIA'),
('31771','NORMAN PARK','NORMAN PARK','GA','SOUTHERN','GEORGIA'),
('31772','OAKFIELD','OAKFIELD','GA','SOUTHERN','GEORGIA'),
('31772','WARWICK','WARWICK','GA','SOUTHERN','GEORGIA'),
('31773','OCHLOCKNEE','OCHLOCKNEE','GA','SOUTHERN','GEORGIA'),
('31774','OCILLA','OCILLA','GA','SOUTHERN','GEORGIA'),
('31775','OMEGA','OMEGA','GA','SOUTHERN','GEORGIA'),
('31776','MOULTRIE','MOULTRIE','GA','SOUTHERN','GEORGIA'),
('31778','PAVO','PAVO','GA','SOUTHERN','GEORGIA'),
('31779','PELHAM','PELHAM','GA','SOUTHERN','GEORGIA'),
('31780','PLAINS','PLAINS','GA','SOUTHERN','GEORGIA'),
('31781','POULAN','POULAN','GA','SOUTHERN','GEORGIA'),
('31782','PUTNEY','PUTNEY','GA','SOUTHERN','GEORGIA'),
('31783','ASHBURN','ASHBURN','GA','SOUTHERN','GEORGIA'),
('31783','REBECCA','REBECCA','GA','SOUTHERN','GEORGIA'),
('31784','SALE CITY','SALE CITY','GA','SOUTHERN','GEORGIA'),
('31787','SMITHVILLE','SMITHVILLE','GA','SOUTHERN','GEORGIA'),
('31788','MOULTRIE','MOULTRIE','GA','SOUTHERN','GEORGIA'),
('31789','SUMNER','SUMNER','GA','SOUTHERN','GEORGIA'),
('31790','SYCAMORE','SYCAMORE','GA','SOUTHERN','GEORGIA'),
('31791','SYLVESTER','SYLVESTER','GA','SOUTHERN','GEORGIA');

INSERT INTO us_locations (zip_code, locale_name, city, state, area_name, district_name) VALUES
('31792','THOMASVILLE','THOMASVILLE','GA','SOUTHERN','GEORGIA'),
('31793','TIFTON','TIFTON','GA','SOUTHERN','GEORGIA'),
('31794','TIFTON','TIFTON','GA','SOUTHERN','GEORGIA'),
('31795','TY TY','TY TY','GA','SOUTHERN','GEORGIA'),
('31796','WARWICK','WARWICK','GA','SOUTHERN','GEORGIA'),
('31798','WRAY','WRAY','GA','SOUTHERN','GEORGIA'),
('31799','THOMASVILLE','THOMASVILLE','GA','SOUTHERN','GEORGIA'),
('31801','BOX SPRINGS','BOX SPRINGS','GA','SOUTHERN','GEORGIA'),
('31803','BUENA VISTA','BUENA VISTA','GA','SOUTHERN','GEORGIA'),
('31804','CATAULA','CATAULA','GA','SOUTHERN','GEORGIA'),
('31804','COLUMBUS GA S&DC','COLUMBUS','GA','SOUTHERN','GEORGIA'),
('31805','CUSSETA','CUSSETA','GA','SOUTHERN','GEORGIA'),
('31806','ELLAVILLE','ELLAVILLE','GA','SOUTHERN','GEORGIA'),
('31807','COLUMBUS GA S&DC','COLUMBUS','GA','SOUTHERN','GEORGIA'),
('31807','ELLERSLIE','ELLERSLIE','GA','SOUTHERN','GEORGIA'),
('31808','COLUMBUS GA S&DC','COLUMBUS','GA','SOUTHERN','GEORGIA'),
('31808','FORTSON','FORTSON','GA','SOUTHERN','GEORGIA'),
('31810','GENEVA','GENEVA','GA','SOUTHERN','GEORGIA'),
('31811','HAMILTON','HAMILTON','GA','SOUTHERN','GEORGIA'),
('31812','JUNCTION CITY','JUNCTION CITY','GA','SOUTHERN','GEORGIA'),
('31812','TALBOTTON','TALBOTTON','GA','SOUTHERN','GEORGIA'),
('31814','CUSSETA','CUSSETA','GA','SOUTHERN','GEORGIA'),
('31815','LUMPKIN','LUMPKIN','GA','SOUTHERN','GEORGIA'),
('31816','MANCHESTER','MANCHESTER','GA','SOUTHERN','GEORGIA'),
('31820','COLUMBUS GA S&DC','COLUMBUS','GA','SOUTHERN','GEORGIA'),
('31820','MIDLAND','MIDLAND','GA','SOUTHERN','GEORGIA'),
('31821','OMAHA','OMAHA','GA','SOUTHERN','GEORGIA'),
('31822','PINE MOUNTAIN','PINE MOUNTAIN','GA','SOUTHERN','GEORGIA'),
('31823','HAMILTON','HAMILTON','GA','SOUTHERN','GEORGIA'),
('31824','PRESTON','PRESTON','GA','SOUTHERN','GEORGIA'),
('31824','RICHLAND','RICHLAND','GA','SOUTHERN','GEORGIA'),
('31825','RICHLAND','RICHLAND','GA','SOUTHERN','GEORGIA'),
('31826','MANCHESTER','MANCHESTER','GA','SOUTHERN','GEORGIA'),
('31826','SHILOH','SHILOH','GA','SOUTHERN','GEORGIA'),
('31827','TALBOTTON','TALBOTTON','GA','SOUTHERN','GEORGIA'),
('31829','COLUMBUS GA S&DC','COLUMBUS','GA','SOUTHERN','GEORGIA'),
('31830','MANCHESTER','MANCHESTER','GA','SOUTHERN','GEORGIA'),
('31830','WARM SPRINGS','WARM SPRINGS','GA','SOUTHERN','GEORGIA'),
('31831','COLUMBUS GA S&DC','COLUMBUS','GA','SOUTHERN','GEORGIA'),
('31831','WAVERLY HALL','WAVERLY HALL','GA','SOUTHERN','GEORGIA'),
('31832','RICHLAND','RICHLAND','GA','SOUTHERN','GEORGIA'),
('31832','WESTON','WESTON','GA','SOUTHERN','GEORGIA'),
('31833','WEST POINT','WEST POINT','GA','SOUTHERN','GEORGIA'),
('31836','TALBOTTON','TALBOTTON','GA','SOUTHERN','GEORGIA'),
('31836','WOODLAND','WOODLAND','GA','SOUTHERN','GEORGIA'),
('31901','COLUMBUS GA S&DC','COLUMBUS','GA','SOUTHERN','GEORGIA'),
('31902','DOWNTOWN COLUMBUS','COLUMBUS','GA','SOUTHERN','GEORGIA'),
('31903','BAKER VILLAGE','COLUMBUS','GA','SOUTHERN','GEORGIA'),
('31903','COLUMBUS GA S&DC','COLUMBUS','GA','SOUTHERN','GEORGIA'),
('31904','COLUMBUS GA S&DC','COLUMBUS','GA','SOUTHERN','GEORGIA');

INSERT INTO us_locations (zip_code, locale_name, city, state, area_name, district_name) VALUES
('31905','FORT BENNING','FORT BENNING','GA','SOUTHERN','GEORGIA'),
('31906','COLUMBUS GA S&DC','COLUMBUS','GA','SOUTHERN','GEORGIA'),
('31906','WYNNTON','COLUMBUS','GA','SOUTHERN','GEORGIA'),
('31907','COLUMBUS GA S&DC','COLUMBUS','GA','SOUTHERN','GEORGIA'),
('31908','COLUMBUS GA S&DC','COLUMBUS','GA','SOUTHERN','GEORGIA'),
('31909','COLUMBUS GA S&DC','COLUMBUS','GA','SOUTHERN','GEORGIA'),
('31914','BEALLWOOD','COLUMBUS','GA','SOUTHERN','GEORGIA'),
('31917','LINDSEY CREEK','COLUMBUS','GA','SOUTHERN','GEORGIA'),
('31995','FORT BENNING','FORT BENNING','GA','SOUTHERN','GEORGIA'),
('32003','RIDGEWOOD','ORANGE PARK','FL','SOUTHERN','FLORIDA 1'),
('32004','PONTE VEDRA BEACH','PONTE VEDRA BEACH','FL','SOUTHERN','FLORIDA 1'),
('32006','FLEMING ISLAND','FLEMING ISLAND','FL','SOUTHERN','FLORIDA 1'),
('32007','BOSTWICK','BOSTWICK','FL','SOUTHERN','FLORIDA 1'),
('32008','BRANFORD','BRANFORD','FL','SOUTHERN','FLORIDA 1'),
('32009','BRYCEVILLE','BRYCEVILLE','FL','SOUTHERN','FLORIDA 1'),
('32009','CALLAHAN','CALLAHAN','FL','SOUTHERN','FLORIDA 1'),
('32011','CALLAHAN','CALLAHAN','FL','SOUTHERN','FLORIDA 1'),
('32013','DAY','DAY','FL','SOUTHERN','FLORIDA 1'),
('32024','LAKE CITY','LAKE CITY','FL','SOUTHERN','FLORIDA 1'),
('32025','LAKE CITY','LAKE CITY','FL','SOUTHERN','FLORIDA 1'),
('32030','RIDGEWOOD','ORANGE PARK','FL','SOUTHERN','FLORIDA 1'),
('32033','ELKTON','ELKTON','FL','SOUTHERN','FLORIDA 1'),
('32034','FERNANDINA BEACH','FERNANDINA BEACH','FL','SOUTHERN','FLORIDA 1'),
('32035','DOWNTOWN FERNANDINA BEACH','FERNANDINA BEACH','FL','SOUTHERN','FLORIDA 1'),
('32035','FERNANDINA BEACH','FERNANDINA BEACH','FL','SOUTHERN','FLORIDA 1'),
('32038','FORT WHITE','FORT WHITE','FL','SOUTHERN','FLORIDA 1'),
('32040','GLEN SAINT MARY','GLEN SAINT MARY','FL','SOUTHERN','FLORIDA 1'),
('32041','YULEE','YULEE','FL','SOUTHERN','FLORIDA 1'),
('32042','GRAHAM','GRAHAM','FL','SOUTHERN','FLORIDA 1'),
('32043','GREEN COVE SPRINGS','GREEN COVE SPRINGS','FL','SOUTHERN','FLORIDA 1'),
('32044','HAMPTON','HAMPTON','FL','SOUTHERN','FLORIDA 1'),
('32044','STARKE','STARKE','FL','SOUTHERN','FLORIDA 1'),
('32046','HILLIARD','HILLIARD','FL','SOUTHERN','FLORIDA 1'),
('32050','MIDDLEBURG','MIDDLEBURG','FL','SOUTHERN','FLORIDA 1'),
('32052','JASPER','JASPER','FL','SOUTHERN','FLORIDA 1'),
('32053','JENNINGS','JENNINGS','FL','SOUTHERN','FLORIDA 1'),
('32054','LAKE BUTLER','LAKE BUTLER','FL','SOUTHERN','FLORIDA 1'),
('32055','LAKE CITY','LAKE CITY','FL','SOUTHERN','FLORIDA 1'),
('32056','LAKE CITY','LAKE CITY','FL','SOUTHERN','FLORIDA 1'),
('32058','LAWTEY','LAWTEY','FL','SOUTHERN','FLORIDA 1'),
('32059','LEE','LEE','FL','SOUTHERN','FLORIDA 1'),
('32060','LIVE OAK','LIVE OAK','FL','SOUTHERN','FLORIDA 1'),
('32061','LAKE BUTLER','LAKE BUTLER','FL','SOUTHERN','FLORIDA 1'),
('32062','MC ALPIN','MC ALPIN','FL','SOUTHERN','FLORIDA 1'),
('32062','O BRIEN','O BRIEN','FL','SOUTHERN','FLORIDA 1'),
('32063','MACCLENNY','MACCLENNY','FL','SOUTHERN','FLORIDA 1'),
('32064','DOWLING PARK','LIVE OAK','FL','SOUTHERN','FLORIDA 1'),
('32064','LIVE OAK','LIVE OAK','FL','SOUTHERN','FLORIDA 1'),
('32065','RIDGEWOOD','ORANGE PARK','FL','SOUTHERN','FLORIDA 1'),
('32066','MAYO','MAYO','FL','SOUTHERN','FLORIDA 1');

INSERT INTO us_locations (zip_code, locale_name, city, state, area_name, district_name) VALUES
('32067','ORANGE PARK','ORANGE PARK','FL','SOUTHERN','FLORIDA 1'),
('32068','MIDDLEBURG','MIDDLEBURG','FL','SOUTHERN','FLORIDA 1'),
('32071','O BRIEN','O BRIEN','FL','SOUTHERN','FLORIDA 1'),
('32073','ORANGE PARK','ORANGE PARK','FL','SOUTHERN','FLORIDA 1'),
('32079','PENNEY FARMS','PENNEY FARMS','FL','SOUTHERN','FLORIDA 1'),
('32080','ANASTASIA ISLAND','SAINT AUGUSTINE','FL','SOUTHERN','FLORIDA 1'),
('32080','SAINT AUGUSTINE ANNEX','SAINT AUGUSTINE','FL','SOUTHERN','FLORIDA 1'),
('32081','PONTE VEDRA BEACH','PONTE VEDRA BEACH','FL','SOUTHERN','FLORIDA 1'),
('32082','PONTE VEDRA BEACH','PONTE VEDRA BEACH','FL','SOUTHERN','FLORIDA 1'),
('32083','RAIFORD','RAIFORD','FL','SOUTHERN','FLORIDA 1'),
('32084','SAINT AUGUSTINE','SAINT AUGUSTINE','FL','SOUTHERN','FLORIDA 1'),
('32085','SAINT AUGUSTINE','SAINT AUGUSTINE','FL','SOUTHERN','FLORIDA 1'),
('32086','CPU PONCE DE LEON MALL','SAINT AUGUSTINE','FL','SOUTHERN','FLORIDA 1'),
('32086','SAINT AUGUSTINE ANNEX','SAINT AUGUSTINE','FL','SOUTHERN','FLORIDA 1'),
('32087','GLEN SAINT MARY','GLEN SAINT MARY','FL','SOUTHERN','FLORIDA 1'),
('32087','SANDERSON','SANDERSON','FL','SOUTHERN','FLORIDA 1'),
('32091','STARKE','STARKE','FL','SOUTHERN','FLORIDA 1'),
('32092','WORLD GOLF VILLAGE ANNEX','SAINT AUGUSTINE','FL','SOUTHERN','FLORIDA 1'),
('32094','WELLBORN','WELLBORN','FL','SOUTHERN','FLORIDA 1'),
('32095','WORLD GOLF VILLAGE ANNEX','SAINT AUGUSTINE','FL','SOUTHERN','FLORIDA 1'),
('32096','WHITE SPRINGS','WHITE SPRINGS','FL','SOUTHERN','FLORIDA 1'),
('32097','YULEE','YULEE','FL','SOUTHERN','FLORIDA 1'),
('32102','ASTOR','ASTOR','FL','SOUTHERN','FLORIDA 1'),
('32105','BARBERVILLE','BARBERVILLE','FL','SOUTHERN','FLORIDA 1'),
('32110','BUNNELL','BUNNELL','FL','SOUTHERN','FLORIDA 1'),
('32111','CANDLER','CANDLER','FL','SOUTHERN','FLORIDA 1'),
('32112','CRESCENT CITY','CRESCENT CITY','FL','SOUTHERN','FLORIDA 1'),
('32113','CITRA','CITRA','FL','SOUTHERN','FLORIDA 1'),
('32114','DAYTONA BEACH','DAYTONA BEACH','FL','SOUTHERN','FLORIDA 1'),
('32115','DOWNTOWN DAYTONA BEACH','DAYTONA BEACH','FL','SOUTHERN','FLORIDA 1'),
('32116','DAYTONA BEACH SHORES','DAYTONA BEACH','FL','SOUTHERN','FLORIDA 1'),
('32117','DAYTONA BEACH','DAYTONA BEACH','FL','SOUTHERN','FLORIDA 1'),
('32118','DOWNTOWN DAYTONA BEACH','DAYTONA BEACH','FL','SOUTHERN','FLORIDA 1'),
('32119','DAYTONA BEACH','DAYTONA BEACH','FL','SOUTHERN','FLORIDA 1'),
('32120','DAYTONA BEACH','DAYTONA BEACH','FL','SOUTHERN','FLORIDA 1'),
('32121','SOUTH DAYTONA','SOUTH DAYTONA','FL','SOUTHERN','FLORIDA 1'),
('32122','HOLLY HILL','DAYTONA BEACH','FL','SOUTHERN','FLORIDA 1'),
('32123','ALLANDALE','PORT ORANGE','FL','SOUTHERN','FLORIDA 1'),
('32124','DAYTONA BEACH','DAYTONA BEACH','FL','SOUTHERN','FLORIDA 1'),
('32125','HOLLY HILL','DAYTONA BEACH','FL','SOUTHERN','FLORIDA 1'),
('32126','DOWNTOWN DAYTONA BEACH','DAYTONA BEACH','FL','SOUTHERN','FLORIDA 1'),
('32127','PORT ORANGE','PORT ORANGE','FL','SOUTHERN','FLORIDA 1'),
('32128','PORT ORANGE','PORT ORANGE','FL','SOUTHERN','FLORIDA 1'),
('32129','PORT ORANGE','PORT ORANGE','FL','SOUTHERN','FLORIDA 1'),
('32130','DE LEON SPRINGS','DE LEON SPRINGS','FL','SOUTHERN','FLORIDA 1'),
('32131','EAST PALATKA','EAST PALATKA','FL','SOUTHERN','FLORIDA 1'),
('32132','EDGEWATER','EDGEWATER','FL','SOUTHERN','FLORIDA 1'),
('32133','EASTLAKE WEIR','EASTLAKE WEIR','FL','SOUTHERN','FLORIDA 1'),
('32134','FORT MC COY','FORT MC COY','FL','SOUTHERN','FLORIDA 1'),
('32134','SALT SPRINGS','SALT SPRINGS','FL','SOUTHERN','FLORIDA 1');

INSERT INTO us_locations (zip_code, locale_name, city, state, area_name, district_name) VALUES
('32135','PALM COAST','PALM COAST','FL','SOUTHERN','FLORIDA 1'),
('32136','FLAGLER BEACH','FLAGLER BEACH','FL','SOUTHERN','FLORIDA 1'),
('32137','PALM COAST','PALM COAST','FL','SOUTHERN','FLORIDA 1'),
('32138','GRANDIN','GRANDIN','FL','SOUTHERN','FLORIDA 1'),
('32139','GEORGETOWN','GEORGETOWN','FL','SOUTHERN','FLORIDA 1'),
('32140','FLORAHOME','FLORAHOME','FL','SOUTHERN','FLORIDA 1'),
('32141','EDGEWATER','EDGEWATER','FL','SOUTHERN','FLORIDA 1'),
('32142','PALM COAST','PALM COAST','FL','SOUTHERN','FLORIDA 1'),
('32143','PALM COAST','PALM COAST','FL','SOUTHERN','FLORIDA 1'),
('32145','HASTINGS','HASTINGS','FL','SOUTHERN','FLORIDA 1'),
('32147','HOLLISTER','HOLLISTER','FL','SOUTHERN','FLORIDA 1'),
('32148','INTERLACHEN','INTERLACHEN','FL','SOUTHERN','FLORIDA 1'),
('32157','LAKE COMO','POMONA PARK','FL','SOUTHERN','FLORIDA 1'),
('32158','LADY LAKE','LADY LAKE','FL','SOUTHERN','FLORIDA 1'),
('32159','LADY LAKE','LADY LAKE','FL','SOUTHERN','FLORIDA 1'),
('32160','LAKE GENEVA','LAKE GENEVA','FL','SOUTHERN','FLORIDA 1'),
('32162','LADY LAKE','LADY LAKE','FL','SOUTHERN','FLORIDA 1'),
('32163','LADY LAKE','LADY LAKE','FL','SOUTHERN','FLORIDA 1'),
('32164','PALM COAST','PALM COAST','FL','SOUTHERN','FLORIDA 1'),
('32168','NEW SMYRNA BEACH','NEW SMYRNA BEACH','FL','SOUTHERN','FLORIDA 1'),
('32169','NEW SMYRNA BEACH','NEW SMYRNA BEACH','FL','SOUTHERN','FLORIDA 1'),
('32170','CPU CORONADO','NEW SMYRNA BEACH','FL','SOUTHERN','FLORIDA 1'),
('32170','NEW SMYRNA BEACH','NEW SMYRNA BEACH','FL','SOUTHERN','FLORIDA 1'),
('32173','ORMOND BEACH','ORMOND BEACH','FL','SOUTHERN','FLORIDA 1'),
('32174','ORMOND BEACH','ORMOND BEACH','FL','SOUTHERN','FLORIDA 1'),
('32175','ORMOND BEACH BEACHSIDE','ORMOND BEACH','FL','SOUTHERN','FLORIDA 1'),
('32176','ORMOND BEACH BEACHSIDE','ORMOND BEACH','FL','SOUTHERN','FLORIDA 1'),
('32177','PALATKA','PALATKA','FL','SOUTHERN','FLORIDA 1'),
('32178','PALATKA','PALATKA','FL','SOUTHERN','FLORIDA 1'),
('32179','OCKLAWAHA','OCKLAWAHA','FL','SOUTHERN','FLORIDA 1'),
('32180','PIERSON','PIERSON','FL','SOUTHERN','FLORIDA 1'),
('32181','POMONA PARK','POMONA PARK','FL','SOUTHERN','FLORIDA 1'),
('32182','ORANGE SPRINGS','ORANGE SPRINGS','FL','SOUTHERN','FLORIDA 1'),
('32183','OCKLAWAHA','OCKLAWAHA','FL','SOUTHERN','FLORIDA 1'),
('32185','PUTNAM HALL','PUTNAM HALL','FL','SOUTHERN','FLORIDA 1'),
('32187','SAN MATEO','SAN MATEO','FL','SOUTHERN','FLORIDA 1'),
('32189','SATSUMA','SATSUMA','FL','SOUTHERN','FLORIDA 1'),
('32190','PIERSON','PIERSON','FL','SOUTHERN','FLORIDA 1'),
('32190','SEVILLE','SEVILLE','FL','SOUTHERN','FLORIDA 1'),
('32192','SPARR','SPARR','FL','SOUTHERN','FLORIDA 1'),
('32193','WELAKA','WELAKA','FL','SOUTHERN','FLORIDA 1'),
('32195','WEIRSDALE','WEIRSDALE','FL','SOUTHERN','FLORIDA 1'),
('32201','JACKSONVILLE MOWU','JACKSONVILLE','FL','SOUTHERN','FLORIDA 1'),
('32202','GATEWAY CARRIER ANNEX','JACKSONVILLE','FL','SOUTHERN','FLORIDA 1'),
('32203','JACKSONVILLE MOWU','JACKSONVILLE','FL','SOUTHERN','FLORIDA 1'),
('32204','MURRAY HILL','JACKSONVILLE','FL','SOUTHERN','FLORIDA 1'),
('32205','CPU HERSCHEL GATES CONTRACT','JACKSONVILLE','FL','SOUTHERN','FLORIDA 1'),
('32205','MURRAY HILL','JACKSONVILLE','FL','SOUTHERN','FLORIDA 1'),
('32206','GATEWAY CARRIER ANNEX','JACKSONVILLE','FL','SOUTHERN','FLORIDA 1'),
('32206','SPRINGFIELD','JACKSONVILLE','FL','SOUTHERN','FLORIDA 1');

INSERT INTO us_locations (zip_code, locale_name, city, state, area_name, district_name) VALUES
('32207','SOUTH JACKSONVILLE','JACKSONVILLE','FL','SOUTHERN','FLORIDA 1'),
('32208','LAKE FOREST','JACKSONVILLE','FL','SOUTHERN','FLORIDA 1'),
('32209','CARVER','JACKSONVILLE','FL','SOUTHERN','FLORIDA 1'),
('32210','LAKE SHORE','JACKSONVILLE','FL','SOUTHERN','FLORIDA 1'),
('32211','ARLINGTON','JACKSONVILLE','FL','SOUTHERN','FLORIDA 1'),
('32212','JACKSONVILLE NAS','JACKSONVILLE','FL','SOUTHERN','FLORIDA 1'),
('32212','WESTLAND','JACKSONVILLE','FL','SOUTHERN','FLORIDA 1'),
('32216','CPU SO UNIVERSITY HALLIDAY','JACKSONVILLE','FL','SOUTHERN','FLORIDA 1'),
('32216','POTTSBURG','JACKSONVILLE','FL','SOUTHERN','FLORIDA 1'),
('32217','MANDARIN','JACKSONVILLE','FL','SOUTHERN','FLORIDA 1'),
('32218','NORTH JACKSONVILLE','JACKSONVILLE','FL','SOUTHERN','FLORIDA 1'),
('32219','LAKE FOREST','JACKSONVILLE','FL','SOUTHERN','FLORIDA 1'),
('32220','MURRAY HILL','JACKSONVILLE','FL','SOUTHERN','FLORIDA 1'),
('32221','MURRAY HILL','JACKSONVILLE','FL','SOUTHERN','FLORIDA 1'),
('32222','WESTLAND','JACKSONVILLE','FL','SOUTHERN','FLORIDA 1'),
('32223','MANDARIN','JACKSONVILLE','FL','SOUTHERN','FLORIDA 1'),
('32224','ATLANTIC BEACH','ATLANTIC BEACH','FL','SOUTHERN','FLORIDA 1'),
('32225','MONUMENT','JACKSONVILLE','FL','SOUTHERN','FLORIDA 1'),
('32226','NORTH JACKSONVILLE','JACKSONVILLE','FL','SOUTHERN','FLORIDA 1'),
('32227','ATLANTIC BEACH','ATLANTIC BEACH','FL','SOUTHERN','FLORIDA 1'),
('32228','MAYPORT NAVAL STATION','JACKSONVILLE','FL','SOUTHERN','FLORIDA 1'),
('32229','NORTH JACKSONVILLE','JACKSONVILLE','FL','SOUTHERN','FLORIDA 1'),
('32231','JACKSONVILLE MOWU','JACKSONVILLE','FL','SOUTHERN','FLORIDA 1'),
('32232','JACKSONVILLE MOWU','JACKSONVILLE','FL','SOUTHERN','FLORIDA 1'),
('32233','ATLANTIC BEACH','ATLANTIC BEACH','FL','SOUTHERN','FLORIDA 1'),
('32234','BALDWIN','JACKSONVILLE','FL','SOUTHERN','FLORIDA 1'),
('32235','MONUMENT','JACKSONVILLE','FL','SOUTHERN','FLORIDA 1'),
('32236','MURRAY HILL','JACKSONVILLE','FL','SOUTHERN','FLORIDA 1'),
('32238','LAKE SHORE','JACKSONVILLE','FL','SOUTHERN','FLORIDA 1'),
('32239','ARLINGTON','JACKSONVILLE','FL','SOUTHERN','FLORIDA 1'),
('32240','JACKSONVILLE BEACH','JACKSONVILLE BEACH','FL','SOUTHERN','FLORIDA 1'),
('32241','MANDARIN','JACKSONVILLE','FL','SOUTHERN','FLORIDA 1'),
('32244','WESTLAND','JACKSONVILLE','FL','SOUTHERN','FLORIDA 1'),
('32245','POTTSBURG','JACKSONVILLE','FL','SOUTHERN','FLORIDA 1'),
('32246','POTTSBURG','JACKSONVILLE','FL','SOUTHERN','FLORIDA 1'),
('32247','SOUTH JACKSONVILLE','JACKSONVILLE','FL','SOUTHERN','FLORIDA 1'),
('32250','JACKSONVILLE BEACH ANNEX','JACKSONVILLE BEACH','FL','SOUTHERN','FLORIDA 1'),
('32254','MURRAY HILL','JACKSONVILLE','FL','SOUTHERN','FLORIDA 1'),
('32255','SOUTHPOINT','JACKSONVILLE','FL','SOUTHERN','FLORIDA 1'),
('32256','BAYMEADOWS DDC','JACKSONVILLE','FL','SOUTHERN','FLORIDA 1'),
('32257','MANDARIN','JACKSONVILLE','FL','SOUTHERN','FLORIDA 1'),
('32258','BAYMEADOWS DDC','JACKSONVILLE','FL','SOUTHERN','FLORIDA 1'),
('32259','BAYMEADOWS DDC','JACKSONVILLE','FL','SOUTHERN','FLORIDA 1'),
('32260','NW SAINT JOHNS','SAINT JOHNS','FL','SOUTHERN','FLORIDA 1'),
('32266','ATLANTIC BEACH','ATLANTIC BEACH','FL','SOUTHERN','FLORIDA 1'),
('32277','ARLINGTON','JACKSONVILLE','FL','SOUTHERN','FLORIDA 1'),
('32301','LEON','TALLAHASSEE','FL','SOUTHERN','FLORIDA 1'),
('32302','PARK AVENUE','TALLAHASSEE','FL','SOUTHERN','FLORIDA 1'),
('32303','LAKE JACKSON','TALLAHASSEE','FL','SOUTHERN','FLORIDA 1'),
('32304','WESTSIDE','TALLAHASSEE','FL','SOUTHERN','FLORIDA 1');

