INSERT INTO us_locations (zip_code, locale_name, city, state, area_name, district_name) VALUES
('25410','HARPERS FERRY','HARPERS FERRY','WV','CENTRAL','KY-WV'),
('25440','BUNKER HILL','BUNKER HILL','WV','CENTRAL','KY-WV'),
('25572','ALKOL','ALKOL','WV','CENTRAL','KY-WV'),
('25665','CHATTAROY','CHATTAROY','WV','CENTRAL','KY-WV'),
('25686','RED JACKET','RED JACKET','WV','CENTRAL','KY-WV'),
('25770','HUNTINGTON','HUNTINGTON','WV','CENTRAL','KY-WV'),
('25771','HUNTINGTON','HUNTINGTON','WV','CENTRAL','KY-WV'),
('25833','SCARBRO','SCARBRO','WV','CENTRAL','KY-WV'),
('25860','BECKLEY','BECKLEY','WV','CENTRAL','KY-WV'),
('25913','MC GRAWS','MC GRAWS','WV','CENTRAL','KY-WV'),
('26219','FRENCH CREEK','FRENCH CREEK','WV','CENTRAL','KY-WV'),
('26502','MORGANTOWN','MORGANTOWN','WV','CENTRAL','KY-WV'),
('26561','MANNINGTON','MANNINGTON','WV','CENTRAL','KY-WV'),
('26586','FAIRMONT','FAIRMONT','WV','CENTRAL','KY-WV'),
('27031','MOUNT AIRY','MOUNT AIRY','NC','ATLANTIC','NORTH CAROLINA'),
('27108','WINSTON SALEM','WINSTON SALEM','NC','ATLANTIC','NORTH CAROLINA'),
('27109','WINSTON SALEM','WINSTON SALEM','NC','ATLANTIC','NORTH CAROLINA'),
('27237','SANFORD','SANFORD','NC','ATLANTIC','NORTH CAROLINA'),
('27495','GREENSBORO','GREENSBORO','NC','ATLANTIC','NORTH CAROLINA'),
('27531','GOLDSBORO','GOLDSBORO','NC','ATLANTIC','NORTH CAROLINA'),
('27625','RALEIGH','RALEIGH','NC','ATLANTIC','NORTH CAROLINA'),
('27676','RALEIGH','RALEIGH','NC','ATLANTIC','NORTH CAROLINA'),
('27706','DURHAM','DURHAM','NC','ATLANTIC','NORTH CAROLINA'),
('27930','HERTFORD','HERTFORD','NC','ATLANTIC','NORTH CAROLINA'),
('28035','DAVIDSON','DAVIDSON','NC','ATLANTIC','NORTH CAROLINA'),
('28244','CHARLOTTE','CHARLOTTE','NC','ATLANTIC','NORTH CAROLINA'),
('28246','CHARLOTTE','CHARLOTTE','NC','ATLANTIC','NORTH CAROLINA'),
('28254','CHARLOTTE','CHARLOTTE','NC','ATLANTIC','NORTH CAROLINA'),
('28260','CHARLOTTE','CHARLOTTE','NC','ATLANTIC','NORTH CAROLINA'),
('28265','CHARLOTTE','CHARLOTTE','NC','ATLANTIC','NORTH CAROLINA'),
('28275','CHARLOTTE','CHARLOTTE','NC','ATLANTIC','NORTH CAROLINA'),
('28280','CHARLOTTE','CHARLOTTE','NC','ATLANTIC','NORTH CAROLINA'),
('28281','CHARLOTTE','CHARLOTTE','NC','ATLANTIC','NORTH CAROLINA'),
('28282','CHARLOTTE','CHARLOTTE','NC','ATLANTIC','NORTH CAROLINA'),
('28284','CHARLOTTE','CHARLOTTE','NC','ATLANTIC','NORTH CAROLINA'),
('28285','CHARLOTTE','CHARLOTTE','NC','ATLANTIC','NORTH CAROLINA'),
('28287','CHARLOTTE','CHARLOTTE','NC','ATLANTIC','NORTH CAROLINA'),
('28308','FAYETTEVILLE','FAYETTEVILLE','NC','ATLANTIC','NORTH CAROLINA'),
('28319','ORRUM','ORRUM','NC','ATLANTIC','NORTH CAROLINA'),
('28407','WILMINGTON','WILMINGTON','NC','ATLANTIC','NORTH CAROLINA'),
('28533','HAVELOCK','HAVELOCK','NC','ATLANTIC','NORTH CAROLINA'),
('28542','JACKSONVILLE','JACKSONVILLE','NC','ATLANTIC','NORTH CAROLINA'),
('28545','JACKSONVILLE','JACKSONVILLE','NC','ATLANTIC','NORTH CAROLINA'),
('28810','ASHEVILLE','ASHEVILLE','NC','ATLANTIC','NORTH CAROLINA'),
('29132','WINNSBORO','WINNSBORO','SC','SOUTHERN','SOUTH CAROLINA'),
('29143','GABLE','GABLE','SC','SOUTHERN','SOUTH CAROLINA'),
('29222','COLUMBIA','COLUMBIA','SC','SOUTHERN','SOUTH CAROLINA'),
('29228','COLUMBIA','COLUMBIA','SC','SOUTHERN','SOUTH CAROLINA'),
('29292','COLUMBIA','COLUMBIA','SC','SOUTHERN','SOUTH CAROLINA'),
('29433','WALTERBORO','WALTERBORO','SC','SOUTHERN','SOUTH CAROLINA');

INSERT INTO us_locations (zip_code, locale_name, city, state, area_name, district_name) VALUES
('29447','SAINT GEORGE','SAINT GEORGE','SC','SOUTHERN','SOUTH CAROLINA'),
('29724','RICHBURG','RICHBURG','SC','SOUTHERN','SOUTH CAROLINA'),
('29734','ROCK HILL','ROCK HILL','SC','SOUTHERN','SOUTH CAROLINA'),
('29913','HAMPTON','HAMPTON','SC','SOUTHERN','SOUTH CAROLINA'),
('29914','SEABROOK','SEABROOK','SC','SOUTHERN','SOUTH CAROLINA'),
('29939','ESTILL','ESTILL','SC','SOUTHERN','SOUTH CAROLINA'),
('30026','DULUTH','DULUTH','GA','SOUTHERN','GEORGIA'),
('30090','MARIETTA','MARIETTA','GA','SOUTHERN','GEORGIA'),
('30098','DULUTH','DULUTH','GA','SOUTHERN','GEORGIA'),
('30138','ESOM HILL','ESOM HILL','GA','SOUTHERN','GEORGIA'),
('30149','ROME','ROME','GA','SOUTHERN','GEORGIA'),
('30304','ATLANTA','ATLANTA','GA','SOUTHERN','GEORGIA'),
('30334','ATLANTA','ATLANTA','GA','SOUTHERN','GEORGIA'),
('30369','ATLANTA','ATLANTA','GA','SOUTHERN','GEORGIA'),
('30370','ATLANTA','ATLANTA','GA','SOUTHERN','GEORGIA'),
('30371','ATLANTA','ATLANTA','GA','SOUTHERN','GEORGIA'),
('30378','ATLANTA','ATLANTA','GA','SOUTHERN','GEORGIA'),
('30392','ATLANTA','ATLANTA','GA','SOUTHERN','GEORGIA'),
('30394','ATLANTA','ATLANTA','GA','SOUTHERN','GEORGIA'),
('30598','TOCCOA','TOCCOA','GA','SOUTHERN','GEORGIA'),
('31314','HINESVILLE','HINESVILLE','GA','SOUTHERN','GEORGIA'),
('31421','SAVANNAH','SAVANNAH','GA','SOUTHERN','GEORGIA'),
('32099','JACKSONVILLE','JACKSONVILLE','FL','SOUTHERN','FLORIDA 1'),
('32149','INTERLACHEN','INTERLACHEN','FL','SOUTHERN','FLORIDA 1'),
('32335','HOSFORD','HOSFORD','FL','SOUTHERN','FLORIDA 1'),
('32410','PORT SAINT JOE','PORT SAINT JOE','FL','SOUTHERN','FLORIDA 1'),
('32434','DEFUNIAK SPRINGS','DEFUNIAK SPRINGS','FL','SOUTHERN','FLORIDA 1'),
('32452','BONIFAY','BONIFAY','FL','SOUTHERN','FLORIDA 1'),
('32537','CRESTVIEW','CRESTVIEW','FL','SOUTHERN','FLORIDA 1'),
('32538','LAUREL HILL','LAUREL HILL','FL','SOUTHERN','FLORIDA 1'),
('32602','GAINESVILLE','GAINESVILLE','FL','SOUTHERN','FLORIDA 1'),
('32722','DELAND','DELAND','FL','SOUTHERN','FLORIDA 1'),
('32745','MID FLORIDA','MID FLORIDA','FL','SOUTHERN','FLORIDA 1'),
('32799','MID FLORIDA','MID FLORIDA','FL','SOUTHERN','FLORIDA 1'),
('32834','ORLANDO','ORLANDO','FL','SOUTHERN','FLORIDA 2'),
('33191','MIAMI','MIAMI','FL','SOUTHERN','FLORIDA 3'),
('33195','MIAMI','MIAMI','FL','SOUTHERN','FLORIDA 3'),
('33198','MIAMI','MIAMI','FL','SOUTHERN','FLORIDA 3'),
('33299','MIAMI','MIAMI','FL','SOUTHERN','FLORIDA 3'),
('33686','TAMPA','TAMPA','FL','SOUTHERN','FLORIDA 2'),
('33730','SAINT PETERSBURG','SAINT PETERSBURG','FL','SOUTHERN','FLORIDA 2'),
('33740','SAINT PETERSBURG','SAINT PETERSBURG','FL','SOUTHERN','FLORIDA 2'),
('34000','APO','MIAMI','FL','OVERSEAS','MILITARY POSTAL SERVMILITARY POSTAL SERVICE'),
('34001','DPO','MIAMI','FL','OVERSEAS','MILITARY POSTAL SERVMILITARY POSTAL SERVICE'),
('34002','DPO','MIAMI','FL','OVERSEAS','MILITARY POSTAL SERVMILITARY POSTAL SERVICE'),
('34004','DPO','MIAMI','FL','OVERSEAS','MILITARY POSTAL SERVMILITARY POSTAL SERVICE'),
('34007','APO','MIAMI','FL','OVERSEAS','MILITARY POSTAL SERVMILITARY POSTAL SERVICE'),
('34008','DPO','MIAMI','FL','OVERSEAS','MILITARY POSTAL SERVMILITARY POSTAL SERVICE'),
('34009','APO','MIAMI','FL','OVERSEAS','MILITARY POSTAL SERVMILITARY POSTAL SERVICE'),
('34010','APO','MIAMI','FL','OVERSEAS','MILITARY POSTAL SERVMILITARY POSTAL SERVICE');

INSERT INTO us_locations (zip_code, locale_name, city, state, area_name, district_name) VALUES
('34011','DPO','MIAMI','FL','OVERSEAS','MILITARY POSTAL SERVMILITARY POSTAL SERVICE'),
('34013','APO','MIAMI','FL','OVERSEAS','MILITARY POSTAL SERVMILITARY POSTAL SERVICE'),
('34020','DPO','MIAMI','FL','OVERSEAS','MILITARY POSTAL SERVMILITARY POSTAL SERVICE'),
('34021','DPO','MIAMI','FL','OVERSEAS','MILITARY POSTAL SERVMILITARY POSTAL SERVICE'),
('34022','DPO','MIAMI','FL','OVERSEAS','MILITARY POSTAL SERVMILITARY POSTAL SERVICE'),
('34023','DPO','MIAMI','FL','OVERSEAS','MILITARY POSTAL SERVMILITARY POSTAL SERVICE'),
('34024','DPO','MIAMI','FL','OVERSEAS','MILITARY POSTAL SERVMILITARY POSTAL SERVICE'),
('34025','DPO','MIAMI','FL','OVERSEAS','MILITARY POSTAL SERVMILITARY POSTAL SERVICE'),
('34030','DPO','MIAMI','FL','OVERSEAS','MILITARY POSTAL SERVMILITARY POSTAL SERVICE'),
('34031','DPO','MIAMI','FL','OVERSEAS','MILITARY POSTAL SERVMILITARY POSTAL SERVICE'),
('34032','DPO','MIAMI','FL','OVERSEAS','MILITARY POSTAL SERVMILITARY POSTAL SERVICE'),
('34033','DPO','MIAMI','FL','OVERSEAS','MILITARY POSTAL SERVMILITARY POSTAL SERVICE'),
('34034','DPO','MIAMI','FL','OVERSEAS','MILITARY POSTAL SERVMILITARY POSTAL SERVICE'),
('34035','DPO','MIAMI','FL','OVERSEAS','MILITARY POSTAL SERVMILITARY POSTAL SERVICE'),
('34036','DPO','MIAMI','FL','OVERSEAS','MILITARY POSTAL SERVMILITARY POSTAL SERVICE'),
('34037','DPO','MIAMI','FL','OVERSEAS','MILITARY POSTAL SERVMILITARY POSTAL SERVICE'),
('34038','APO','MIAMI','FL','OVERSEAS','MILITARY POSTAL SERVMILITARY POSTAL SERVICE'),
('34039','DPO','MIAMI','FL','OVERSEAS','MILITARY POSTAL SERVMILITARY POSTAL SERVICE'),
('34041','DPO','MIAMI','FL','OVERSEAS','MILITARY POSTAL SERVMILITARY POSTAL SERVICE'),
('34042','APO','MIAMI','FL','OVERSEAS','MILITARY POSTAL SERVMILITARY POSTAL SERVICE'),
('34050','APO','MIAMI','FL','OVERSEAS','MILITARY POSTAL SERVMILITARY POSTAL SERVICE'),
('34055','DPO','MIAMI','FL','OVERSEAS','MILITARY POSTAL SERVMILITARY POSTAL SERVICE'),
('34058','APO','MIAMI','FL','OVERSEAS','MILITARY POSTAL SERVMILITARY POSTAL SERVICE'),
('34060','DPO','MIAMI','FL','OVERSEAS','MILITARY POSTAL SERVMILITARY POSTAL SERVICE'),
('34061','APO','MIAMI','FL','OVERSEAS','MILITARY POSTAL SERVMILITARY POSTAL SERVICE'),
('34066','DPO','MIAMI','FL','OVERSEAS','MILITARY POSTAL SERVMILITARY POSTAL SERVICE'),
('34067','DPO','MIAMI','FL','OVERSEAS','MILITARY POSTAL SERVMILITARY POSTAL SERVICE'),
('34068','DPO','MIAMI','FL','OVERSEAS','MILITARY POSTAL SERVMILITARY POSTAL SERVICE'),
('34069','DPO','MIAMI','FL','OVERSEAS','MILITARY POSTAL SERVMILITARY POSTAL SERVICE'),
('34070','DPO','MIAMI','FL','OVERSEAS','MILITARY POSTAL SERVMILITARY POSTAL SERVICE'),
('34071','DPO','MIAMI','FL','OVERSEAS','MILITARY POSTAL SERVMILITARY POSTAL SERVICE'),
('34072','DPO','MIAMI','FL','OVERSEAS','MILITARY POSTAL SERVMILITARY POSTAL SERVICE'),
('34073','DPO','MIAMI','FL','OVERSEAS','MILITARY POSTAL SERVMILITARY POSTAL SERVICE'),
('34078','APO','MIAMI','FL','OVERSEAS','MILITARY POSTAL SERVMILITARY POSTAL SERVICE'),
('34080','APO','MIAMI','FL','OVERSEAS','MILITARY POSTAL SERVMILITARY POSTAL SERVICE'),
('34081','APO','MIAMI','FL','OVERSEAS','MILITARY POSTAL SERVMILITARY POSTAL SERVICE'),
('34082','APO','MIAMI','FL','OVERSEAS','MILITARY POSTAL SERVMILITARY POSTAL SERVICE'),
('34083','APO','MIAMI','FL','OVERSEAS','MILITARY POSTAL SERVMILITARY POSTAL SERVICE'),
('34084','APO','MIAMI','FL','OVERSEAS','MILITARY POSTAL SERVMILITARY POSTAL SERVICE'),
('34085','APO','MIAMI','FL','OVERSEAS','MILITARY POSTAL SERVMILITARY POSTAL SERVICE'),
('34086','APO','MIAMI','FL','OVERSEAS','MILITARY POSTAL SERVMILITARY POSTAL SERVICE'),
('34087','APO','MIAMI','FL','OVERSEAS','MILITARY POSTAL SERVMILITARY POSTAL SERVICE'),
('34088','APO','MIAMI','FL','OVERSEAS','MILITARY POSTAL SERVMILITARY POSTAL SERVICE'),
('34089','APO','MIAMI','FL','OVERSEAS','MILITARY POSTAL SERVMILITARY POSTAL SERVICE'),
('34090','APO','MIAMI','FL','OVERSEAS','MILITARY POSTAL SERVMILITARY POSTAL SERVICE'),
('34091','APO','MIAMI','FL','OVERSEAS','MILITARY POSTAL SERVMILITARY POSTAL SERVICE'),
('34092','APO','MIAMI','FL','OVERSEAS','MILITARY POSTAL SERVMILITARY POSTAL SERVICE'),
('34093','APO','MIAMI','FL','OVERSEAS','MILITARY POSTAL SERVMILITARY POSTAL SERVICE'),
('34094','APO','MIAMI','FL','OVERSEAS','MILITARY POSTAL SERVMILITARY POSTAL SERVICE'),
('34095','APO','MIAMI','FL','OVERSEAS','MILITARY POSTAL SERVMILITARY POSTAL SERVICE');

INSERT INTO us_locations (zip_code, locale_name, city, state, area_name, district_name) VALUES
('34260','MANASOTA','SARASOTA','FL','SOUTHERN','FLORIDA 2'),
('35052','MOODY','MOODY','AL','SOUTHERN','AL-MS'),
('35457','ECHOLA','ECHOLA','AL','SOUTHERN','AL-MS'),
('35751','HOLLYTREE','HOLLYTREE','AL','SOUTHERN','AL-MS'),
('35809','HUNTSVILLE','HUNTSVILLE','AL','SOUTHERN','AL-MS'),
('36039','HARDAWAY','HARDAWAY','AL','SOUTHERN','AL-MS'),
('36062','LUVERNE','LUVERNE','AL','SOUTHERN','AL-MS'),
('36112','MONTGOMERY','MONTGOMERY','AL','SOUTHERN','AL-MS'),
('36114','MONTGOMERY','MONTGOMERY','AL','SOUTHERN','AL-MS'),
('36119','MONTGOMERY','MONTGOMERY','AL','SOUTHERN','AL-MS'),
('36429','EVERGREEN','EVERGREEN','AL','SOUTHERN','AL-MS'),
('36503','ATMORE','ATMORE','AL','SOUTHERN','AL-MS'),
('36745','DEMOPOLIS','DEMOPOLIS','AL','SOUTHERN','AL-MS'),
('36773','ORRVILLE','ORRVILLE','AL','SOUTHERN','AL-MS'),
('37063','BELL BUCKLE','BELL BUCKLE','TN','SOUTHERN','TENNESSEE'),
('37119','PORTLAND','PORTLAND','TN','SOUTHERN','TENNESSEE'),
('37136','NORENE','LEBANON','TN','SOUTHERN','TENNESSEE'),
('37227','NASHVILLE','NASHVILLE','TN','SOUTHERN','TENNESSEE'),
('37232','NASHVILLE','NASHVILLE','TN','SOUTHERN','TENNESSEE'),
('37240','NASHVILLE','NASHVILLE','TN','SOUTHERN','TENNESSEE'),
('37244','NASHVILLE','NASHVILLE','TN','SOUTHERN','TENNESSEE'),
('37304','SALE CREEK','SALE CREEK','TN','SOUTHERN','TENNESSEE'),
('37389','TULLAHOMA','TULLAHOMA','TN','SOUTHERN','TENNESSEE'),
('37614','JOHNSON CITY','JOHNSON CITY','TN','SOUTHERN','TENNESSEE'),
('37733','ELGIN','ELGIN','TN','SOUTHERN','TENNESSEE'),
('37778','MORRISTOWN','MORRISTOWN','TN','SOUTHERN','TENNESSEE'),
('37851','CLAIRFIELD','CLAIRFIELD','TN','SOUTHERN','TENNESSEE'),
('38045','SOMERVILLE','SOMERVILLE','TN','SOUTHERN','TENNESSEE'),
('38254','SAMBURG','SAMBURG','TN','SOUTHERN','TENNESSEE'),
('38331','TRENTON','TRENTON','TN','SOUTHERN','TENNESSEE'),
('38336','GADSDEN','GADSDEN','TN','SOUTHERN','TENNESSEE'),
('38377','HENDERSON','HENDERSON','TN','SOUTHERN','TENNESSEE'),
('38677','OXFORD','OXFORD','MS','SOUTHERN','AL-MS'),
('38733','CLEVELAND','CLEVELAND','MS','SOUTHERN','AL-MS'),
('38875','TREBLOC','TREBLOC','MS','SOUTHERN','AL-MS'),
('38913','BRUCE','BRUCE','MS','SOUTHERN','AL-MS'),
('38949','BRUCE','BRUCE','MS','SOUTHERN','AL-MS'),
('38959','ITTA BENA','ITTA BENA','MS','SOUTHERN','AL-MS'),
('38960','GRENADA','GRENADA','MS','SOUTHERN','AL-MS'),
('39632','MAGNOLIA','MAGNOLIA','MS','SOUTHERN','AL-MS'),
('40041','MASONIC HOME','MASONIC HOME','KY','CENTRAL','KY-WV'),
('40049','NERINX','NERINX','KY','CENTRAL','KY-WV'),
('40061','SAINT CATHARINE','SAINT CATHARINE','KY','CENTRAL','KY-WV'),
('40122','FORT KNOX','FORT KNOX','KY','CENTRAL','KY-WV'),
('40171','HARDINSBURG','HARDINSBURG','KY','CENTRAL','KY-WV'),
('40261','LOUISVILLE','LOUISVILLE','KY','CENTRAL','KY-WV'),
('40488','MC KEE','MC KEE','KY','CENTRAL','KY-WV'),
('40603','FRANKFORT','FRANKFORT','KY','CENTRAL','KY-WV'),
('40724','LONDON','LONDON','KY','CENTRAL','KY-WV'),
('40816','BLEDSOE','BLEDSOE','KY','CENTRAL','KY-WV');

INSERT INTO us_locations (zip_code, locale_name, city, state, area_name, district_name) VALUES
('40818','HARLAN','HARLAN','KY','CENTRAL','KY-WV'),
('40830','HARLAN','HARLAN','KY','CENTRAL','KY-WV'),
('40845','PINEVILLE','PINEVILLE','KY','CENTRAL','KY-WV'),
('40858','HARLAN','HARLAN','KY','CENTRAL','KY-WV'),
('40946','BARBOURVILLE','BARBOURVILLE','KY','CENTRAL','KY-WV'),
('40951','HIMA','HIMA','KY','CENTRAL','KY-WV'),
('40953','GRAY','GRAY','KY','CENTRAL','KY-WV'),
('40958','PINEVILLE','PINEVILLE','KY','CENTRAL','KY-WV'),
('40964','HARLAN','HARLAN','KY','CENTRAL','KY-WV'),
('40997','FLAT LICK','FLAT LICK','KY','CENTRAL','KY-WV'),
('41037','EWING','EWING','KY','CENTRAL','KY-WV'),
('41053','MORNING VIEW','MORNING VIEW','KY','CENTRAL','KY-WV'),
('41054','WILLIAMSTOWN','WILLIAMSTOWN','KY','CENTRAL','KY-WV'),
('41061','BROOKSVILLE','BROOKSVILLE','KY','CENTRAL','KY-WV'),
('41062','AUGUSTA','AUGUSTA','KY','CENTRAL','KY-WV'),
('41160','BLAINE','BLAINE','KY','CENTRAL','KY-WV'),
('41226','BLAINE','BLAINE','KY','CENTRAL','KY-WV'),
('41347','BEATTYVILLE','BEATTYVILLE','KY','CENTRAL','KY-WV'),
('41477','WEST LIBERTY','WEST LIBERTY','KY','CENTRAL','KY-WV'),
('41526','FORDS BRANCH','FORDS BRANCH','KY','CENTRAL','KY-WV'),
('41563','JENKINS','JENKINS','KY','CENTRAL','KY-WV'),
('41612','MELVIN','MELVIN','KY','CENTRAL','KY-WV'),
('41859','KITE','KITE','KY','CENTRAL','KY-WV'),
('41861','PIPPA PASSES','PIPPA PASSES','KY','CENTRAL','KY-WV'),
('42070','MILBURN','ARLINGTON','KY','CENTRAL','KY-WV'),
('42124','SUMMER SHADE','SUMMER SHADE','KY','CENTRAL','KY-WV'),
('42128','BOWLING GREEN','BOWLING GREEN','KY','CENTRAL','KY-WV'),
('42130','SUMMER SHADE','SUMMER SHADE','KY','CENTRAL','KY-WV'),
('42151','TOMPKINSVILLE','TOMPKINSVILLE','KY','CENTRAL','KY-WV'),
('42338','HARTFORD','HARTFORD','KY','CENTRAL','KY-WV'),
('42361','FORDSVILLE','FORDSVILLE','KY','CENTRAL','KY-WV'),
('42364','HAWESVILLE','HAWESVILLE','KY','CENTRAL','KY-WV'),
('42377','CALHOUN','CALHOUN','KY','CENTRAL','KY-WV'),
('42402','BASKETT','BASKETT','KY','CENTRAL','KY-WV'),
('42516','SCIENCE HILL','SCIENCE HILL','KY','CENTRAL','KY-WV'),
('42565','WINDSOR','WINDSOR','KY','CENTRAL','KY-WV'),
('42720','CANE VALLEY','CANE VALLEY','KY','CENTRAL','KY-WV'),
('42741','BREEDING','BREEDING','KY','CENTRAL','KY-WV'),
('42742','COLUMBIA','COLUMBIA','KY','CENTRAL','KY-WV'),
('43027','HOMER','HOMER','OH','CENTRAL','OHIO 2'),
('43165','GROVEPORT','GROVEPORT','OH','CENTRAL','OHIO 2'),
('43335','CALEDONIA','CALEDONIA','OH','CENTRAL','OHIO 2'),
('43405','TOLEDO','TOLEDO','OH','CENTRAL','OHIO 1'),
('43601','TOLEDO','TOLEDO','OH','CENTRAL','OHIO 1'),
('43736','QUAKER CITY','QUAKER CITY','OH','CENTRAL','OHIO 2'),
('43738','EAST FULTONHAM','EAST FULTONHAM','OH','CENTRAL','OHIO 2'),
('43828','COSHOCTON','COSHOCTON','OH','CENTRAL','OHIO 2'),
('44243','KENT','KENT','OH','CENTRAL','OHIO 1'),
('44492','LISBON','LISBON','OH','CENTRAL','OHIO 1'),
('44679','UHRICHSVILLE','UHRICHSVILLE','OH','CENTRAL','OHIO 1');

INSERT INTO us_locations (zip_code, locale_name, city, state, area_name, district_name) VALUES
('45004','HAMILTON','HAMILTON','OH','CENTRAL','OHIO 2'),
('45051','NORTH BEND','NORTH BEND','OH','CENTRAL','OHIO 2'),
('45114','WILMINGTON','WILMINGTON','OH','CENTRAL','OHIO 2'),
('45234','CINCINNATI','CINCINNATI','OH','CENTRAL','OHIO 2'),
('45235','CINCINNATI','CINCINNATI','OH','CENTRAL','OHIO 2'),
('45479','DAYTON','DAYTON','OH','CENTRAL','OHIO 2'),
('45633','KINGSTON','KINGSTON','OH','CENTRAL','OHIO 2'),
('45675','IRONTON','IRONTON','OH','CENTRAL','OHIO 2'),
('45717','NELSONVILLE','NELSONVILLE','OH','CENTRAL','OHIO 2'),
('45721','BEVERLY','BEVERLY','OH','CENTRAL','OHIO 2'),
('45777','AMESVILLE','AMESVILLE','OH','CENTRAL','OHIO 2'),
('45838','VENEDOCIA','VENEDOCIA','OH','CENTRAL','OHIO 1'),
('46014','ANDERSON','ANDERSON','IN','CENTRAL','INDIANA'),
('46129','FOUNTAINTOWN','FOUNTAINTOWN','IN','CENTRAL','INDIANA'),
('46245','INDIANAPOLIS','INDIANAPOLIS','IN','CENTRAL','INDIANA'),
('46355','LEROY','LEROY','IN','CENTRAL','INDIANA'),
('46380','WHEATFIELD','WHEATFIELD','IN','CENTRAL','INDIANA'),
('46912','ROCHESTER','ROCHESTER','IN','CENTRAL','INDIANA'),
('46935','KEWANNA','KEWANNA','IN','CENTRAL','INDIANA'),
('46971','PERU','PERU','IN','CENTRAL','INDIANA'),
('46995','KOKOMO','KOKOMO','IN','CENTRAL','INDIANA'),
('47104','CHARLESTOWN','CHARLESTOWN','IN','CENTRAL','INDIANA'),
('47160','ELIZABETH','ELIZABETH','IN','CENTRAL','INDIANA'),
('47190','JEFFERSONVILLE','JEFFERSONVILLE','IN','CENTRAL','INDIANA'),
('47249','FREETOWN','FREETOWN','IN','CENTRAL','INDIANA'),
('47556','DALE','DALE','IN','CENTRAL','INDIANA'),
('47683','OAKLAND CITY','OAKLAND CITY','IN','CENTRAL','INDIANA'),
('47865','PAXTON','CARLISLE','IN','CENTRAL','INDIANA'),
('47907','LAFAYETTE','LAFAYETTE','IN','CENTRAL','INDIANA'),
('47962','BROOKSTON','BROOKSTON','IN','CENTRAL','INDIANA'),
('47988','HILLSBORO','HILLSBORO','IN','CENTRAL','INDIANA'),
('48055','PONTIAC','PONTIAC','MI','CENTRAL','MICHIGAN 1'),
('48110','MONROE','MONROE','MI','CENTRAL','MICHIGAN 1'),
('48115','SALINE','SALINE','MI','CENTRAL','MICHIGAN 1'),
('48233','DETROIT','DETROIT','MI','CENTRAL','MICHIGAN 1'),
('48887','BELDING','BELDING','MI','CENTRAL','MICHIGAN 2'),
('48924','LANSING','LANSING','MI','CENTRAL','MICHIGAN 2'),
('49039','COLOMA','COLOMA','MI','CENTRAL','MICHIGAN 2'),
('49257','SOMERSET CENTER','SOMERSET CENTER','MI','CENTRAL','MICHIGAN 1'),
('49281','CEMENT CITY','CEMENT CITY','MI','CENTRAL','MICHIGAN 1'),
('49599','GRAND RAPIDS','GRAND RAPIDS','MI','CENTRAL','MICHIGAN 2'),
('49711','CHARLEVOIX','CHARLEVOIX','MI','CENTRAL','MICHIGAN 2'),
('49826','EBEN JUNCTION','EBEN JUNCTION','MI','CENTRAL','MICHIGAN 2'),
('49865','ISHPEMING','ISHPEMING','MI','CENTRAL','MICHIGAN 2'),
('49942','CALUMET','CALUMET','MI','CENTRAL','MICHIGAN 2'),
('50043','ALDEN','ALDEN','IA','CENTRAL','IA-NE-SD'),
('50307','DES MOINES','DES MOINES','IA','CENTRAL','IA-NE-SD'),
('50308','DES MOINES','DES MOINES','IA','CENTRAL','IA-NE-SD'),
('50318','DES MOINES','DES MOINES','IA','CENTRAL','IA-NE-SD'),
('50319','DES MOINES','DES MOINES','IA','CENTRAL','IA-NE-SD');

INSERT INTO us_locations (zip_code, locale_name, city, state, area_name, district_name) VALUES
('50333','DES MOINES','DES MOINES','IA','CENTRAL','IA-NE-SD'),
('50394','DES MOINES','DES MOINES','IA','CENTRAL','IA-NE-SD'),
('50395','DES MOINES','DES MOINES','IA','CENTRAL','IA-NE-SD'),
('50521','BURNSIDE','BURNSIDE','IA','CENTRAL','IA-NE-SD'),
('50552','MANSON','MANSON','IA','CENTRAL','IA-NE-SD'),
('50661','NEW HAMPTON','NEW HAMPTON','IA','CENTRAL','IA-NE-SD'),
('51432','HALBUR','HALBUR','IA','CENTRAL','IA-NE-SD'),
('51550','LOGAN','LOGAN','IA','CENTRAL','IA-NE-SD'),
('51591','RED OAK','RED OAK','IA','CENTRAL','IA-NE-SD'),
('52242','IOWA CITY','IOWA CITY','IA','CENTRAL','IA-NE-SD'),
('52557','FAIRFIELD','FAIRFIELD','IA','CENTRAL','IA-NE-SD'),
('52642','MOUNT PLEASANT','MOUNT PLEASANT','IA','CENTRAL','IA-NE-SD'),
('53102','TREVOR','TREVOR','WI','CENTRAL','WISCONSIN'),
('53542','ORFORDVILLE','ORFORDVILLE','WI','CENTRAL','WISCONSIN'),
('54226','MAPLEWOOD','MAPLEWOOD','WI','CENTRAL','WISCONSIN'),
('54764','MONDOVI','MONDOVI','WI','CENTRAL','WISCONSIN'),
('54816','MASON','MASON','WI','CENTRAL','WISCONSIN'),
('55078','STACY','STACY','MN','CENTRAL','MN-ND'),
('55131','SAINT PAUL','SAINT PAUL','MN','CENTRAL','MN-ND'),
('55470','MINNEAPOLIS','MINNEAPOLIS','MN','CENTRAL','MN-ND'),
('55599','LORETTO','LORETTO','MN','CENTRAL','MN-ND'),
('55730','GRAND RAPIDS','GRAND RAPIDS','MN','CENTRAL','MN-ND'),
('55814','DULUTH','DULUTH','MN','CENTRAL','MN-ND'),
('55815','DULUTH','DULUTH','MN','CENTRAL','MN-ND'),
('56047','WINNEBAGO','WINNEBAGO','MN','CENTRAL','MN-ND'),
('56084','NEW ULM','NEW ULM','MN','CENTRAL','MN-ND'),
('56140','PIPESTONE','PIPESTONE','MN','CENTRAL','MN-ND'),
('56397','SAINT CLOUD','SAINT CLOUD','MN','CENTRAL','MN-ND'),
('56398','SAINT CLOUD','SAINT CLOUD','MN','CENTRAL','MN-ND'),
('56436','WALKER','WALKER','MN','CENTRAL','MN-ND'),
('56562','MOORHEAD','MOORHEAD','MN','CENTRAL','MN-ND'),
('56563','MOORHEAD','MOORHEAD','MN','CENTRAL','MN-ND'),
('56577','DETROIT LAKES','DETROIT LAKES','MN','CENTRAL','MN-ND'),
('56687','SOLWAY','SOLWAY','MN','CENTRAL','MN-ND'),
('58202','GRAND FORKS','GRAND FORKS','ND','CENTRAL','MN-ND'),
('58205','GRAND FORKS','GRAND FORKS','ND','CENTRAL','MN-ND'),
('58505','BISMARCK','BISMARCK','ND','CENTRAL','MN-ND'),
('58705','MINOT','MINOT','ND','CENTRAL','MN-ND'),
('59073','ROUNDUP','ROUNDUP','MT','WESTPAC','ID-MT-OR'),
('59402','GREAT FALLS','GREAT FALLS','MT','WESTPAC','ID-MT-OR'),
('59620','HELENA','HELENA','MT','WESTPAC','ID-MT-OR'),
('59626','HELENA','HELENA','MT','WESTPAC','ID-MT-OR'),
('59835','HAMILTON','HAMILTON','MT','WESTPAC','ID-MT-OR'),
('59921','WEST GLACIER','WEST GLACIER','MT','WESTPAC','ID-MT-OR'),
('60037','HIGHLAND PARK','HIGHLAND PARK','IL','CENTRAL','ILLINOIS 1'),
('60199','CAROL STREAM','CAROL STREAM','IL','CENTRAL','ILLINOIS 1'),
('60599','FOX VALLEY','FOX VALLEY','IL','CENTRAL','ILLINOIS 2'),
('60681','CHICAGO','CHICAGO','IL','CENTRAL','ILLINOIS 1'),
('60699','CHICAGO','CHICAGO','IL','CENTRAL','ILLINOIS 1'),
('60701','CHICAGO','CHICAGO','IL','CENTRAL','ILLINOIS 1');

INSERT INTO us_locations (zip_code, locale_name, city, state, area_name, district_name) VALUES
('61758','MERNA','MERNA','IL','CENTRAL','ILLINOIS 2'),
('62098','WRIGHTS','WRIGHTS','IL','CENTRAL','ILLINOIS 2'),
('62259','CHESTER','CHESTER','IL','CENTRAL','ILLINOIS 2'),
('62329','NIOTA','NIOTA','IL','CENTRAL','ILLINOIS 2'),
('62659','PETERSBURG','PETERSBURG','IL','CENTRAL','ILLINOIS 2'),
('62660','JACKSONVILLE','JACKSONVILLE','IL','CENTRAL','ILLINOIS 2'),
('62662','WAVERLY','WAVERLY','IL','CENTRAL','ILLINOIS 2'),
('62683','MODESTO','MODESTO','IL','CENTRAL','ILLINOIS 2'),
('62829','MC LEANSBORO','MC LEANSBORO','IL','CENTRAL','ILLINOIS 2'),
('62834','CARMI','CARMI','IL','CENTRAL','ILLINOIS 2'),
('62840','FRANKFORT HEIGHTS','FRANKFORT HEIGHTS','IL','CENTRAL','ILLINOIS 2'),
('62866','BONNIE','BONNIE','IL','CENTRAL','ILLINOIS 2'),
('62973','ULLIN','ULLIN','IL','CENTRAL','ILLINOIS 2'),
('62993','TAMMS','TAMMS','IL','CENTRAL','ILLINOIS 2'),
('63045','HAZELWOOD','HAZELWOOD','MO','CENTRAL','KS-MO'),
('63057','LIGUORI','LIGUORI','MO','CENTRAL','KS-MO'),
('63061','LONEDELL','LONEDELL','MO','CENTRAL','KS-MO'),
('63140','SAINT LOUIS','SAINT LOUIS','MO','CENTRAL','KS-MO'),
('63155','SAINT LOUIS','SAINT LOUIS','MO','CENTRAL','KS-MO'),
('63180','SAINT LOUIS','SAINT LOUIS','MO','CENTRAL','KS-MO'),
('63370','SILEX','SILEX','MO','CENTRAL','KS-MO'),
('63378','TRELOAR','TRELOAR','MO','CENTRAL','KS-MO'),
('63431','CLARENCE','CLARENCE','MO','CENTRAL','KS-MO'),
('63632','MARQUAND','MARQUAND','MO','CENTRAL','KS-MO'),
('63666','ELLINGTON','ELLINGTON','MO','CENTRAL','KS-MO'),
('63742','CAPE GIRARDEAU','CAPE GIRARDEAU','MO','CENTRAL','KS-MO'),
('63745','CHAFFEE','CHAFFEE','MO','CENTRAL','KS-MO'),
('63776','PERRYVILLE','PERRYVILLE','MO','CENTRAL','KS-MO'),
('63875','HORNERSVILLE','HORNERSVILLE','MO','CENTRAL','KS-MO'),
('63881','SIKESTON','SIKESTON','MO','CENTRAL','KS-MO'),
('63931','DONIPHAN','DONIPHAN','MO','CENTRAL','KS-MO'),
('64073','EXCELSIOR SPRINGS','EXCELSIOR SPRINGS','MO','CENTRAL','KS-MO'),
('64101','KANSAS CITY','KANSAS CITY','MO','CENTRAL','KS-MO'),
('64191','KANSAS CITY','KANSAS CITY','MO','CENTRAL','KS-MO'),
('64199','KANSAS CITY','KANSAS CITY','MO','CENTRAL','KS-MO'),
('64654','CHILLICOTHE','CHILLICOTHE','MO','CENTRAL','KS-MO'),
('64680','NORBORNE','NORBORNE','MO','CENTRAL','KS-MO'),
('64766','LAMAR','LAMAR','MO','CENTRAL','KS-MO'),
('64853','STARK CITY','STARK CITY','MO','CENTRAL','KS-MO'),
('65036','MORRISON','MORRISON','MO','CENTRAL','KS-MO'),
('65299','COLUMBIA','COLUMBIA','MO','CENTRAL','KS-MO'),
('65546','BIRCH TREE','BIRCH TREE','MO','CENTRAL','KS-MO'),
('65607','STOCKTON','STOCKTON','MO','CENTRAL','KS-MO'),
('65623','CASSVILLE','CASSVILLE','MO','CENTRAL','KS-MO'),
('65645','MORRISVILLE','MORRISVILLE','MO','CENTRAL','KS-MO'),
('65817','SPRINGFIELD','SPRINGFIELD','MO','CENTRAL','KS-MO'),
('66251','SHAWNEE MISSION','MISSION','KS','CENTRAL','KS-MO'),
('66426','WESTMORELAND','WESTMORELAND','KS','CENTRAL','KS-MO'),
('66506','MANHATTAN','MANHATTAN','KS','CENTRAL','KS-MO'),
('66621','TOPEKA','TOPEKA','KS','CENTRAL','KS-MO');

INSERT INTO us_locations (zip_code, locale_name, city, state, area_name, district_name) VALUES
('66624','TOPEKA','TOPEKA','KS','CENTRAL','KS-MO'),
('66778','BAXTER SPRINGS','BAXTER SPRINGS','KS','CENTRAL','KS-MO'),
('67102','DEXTER','DEXTER','KS','CENTRAL','KS-MO'),
('67221','WICHITA','WICHITA','KS','CENTRAL','KS-MO'),
('67276','WICHITA','WICHITA','KS','CENTRAL','KS-MO'),
('67868','GARDEN CITY','GARDEN CITY','KS','CENTRAL','KS-MO'),
('68056','OMAHA','OMAHA','NE','CENTRAL','IA-NE-SD'),
('68119','OMAHA','OMAHA','NE','CENTRAL','IA-NE-SD'),
('68176','OMAHA','OMAHA','NE','CENTRAL','IA-NE-SD'),
('70081','BURAS','BURAS','LA','SOUTHERN','LOUISIANA'),
('70093','BELLE CHASSE','BELLE CHASSE','LA','SOUTHERN','LOUISIANA'),
('70097','KENNER','KENNER','LA','SOUTHERN','LOUISIANA'),
('70139','NEW ORLEANS','NEW ORLEANS','LA','SOUTHERN','LOUISIANA'),
('70145','NEW ORLEANS','NEW ORLEANS','LA','SOUTHERN','LOUISIANA'),
('70146','NEW ORLEANS','NEW ORLEANS','LA','SOUTHERN','LOUISIANA'),
('70163','NEW ORLEANS','NEW ORLEANS','LA','SOUTHERN','LOUISIANA'),
('70170','NEW ORLEANS','NEW ORLEANS','LA','SOUTHERN','LOUISIANA'),
('70352','GIBSON','GIBSON','LA','SOUTHERN','LOUISIANA'),
('70355','MATHEWS','MATHEWS','LA','SOUTHERN','LOUISIANA'),
('70371','THIBODAUX','THIBODAUX','LA','SOUTHERN','LOUISIANA'),
('70421','PONCHATOULA','PONCHATOULA','LA','SOUTHERN','LOUISIANA'),
('70593','LAFAYETTE','LAFAYETTE','LA','SOUTHERN','LOUISIANA'),
('70738','GONZALES','GONZALES','LA','SOUTHERN','LOUISIANA'),
('70792','CONVENT','CONVENT','LA','SOUTHERN','LOUISIANA'),
('70825','BATON ROUGE','BATON ROUGE','LA','SOUTHERN','LOUISIANA'),
('70873','BATON ROUGE','BATON ROUGE','LA','SOUTHERN','LOUISIANA'),
('70893','BATON ROUGE','BATON ROUGE','LA','SOUTHERN','LOUISIANA'),
('70894','BATON ROUGE','BATON ROUGE','LA','SOUTHERN','LOUISIANA'),
('71102','SHREVEPORT','SHREVEPORT','LA','SOUTHERN','LOUISIANA'),
('71150','SHREVEPORT','SHREVEPORT','LA','SOUTHERN','LOUISIANA'),
('71217','MONROE','MONROE','LA','SOUTHERN','LOUISIANA'),
('71365','CENTER POINT','CENTER POINT','LA','SOUTHERN','LOUISIANA'),
('71377','JONESVILLE','JONESVILLE','LA','SOUTHERN','LOUISIANA'),
('71443','LEESVILLE','LEESVILLE','LA','SOUTHERN','LOUISIANA'),
('71920','AMITY','AMITY','AR','SOUTHERN','AR-OK'),
('71966','ODEN','ODEN','AR','SOUTHERN','AR-OK'),
('72158','BENTON','BENTON','AR','SOUTHERN','AR-OK'),
('72295','LITTLE ROCK','LITTLE ROCK','AR','SOUTHERN','AR-OK'),
('72329','WILSON','WILSON','AR','SOUTHERN','AR-OK'),
('72657','TIMBO','TIMBO','AR','SOUTHERN','AR-OK'),
('72659','NORFORK','NORFORK','AR','SOUTHERN','AR-OK'),
('73039','DAVIS','DAVIS','OK','SOUTHERN','AR-OK'),
('73163','OKLAHOMA CITY','OKLAHOMA CITY','OK','SOUTHERN','AR-OK'),
('73164','OKLAHOMA CITY','OKLAHOMA CITY','OK','SOUTHERN','AR-OK'),
('73167','OKLAHOMA CITY','OKLAHOMA CITY','OK','SOUTHERN','AR-OK'),
('73175','OKLAHOMA CITY','OKLAHOMA CITY','OK','SOUTHERN','AR-OK'),
('73178','OKLAHOMA CITY','OKLAHOMA CITY','OK','SOUTHERN','AR-OK'),
('73523','ALTUS','ALTUS','OK','SOUTHERN','AR-OK'),
('73558','LAWTON','LAWTON','OK','SOUTHERN','AR-OK'),
('73561','TERRAL','TERRAL','OK','SOUTHERN','AR-OK');

INSERT INTO us_locations (zip_code, locale_name, city, state, area_name, district_name) VALUES
('73706','ENID','ENID','OK','SOUTHERN','AR-OK'),
('74335','QUAPAW','QUAPAW','OK','SOUTHERN','AR-OK'),
('74439','BRAGGS','BRAGGS','OK','SOUTHERN','AR-OK'),
('74440','WHITEFIELD','WHITEFIELD','OK','SOUTHERN','AR-OK'),
('74461','EUFAULA','EUFAULA','OK','SOUTHERN','AR-OK'),
('75260','DALLAS','DALLAS','TX','SOUTHERN','TEXAS 1'),
('75359','DALLAS','DALLAS','TX','SOUTHERN','TEXAS 1'),
('75398','DALLAS','DALLAS','TX','SOUTHERN','TEXAS 1'),
('75641','LONGVIEW','LONGVIEW','TX','SOUTHERN','TEXAS 1'),
('75834','GROVETON','GROVETON','TX','SOUTHERN','TEXAS 1'),
('76203','DENTON','DENTON','TX','SOUTHERN','TEXAS 1'),
('76204','DENTON','DENTON','TX','SOUTHERN','TEXAS 1'),
('76644','CLIFTON','CLIFTON','TX','SOUTHERN','TEXAS 1'),
('76798','WACO','WACO','TX','SOUTHERN','TEXAS 1'),
('76949','SILVER','SILVER','TX','SOUTHERN','TEXAS 3'),
('77201','HOUSTON','HOUSTON','TX','SOUTHERN','TEXAS 2'),
('77315','NORTH HOUSTON','NORTH HOUSTON','TX','SOUTHERN','TEXAS 2'),
('77337','TOMBALL','TOMBALL','TX','SOUTHERN','TEXAS 2'),
('77349','HUNTSVILLE','HUNTSVILLE','TX','SOUTHERN','TEXAS 2'),
('77710','BEAUMONT','BEAUMONT','TX','SOUTHERN','TEXAS 2'),
('77844','COLLEGE STATION','COLLEGE STATION','TX','SOUTHERN','TEXAS 2'),
('77850','CONCORD','CONCORD','TX','SOUTHERN','TEXAS 2'),
('78001','COTULLA','COTULLA','TX','SOUTHERN','TEXAS 3'),
('78062','KARNES CITY','KARNES CITY','TX','SOUTHERN','TEXAS 3'),
('78150','UNIVERSAL CITY','UNIVERSAL CITY','TX','SOUTHERN','TEXAS 3'),
('78206','SAN ANTONIO','SAN ANTONIO','TX','SOUTHERN','TEXAS 3'),
('78241','SAN ANTONIO','SAN ANTONIO','TX','SOUTHERN','TEXAS 3'),
('78243','SAN ANTONIO','SAN ANTONIO','TX','SOUTHERN','TEXAS 3'),
('78284','SAN ANTONIO','SAN ANTONIO','TX','SOUTHERN','TEXAS 3'),
('78285','SAN ANTONIO','SAN ANTONIO','TX','SOUTHERN','TEXAS 3'),
('78350','MATHIS','MATHIS','TX','SOUTHERN','TEXAS 2'),
('78419','CORPUS CHRISTI','CORPUS CHRISTI','TX','SOUTHERN','TEXAS 2'),
('78598','RAYMONDVILLE','RAYMONDVILLE','TX','SOUTHERN','TEXAS 2'),
('78710','AUSTIN','AUSTIN','TX','SOUTHERN','TEXAS 3'),
('78712','AUSTIN','AUSTIN','TX','SOUTHERN','TEXAS 3'),
('78713','AUSTIN','AUSTIN','TX','SOUTHERN','TEXAS 3'),
('78799','AUSTIN','AUSTIN','TX','SOUTHERN','TEXAS 3'),
('78836','ASHERTON','ASHERTON','TX','SOUTHERN','TEXAS 3'),
('78843','DEL RIO','DEL RIO','TX','SOUTHERN','TEXAS 3'),
('79051','STRATFORD','STRATFORD','TX','SOUTHERN','TEXAS 3'),
('79077','SHAMROCK','SHAMROCK','TX','SOUTHERN','TEXAS 3'),
('79221','LOCKNEY','LOCKNEY','TX','SOUTHERN','TEXAS 3'),
('79223','CHILDRESS','CHILDRESS','TX','SOUTHERN','TEXAS 3'),
('79402','LUBBOCK','LUBBOCK','TX','SOUTHERN','TEXAS 3'),
('79406','LUBBOCK','LUBBOCK','TX','SOUTHERN','TEXAS 3'),
('79516','SNYDER','SNYDER','TX','SOUTHERN','TEXAS 3'),
('79517','FLUVANNA','FLUVANNA','TX','SOUTHERN','TEXAS 3'),
('79910','EL PASO','EL PASO','TX','SOUTHERN','TEXAS 3'),
('79916','EL PASO','EL PASO','TX','SOUTHERN','TEXAS 3'),
('79918','EL PASO','EL PASO','TX','SOUTHERN','TEXAS 3');

