INSERT INTO us_locations (zip_code, locale_name, city, state, area_name, district_name) VALUES
('79080','SKELLYTOWN','SKELLYTOWN','TX','SOUTHERN','TEXAS 3'),
('79081','SPEARMAN','SPEARMAN','TX','SOUTHERN','TEXAS 3'),
('79082','HART','HART','TX','SOUTHERN','TEXAS 3'),
('79082','SPRINGLAKE','SPRINGLAKE','TX','SOUTHERN','TEXAS 3'),
('79083','STINNETT','STINNETT','TX','SOUTHERN','TEXAS 3'),
('79084','STRATFORD','STRATFORD','TX','SOUTHERN','TEXAS 3'),
('79085','FRIONA','FRIONA','TX','SOUTHERN','TEXAS 3'),
('79086','SUNRAY','SUNRAY','TX','SOUTHERN','TEXAS 3'),
('79087','TEXLINE','TEXLINE','TX','SOUTHERN','TEXAS 3'),
('79088','TULIA','TULIA','TX','SOUTHERN','TEXAS 3'),
('79091','UMBARGER','UMBARGER','TX','SOUTHERN','TEXAS 3'),
('79092','VEGA','VEGA','TX','SOUTHERN','TEXAS 3'),
('79093','FARNSWORTH','FARNSWORTH','TX','SOUTHERN','TEXAS 3'),
('79094','HAPPY','HAPPY','TX','SOUTHERN','TEXAS 3'),
('79094','WAYSIDE','WAYSIDE','TX','SOUTHERN','TEXAS 3'),
('79095','WELLINGTON','WELLINGTON','TX','SOUTHERN','TEXAS 3'),
('79096','WHEELER','WHEELER','TX','SOUTHERN','TEXAS 3'),
('79097','WHITE DEER','WHITE DEER','TX','SOUTHERN','TEXAS 3'),
('79098','WILDORADO','WILDORADO','TX','SOUTHERN','TEXAS 3'),
('79101','AMARILLO','AMARILLO','TX','SOUTHERN','TEXAS 3'),
('79102','AMARILLO','AMARILLO','TX','SOUTHERN','TEXAS 3'),
('79103','AMARILLO','AMARILLO','TX','SOUTHERN','TEXAS 3'),
('79104','AMARILLO','AMARILLO','TX','SOUTHERN','TEXAS 3'),
('79105','DOWNTOWN AMARILLO','AMARILLO','TX','SOUTHERN','TEXAS 3'),
('79106','JORDAN','AMARILLO','TX','SOUTHERN','TEXAS 3'),
('79107','AMARILLO','AMARILLO','TX','SOUTHERN','TEXAS 3'),
('79108','AMARILLO','AMARILLO','TX','SOUTHERN','TEXAS 3'),
('79109','LONE STAR','AMARILLO','TX','SOUTHERN','TEXAS 3'),
('79110','LONE STAR','AMARILLO','TX','SOUTHERN','TEXAS 3'),
('79111','AMARILLO','AMARILLO','TX','SOUTHERN','TEXAS 3'),
('79114','LONE STAR','AMARILLO','TX','SOUTHERN','TEXAS 3'),
('79116','SAN JACINTO','AMARILLO','TX','SOUTHERN','TEXAS 3'),
('79117','NORTH AMARILLO','AMARILLO','TX','SOUTHERN','TEXAS 3'),
('79118','LONE STAR','AMARILLO','TX','SOUTHERN','TEXAS 3'),
('79119','JORDAN','AMARILLO','TX','SOUTHERN','TEXAS 3'),
('79120','AMARILLO','AMARILLO','TX','SOUTHERN','TEXAS 3'),
('79121','JORDAN','AMARILLO','TX','SOUTHERN','TEXAS 3'),
('79124','JORDAN','AMARILLO','TX','SOUTHERN','TEXAS 3'),
('79159','JORDAN','AMARILLO','TX','SOUTHERN','TEXAS 3'),
('79189','DOWNTOWN AMARILLO','AMARILLO','TX','SOUTHERN','TEXAS 3'),
('79201','CHILDRESS','CHILDRESS','TX','SOUTHERN','TEXAS 3'),
('79220','ROARING SPRINGS','ROARING SPRINGS','TX','SOUTHERN','TEXAS 3'),
('79225','CHILLICOTHE','CHILLICOTHE','TX','SOUTHERN','TEXAS 3'),
('79226','CLARENDON','CLARENDON','TX','SOUTHERN','TEXAS 3'),
('79227','CROWELL','CROWELL','TX','SOUTHERN','TEXAS 3'),
('79229','DICKENS','DICKENS','TX','SOUTHERN','TEXAS 3'),
('79230','WELLINGTON','WELLINGTON','TX','SOUTHERN','TEXAS 3'),
('79231','DOUGHERTY','DOUGHERTY','TX','SOUTHERN','TEXAS 3'),
('79233','ESTELLINE','ESTELLINE','TX','SOUTHERN','TEXAS 3'),
('79234','QUITAQUE','QUITAQUE','TX','SOUTHERN','TEXAS 3');

INSERT INTO us_locations (zip_code, locale_name, city, state, area_name, district_name) VALUES
('79235','FLOYDADA','FLOYDADA','TX','SOUTHERN','TEXAS 3'),
('79236','GUTHRIE','GUTHRIE','TX','SOUTHERN','TEXAS 3'),
('79237','HEDLEY','HEDLEY','TX','SOUTHERN','TEXAS 3'),
('79239','LAKEVIEW','LAKEVIEW','TX','SOUTHERN','TEXAS 3'),
('79239','MEMPHIS','MEMPHIS','TX','SOUTHERN','TEXAS 3'),
('79240','CLARENDON','CLARENDON','TX','SOUTHERN','TEXAS 3'),
('79241','LOCKNEY','LOCKNEY','TX','SOUTHERN','TEXAS 3'),
('79243','FLOYDADA','FLOYDADA','TX','SOUTHERN','TEXAS 3'),
('79243','MCADOO','MCADOO','TX','SOUTHERN','TEXAS 3'),
('79244','MATADOR','MATADOR','TX','SOUTHERN','TEXAS 3'),
('79245','MEMPHIS','MEMPHIS','TX','SOUTHERN','TEXAS 3'),
('79247','CHILLICOTHE','CHILLICOTHE','TX','SOUTHERN','TEXAS 3'),
('79248','PADUCAH','PADUCAH','TX','SOUTHERN','TEXAS 3'),
('79250','PETERSBURG','PETERSBURG','TX','SOUTHERN','TEXAS 3'),
('79251','WELLINGTON','WELLINGTON','TX','SOUTHERN','TEXAS 3'),
('79252','QUANAH','QUANAH','TX','SOUTHERN','TEXAS 3'),
('79255','QUITAQUE','QUITAQUE','TX','SOUTHERN','TEXAS 3'),
('79256','ROARING SPRINGS','ROARING SPRINGS','TX','SOUTHERN','TEXAS 3'),
('79257','SILVERTON','SILVERTON','TX','SOUTHERN','TEXAS 3'),
('79258','SOUTH PLAINS','SOUTH PLAINS','TX','SOUTHERN','TEXAS 3'),
('79259','TELL','TELL','TX','SOUTHERN','TEXAS 3'),
('79261','QUITAQUE','QUITAQUE','TX','SOUTHERN','TEXAS 3'),
('79261','TURKEY','TURKEY','TX','SOUTHERN','TEXAS 3'),
('79311','ABERNATHY','ABERNATHY','TX','SOUTHERN','TEXAS 3'),
('79312','AMHERST','AMHERST','TX','SOUTHERN','TEXAS 3'),
('79313','ANTON','ANTON','TX','SOUTHERN','TEXAS 3'),
('79314','BLEDSOE','BLEDSOE','TX','SOUTHERN','TEXAS 3'),
('79316','BROWNFIELD','BROWNFIELD','TX','SOUTHERN','TEXAS 3'),
('79322','CROSBYTON','CROSBYTON','TX','SOUTHERN','TEXAS 3'),
('79323','DENVER CITY','DENVER CITY','TX','SOUTHERN','TEXAS 3'),
('79324','ENOCHS','ENOCHS','TX','SOUTHERN','TEXAS 3'),
('79325','FARWELL','FARWELL','TX','SOUTHERN','TEXAS 3'),
('79326','LITTLEFIELD','LITTLEFIELD','TX','SOUTHERN','TEXAS 3'),
('79329','IDALOU','IDALOU','TX','SOUTHERN','TEXAS 3'),
('79330','POST','POST','TX','SOUTHERN','TEXAS 3'),
('79331','LAMESA','LAMESA','TX','SOUTHERN','TEXAS 3'),
('79336','LEVELLAND','LEVELLAND','TX','SOUTHERN','TEXAS 3'),
('79338','LEVELLAND','LEVELLAND','TX','SOUTHERN','TEXAS 3'),
('79339','LITTLEFIELD','LITTLEFIELD','TX','SOUTHERN','TEXAS 3'),
('79342','LOOP','LOOP','TX','SOUTHERN','TEXAS 3'),
('79343','LORENZO','LORENZO','TX','SOUTHERN','TEXAS 3'),
('79344','MORTON','MORTON','TX','SOUTHERN','TEXAS 3'),
('79345','MEADOW','MEADOW','TX','SOUTHERN','TEXAS 3'),
('79346','MORTON','MORTON','TX','SOUTHERN','TEXAS 3'),
('79347','MULESHOE','MULESHOE','TX','SOUTHERN','TEXAS 3'),
('79350','NEW DEAL','NEW DEAL','TX','SOUTHERN','TEXAS 3'),
('79351','ODONNELL','ODONNELL','TX','SOUTHERN','TEXAS 3'),
('79353','LITTLEFIELD','LITTLEFIELD','TX','SOUTHERN','TEXAS 3'),
('79353','PEP','PEP','TX','SOUTHERN','TEXAS 3'),
('79355','PLAINS','PLAINS','TX','SOUTHERN','TEXAS 3');

INSERT INTO us_locations (zip_code, locale_name, city, state, area_name, district_name) VALUES
('79356','POST','POST','TX','SOUTHERN','TEXAS 3'),
('79357','CROSBYTON','CROSBYTON','TX','SOUTHERN','TEXAS 3'),
('79357','RALLS','RALLS','TX','SOUTHERN','TEXAS 3'),
('79358','ROPESVILLE','ROPESVILLE','TX','SOUTHERN','TEXAS 3'),
('79359','SEAGRAVES','SEAGRAVES','TX','SOUTHERN','TEXAS 3'),
('79360','SEMINOLE','SEMINOLE','TX','SOUTHERN','TEXAS 3'),
('79363','SHALLOWATER','SHALLOWATER','TX','SOUTHERN','TEXAS 3'),
('79364','SLATON','SLATON','TX','SOUTHERN','TEXAS 3'),
('79366','SLATON','SLATON','TX','SOUTHERN','TEXAS 3'),
('79367','SMYER','SMYER','TX','SOUTHERN','TEXAS 3'),
('79369','SPADE','SPADE','TX','SOUTHERN','TEXAS 3'),
('79370','SPUR','SPUR','TX','SOUTHERN','TEXAS 3'),
('79371','SUDAN','SUDAN','TX','SOUTHERN','TEXAS 3'),
('79372','SUNDOWN','SUNDOWN','TX','SOUTHERN','TEXAS 3'),
('79373','TAHOKA','TAHOKA','TX','SOUTHERN','TEXAS 3'),
('79376','BROWNFIELD','BROWNFIELD','TX','SOUTHERN','TEXAS 3'),
('79377','LAMESA','LAMESA','TX','SOUTHERN','TEXAS 3'),
('79377','WELCH','WELCH','TX','SOUTHERN','TEXAS 3'),
('79378','WELLMAN','WELLMAN','TX','SOUTHERN','TEXAS 3'),
('79379','WHITEFACE','WHITEFACE','TX','SOUTHERN','TEXAS 3'),
('79380','WHITHARRAL','WHITHARRAL','TX','SOUTHERN','TEXAS 3'),
('79381','SLATON','SLATON','TX','SOUTHERN','TEXAS 3'),
('79381','WILSON','WILSON','TX','SOUTHERN','TEXAS 3'),
('79382','WOLFFORTH','WOLFFORTH','TX','SOUTHERN','TEXAS 3'),
('79383','ORANGE GROVE','ORANGE GROVE','TX','SOUTHERN','TEXAS 3'),
('79401','DOWNTOWN LUBBOCK','LUBBOCK','TX','SOUTHERN','TEXAS 3'),
('79403','DOWNTOWN LUBBOCK','LUBBOCK','TX','SOUTHERN','TEXAS 3'),
('79404','DOWNTOWN LUBBOCK','LUBBOCK','TX','SOUTHERN','TEXAS 3'),
('79407','LOUISVILLE CARRIER ANX','LUBBOCK','TX','SOUTHERN','TEXAS 3'),
('79408','DOWNTOWN LUBBOCK','LUBBOCK','TX','SOUTHERN','TEXAS 3'),
('79409','LUBBOCK','LUBBOCK','TX','SOUTHERN','TEXAS 3'),
('79410','MONTEREY','LUBBOCK','TX','SOUTHERN','TEXAS 3'),
('79411','DOWNTOWN LUBBOCK','LUBBOCK','TX','SOUTHERN','TEXAS 3'),
('79412','MONTEREY','LUBBOCK','TX','SOUTHERN','TEXAS 3'),
('79413','MONTEREY','LUBBOCK','TX','SOUTHERN','TEXAS 3'),
('79414','LOUISVILLE CARRIER ANX','LUBBOCK','TX','SOUTHERN','TEXAS 3'),
('79415','DOWNTOWN LUBBOCK','LUBBOCK','TX','SOUTHERN','TEXAS 3'),
('79416','SUNSET','LUBBOCK','TX','SOUTHERN','TEXAS 3'),
('79423','FREEDOM','LUBBOCK','TX','SOUTHERN','TEXAS 3'),
('79424','SINGER','LUBBOCK','TX','SOUTHERN','TEXAS 3'),
('79452','FREEDOM','LUBBOCK','TX','SOUTHERN','TEXAS 3'),
('79453','CPU MEGARON','LUBBOCK','TX','SOUTHERN','TEXAS 3'),
('79464','SINGER','LUBBOCK','TX','SOUTHERN','TEXAS 3'),
('79490','SUNSET','LUBBOCK','TX','SOUTHERN','TEXAS 3'),
('79493','MONTEREY','LUBBOCK','TX','SOUTHERN','TEXAS 3'),
('79499','CPU WHISPERWOOD MAIL SERVICE','LUBBOCK','TX','SOUTHERN','TEXAS 3'),
('79501','ANSON','ANSON','TX','SOUTHERN','TEXAS 3'),
('79502','ASPERMONT','ASPERMONT','TX','SOUTHERN','TEXAS 3'),
('79503','STAMFORD','STAMFORD','TX','SOUTHERN','TEXAS 3'),
('79504','BAIRD','BAIRD','TX','SOUTHERN','TEXAS 3');

INSERT INTO us_locations (zip_code, locale_name, city, state, area_name, district_name) VALUES
('79505','BENJAMIN','BENJAMIN','TX','SOUTHERN','TEXAS 3'),
('79505','KNOX CITY','KNOX CITY','TX','SOUTHERN','TEXAS 3'),
('79506','BLACKWELL','BLACKWELL','TX','SOUTHERN','TEXAS 3'),
('79508','BUFFALO GAP','BUFFALO GAP','TX','SOUTHERN','TEXAS 3'),
('79510','CLYDE','CLYDE','TX','SOUTHERN','TEXAS 3'),
('79511','COAHOMA','COAHOMA','TX','SOUTHERN','TEXAS 3'),
('79512','COLORADO CITY','COLORADO CITY','TX','SOUTHERN','TEXAS 3'),
('79518','GIRARD','GIRARD','TX','SOUTHERN','TEXAS 3'),
('79519','COLEMAN','COLEMAN','TX','SOUTHERN','TEXAS 3'),
('79520','HAMLIN','HAMLIN','TX','SOUTHERN','TEXAS 3'),
('79521','HASKELL','HASKELL','TX','SOUTHERN','TEXAS 3'),
('79525','HAWLEY','HAWLEY','TX','SOUTHERN','TEXAS 3'),
('79526','HERMLEIGH','HERMLEIGH','TX','SOUTHERN','TEXAS 3'),
('79526','SNYDER','SNYDER','TX','SOUTHERN','TEXAS 3'),
('79527','COLORADO CITY','COLORADO CITY','TX','SOUTHERN','TEXAS 3'),
('79527','IRA','IRA','TX','SOUTHERN','TEXAS 3'),
('79528','JAYTON','JAYTON','TX','SOUTHERN','TEXAS 3'),
('79529','KNOX CITY','KNOX CITY','TX','SOUTHERN','TEXAS 3'),
('79530','LAWN','LAWN','TX','SOUTHERN','TEXAS 3'),
('79530','TUSCOLA','TUSCOLA','TX','SOUTHERN','TEXAS 3'),
('79532','LORAINE','LORAINE','TX','SOUTHERN','TEXAS 3'),
('79533','LUEDERS','LUEDERS','TX','SOUTHERN','TEXAS 3'),
('79533','STAMFORD','STAMFORD','TX','SOUTHERN','TEXAS 3'),
('79534','MC CAULLEY','MC CAULLEY','TX','SOUTHERN','TEXAS 3'),
('79534','ROTAN','ROTAN','TX','SOUTHERN','TEXAS 3'),
('79535','MARYNEAL','MARYNEAL','TX','SOUTHERN','TEXAS 3'),
('79536','MERKEL','MERKEL','TX','SOUTHERN','TEXAS 3'),
('79537','NOLAN','NOLAN','TX','SOUTHERN','TEXAS 3'),
('79538','COLEMAN','COLEMAN','TX','SOUTHERN','TEXAS 3'),
('79538','NOVICE','NOVICE','TX','SOUTHERN','TEXAS 3'),
('79539','KNOX CITY','KNOX CITY','TX','SOUTHERN','TEXAS 3'),
('79539','O BRIEN','O BRIEN','TX','SOUTHERN','TEXAS 3'),
('79540','OLD GLORY','OLD GLORY','TX','SOUTHERN','TEXAS 3'),
('79540','RULE','RULE','TX','SOUTHERN','TEXAS 3'),
('79541','OVALO','OVALO','TX','SOUTHERN','TEXAS 3'),
('79543','ROBY','ROBY','TX','SOUTHERN','TEXAS 3'),
('79543','ROTAN','ROTAN','TX','SOUTHERN','TEXAS 3'),
('79544','KNOX CITY','KNOX CITY','TX','SOUTHERN','TEXAS 3'),
('79544','ROCHESTER','ROCHESTER','TX','SOUTHERN','TEXAS 3'),
('79545','ROSCOE','ROSCOE','TX','SOUTHERN','TEXAS 3'),
('79546','ROTAN','ROTAN','TX','SOUTHERN','TEXAS 3'),
('79547','RULE','RULE','TX','SOUTHERN','TEXAS 3'),
('79548','RULE','RULE','TX','SOUTHERN','TEXAS 3'),
('79549','SNYDER','SNYDER','TX','SOUTHERN','TEXAS 3'),
('79550','SNYDER','SNYDER','TX','SOUTHERN','TEXAS 3'),
('79553','STAMFORD','STAMFORD','TX','SOUTHERN','TEXAS 3'),
('79556','SWEETWATER','SWEETWATER','TX','SOUTHERN','TEXAS 3'),
('79560','ROTAN','ROTAN','TX','SOUTHERN','TEXAS 3'),
('79560','SYLVESTER','SYLVESTER','TX','SOUTHERN','TEXAS 3'),
('79561','MERKEL','MERKEL','TX','SOUTHERN','TEXAS 3');

INSERT INTO us_locations (zip_code, locale_name, city, state, area_name, district_name) VALUES
('79561','TRENT','TRENT','TX','SOUTHERN','TEXAS 3'),
('79562','TUSCOLA','TUSCOLA','TX','SOUTHERN','TEXAS 3'),
('79563','TYE','TYE','TX','SOUTHERN','TEXAS 3'),
('79565','COLORADO CITY','COLORADO CITY','TX','SOUTHERN','TEXAS 3'),
('79565','WESTBROOK','WESTBROOK','TX','SOUTHERN','TEXAS 3'),
('79566','WINGATE','WINGATE','TX','SOUTHERN','TEXAS 3'),
('79566','WINTERS','WINTERS','TX','SOUTHERN','TEXAS 3'),
('79567','WINTERS','WINTERS','TX','SOUTHERN','TEXAS 3'),
('79601','MAIN OFFICE ABILENE','ABILENE','TX','SOUTHERN','TEXAS 3'),
('79602','MAIN OFFICE ABILENE','ABILENE','TX','SOUTHERN','TEXAS 3'),
('79603','MAIN OFFICE ABILENE','ABILENE','TX','SOUTHERN','TEXAS 3'),
('79604','MAIN OFFICE ABILENE','ABILENE','TX','SOUTHERN','TEXAS 3'),
('79605','SOUTHERN HILLS','ABILENE','TX','SOUTHERN','TEXAS 3'),
('79606','SOUTHERN HILLS','ABILENE','TX','SOUTHERN','TEXAS 3'),
('79607','DYESS AFB','DYESS AFB','TX','SOUTHERN','TEXAS 3'),
('79607','MAIN OFFICE ABILENE','ABILENE','TX','SOUTHERN','TEXAS 3'),
('79608','SOUTHERN HILLS','ABILENE','TX','SOUTHERN','TEXAS 3'),
('79701','DOWNTOWN MIDLAND','MIDLAND','TX','SOUTHERN','TEXAS 3'),
('79702','DOWNTOWN MIDLAND','MIDLAND','TX','SOUTHERN','TEXAS 3'),
('79703','CLAYDESTA','MIDLAND','TX','SOUTHERN','TEXAS 3'),
('79704','VILLAGE','MIDLAND','TX','SOUTHERN','TEXAS 3'),
('79705','CLAYDESTA','MIDLAND','TX','SOUTHERN','TEXAS 3'),
('79706','DOWNTOWN MIDLAND','MIDLAND','TX','SOUTHERN','TEXAS 3'),
('79707','CLAYDESTA','MIDLAND','TX','SOUTHERN','TEXAS 3'),
('79708','GRAVES','MIDLAND','TX','SOUTHERN','TEXAS 3'),
('79710','CLAYDESTA','MIDLAND','TX','SOUTHERN','TEXAS 3'),
('79711','MIDLAND','MIDLAND','TX','SOUTHERN','TEXAS 3'),
('79712','AIRLINE DPOBU','MIDLAND','TX','SOUTHERN','TEXAS 3'),
('79713','ACKERLY','ACKERLY','TX','SOUTHERN','TEXAS 3'),
('79714','ANDREWS','ANDREWS','TX','SOUTHERN','TEXAS 3'),
('79718','BALMORHEA','BALMORHEA','TX','SOUTHERN','TEXAS 3'),
('79718','SARAGOSA','SARAGOSA','TX','SOUTHERN','TEXAS 3'),
('79719','BARSTOW','BARSTOW','TX','SOUTHERN','TEXAS 3'),
('79720','BIG SPRING','BIG SPRING','TX','SOUTHERN','TEXAS 3'),
('79721','BIG SPRING','BIG SPRING','TX','SOUTHERN','TEXAS 3'),
('79730','COYANOSA','COYANOSA','TX','SOUTHERN','TEXAS 3'),
('79731','CRANE','CRANE','TX','SOUTHERN','TEXAS 3'),
('79733','FORSAN','FORSAN','TX','SOUTHERN','TEXAS 3'),
('79734','FORT DAVIS','FORT DAVIS','TX','SOUTHERN','TEXAS 3'),
('79735','FORT STOCKTON','FORT STOCKTON','TX','SOUTHERN','TEXAS 3'),
('79738','GAIL','GAIL','TX','SOUTHERN','TEXAS 3'),
('79739','GARDEN CITY','GARDEN CITY','TX','SOUTHERN','TEXAS 3'),
('79740','MC CAMEY','MC CAMEY','TX','SOUTHERN','TEXAS 3'),
('79741','GOLDSMITH','GOLDSMITH','TX','SOUTHERN','TEXAS 3'),
('79742','GRANDFALLS','GRANDFALLS','TX','SOUTHERN','TEXAS 3'),
('79743','IMPERIAL','IMPERIAL','TX','SOUTHERN','TEXAS 3'),
('79744','IRAAN','IRAAN','TX','SOUTHERN','TEXAS 3'),
('79745','KERMIT','KERMIT','TX','SOUTHERN','TEXAS 3'),
('79748','BIG SPRING','BIG SPRING','TX','SOUTHERN','TEXAS 3'),
('79748','KNOTT','KNOTT','TX','SOUTHERN','TEXAS 3');

INSERT INTO us_locations (zip_code, locale_name, city, state, area_name, district_name) VALUES
('79749','LENORAH','LENORAH','TX','SOUTHERN','TEXAS 3'),
('79752','MC CAMEY','MC CAMEY','TX','SOUTHERN','TEXAS 3'),
('79754','MENTONE','MENTONE','TX','SOUTHERN','TEXAS 3'),
('79755','MIDKIFF','MIDKIFF','TX','SOUTHERN','TEXAS 3'),
('79756','MONAHANS','MONAHANS','TX','SOUTHERN','TEXAS 3'),
('79758','GARDENDALE','GARDENDALE','TX','SOUTHERN','TEXAS 3'),
('79759','GOLDSMITH','GOLDSMITH','TX','SOUTHERN','TEXAS 3'),
('79760','ODESSA','ODESSA','TX','SOUTHERN','TEXAS 3'),
('79761','ODESSA','ODESSA','TX','SOUTHERN','TEXAS 3'),
('79762','NORTHEAST ODESSA','ODESSA','TX','SOUTHERN','TEXAS 3'),
('79763','ODESSA','ODESSA','TX','SOUTHERN','TEXAS 3'),
('79764','NORTHEAST ODESSA','ODESSA','TX','SOUTHERN','TEXAS 3'),
('79765','NORTHEAST ODESSA','ODESSA','TX','SOUTHERN','TEXAS 3'),
('79766','ODESSA','ODESSA','TX','SOUTHERN','TEXAS 3'),
('79768','NORTHEAST ODESSA','ODESSA','TX','SOUTHERN','TEXAS 3'),
('79769','WEST ODESSA','ODESSA','TX','SOUTHERN','TEXAS 3'),
('79770','ORLA','ORLA','TX','SOUTHERN','TEXAS 3'),
('79772','PECOS','PECOS','TX','SOUTHERN','TEXAS 3'),
('79776','PENWELL','PENWELL','TX','SOUTHERN','TEXAS 3'),
('79777','PYOTE','PYOTE','TX','SOUTHERN','TEXAS 3'),
('79778','RANKIN','RANKIN','TX','SOUTHERN','TEXAS 3'),
('79780','SARAGOSA','SARAGOSA','TX','SOUTHERN','TEXAS 3'),
('79781','SHEFFIELD','SHEFFIELD','TX','SOUTHERN','TEXAS 3'),
('79782','STANTON','STANTON','TX','SOUTHERN','TEXAS 3'),
('79783','TARZAN','TARZAN','TX','SOUTHERN','TEXAS 3'),
('79785','TOYAH','TOYAH','TX','SOUTHERN','TEXAS 3'),
('79786','SARAGOSA','SARAGOSA','TX','SOUTHERN','TEXAS 3'),
('79788','WICKETT','WICKETT','TX','SOUTHERN','TEXAS 3'),
('79789','WINK','WINK','TX','SOUTHERN','TEXAS 3'),
('79821','ANTHONY','ANTHONY','NM','WESTPAC','AZ-NM'),
('79830','ALPINE','ALPINE','TX','SOUTHERN','TEXAS 3'),
('79831','ALPINE','ALPINE','TX','SOUTHERN','TEXAS 3'),
('79834','BIG BEND NATIONAL PARK','BIG BEND NATIONAL PARK','TX','SOUTHERN','TEXAS 3'),
('79835','CANUTILLO','CANUTILLO','TX','SOUTHERN','TEXAS 3'),
('79836','CLINT','CLINT','TX','SOUTHERN','TEXAS 3'),
('79837','DELL CITY','DELL CITY','TX','SOUTHERN','TEXAS 3'),
('79838','FABENS','FABENS','TX','SOUTHERN','TEXAS 3'),
('79839','FORT HANCOCK','FORT HANCOCK','TX','SOUTHERN','TEXAS 3'),
('79842','MARATHON','MARATHON','TX','SOUTHERN','TEXAS 3'),
('79843','MARFA','MARFA','TX','SOUTHERN','TEXAS 3'),
('79845','PRESIDIO','PRESIDIO','TX','SOUTHERN','TEXAS 3'),
('79846','PRESIDIO','PRESIDIO','TX','SOUTHERN','TEXAS 3'),
('79847','DELL CITY','DELL CITY','TX','SOUTHERN','TEXAS 3'),
('79848','SANDERSON','SANDERSON','TX','SOUTHERN','TEXAS 3'),
('79849','SAN ELIZARIO','SAN ELIZARIO','TX','SOUTHERN','TEXAS 3'),
('79851','SIERRA BLANCA','SIERRA BLANCA','TX','SOUTHERN','TEXAS 3'),
('79852','TERLINGUA','TERLINGUA','TX','SOUTHERN','TEXAS 3'),
('79853','TORNILLO','TORNILLO','TX','SOUTHERN','TEXAS 3'),
('79854','VALENTINE','VALENTINE','TX','SOUTHERN','TEXAS 3'),
('79855','VAN HORN','VAN HORN','TX','SOUTHERN','TEXAS 3');

INSERT INTO us_locations (zip_code, locale_name, city, state, area_name, district_name) VALUES
('79901','WASHINGTON PARK','EL PASO','TX','SOUTHERN','TEXAS 3'),
('79902','MESA HILLS','EL PASO','TX','SOUTHERN','TEXAS 3'),
('79903','WASHINGTON PARK','EL PASO','TX','SOUTHERN','TEXAS 3'),
('79904','SUNRISE','EL PASO','TX','SOUTHERN','TEXAS 3'),
('79905','WASHINGTON PARK','EL PASO','TX','SOUTHERN','TEXAS 3'),
('79906','FORT BLISS','EL PASO','TX','SOUTHERN','TEXAS 3'),
('79907','YSLETA','EL PASO','TX','SOUTHERN','TEXAS 3'),
('79908','FORT BLISS','EL PASO','TX','SOUTHERN','TEXAS 3'),
('79911','CORONADO','EL PASO','TX','SOUTHERN','TEXAS 3'),
('79912','CORONADO','EL PASO','TX','SOUTHERN','TEXAS 3'),
('79913','CORONADO','EL PASO','TX','SOUTHERN','TEXAS 3'),
('79914','NORTHGATE EL PASO','EL PASO','TX','SOUTHERN','TEXAS 3'),
('79915','RANCHLAND','EL PASO','TX','SOUTHERN','TEXAS 3'),
('79917','YSLETA','EL PASO','TX','SOUTHERN','TEXAS 3'),
('79922','CORONADO','EL PASO','TX','SOUTHERN','TEXAS 3'),
('79923','FIVE POINTS','EL PASO','TX','SOUTHERN','TEXAS 3'),
('79924','NORTHGATE EL PASO','EL PASO','TX','SOUTHERN','TEXAS 3'),
('79925','AIRPORT MAIN OFC EL PASO','EL PASO','TX','SOUTHERN','TEXAS 3'),
('79926','RANCHLAND','EL PASO','TX','SOUTHERN','TEXAS 3'),
('79927','SOCORRO','SOCORRO','TX','SOUTHERN','TEXAS 3'),
('79928','SANDY CREEK','EL PASO','TX','SOUTHERN','TEXAS 3'),
('79929','SOCORRO','SOCORRO','TX','SOUTHERN','TEXAS 3'),
('79930','SUMMIT HEIGHTS','EL PASO','TX','SOUTHERN','TEXAS 3'),
('79931','SUMMIT HEIGHTS','EL PASO','TX','SOUTHERN','TEXAS 3'),
('79932','CORONADO','EL PASO','TX','SOUTHERN','TEXAS 3'),
('79934','SUNRISE','EL PASO','TX','SOUTHERN','TEXAS 3'),
('79935','PEBBLE HILLS','EL PASO','TX','SOUTHERN','TEXAS 3'),
('79936','PEBBLE HILLS','EL PASO','TX','SOUTHERN','TEXAS 3'),
('79937','PEBBLE HILLS','EL PASO','TX','SOUTHERN','TEXAS 3'),
('79938','SANDY CREEK','EL PASO','TX','SOUTHERN','TEXAS 3'),
('79940','DOWNTOWN EL PASO','EL PASO','TX','SOUTHERN','TEXAS 3'),
('79941','DOWNTOWN EL PASO','EL PASO','TX','SOUTHERN','TEXAS 3'),
('79942','DOWNTOWN EL PASO','EL PASO','TX','SOUTHERN','TEXAS 3'),
('79943','DOWNTOWN EL PASO','EL PASO','TX','SOUTHERN','TEXAS 3'),
('79944','DOWNTOWN EL PASO','EL PASO','TX','SOUTHERN','TEXAS 3'),
('79945','DOWNTOWN EL PASO','EL PASO','TX','SOUTHERN','TEXAS 3'),
('79946','DOWNTOWN EL PASO','EL PASO','TX','SOUTHERN','TEXAS 3'),
('79947','DOWNTOWN EL PASO','EL PASO','TX','SOUTHERN','TEXAS 3'),
('79948','DOWNTOWN EL PASO','EL PASO','TX','SOUTHERN','TEXAS 3'),
('79949','DOWNTOWN EL PASO','EL PASO','TX','SOUTHERN','TEXAS 3'),
('79950','DOWNTOWN EL PASO','EL PASO','TX','SOUTHERN','TEXAS 3'),
('79951','DOWNTOWN EL PASO','EL PASO','TX','SOUTHERN','TEXAS 3'),
('79952','DOWNTOWN EL PASO','EL PASO','TX','SOUTHERN','TEXAS 3'),
('79953','DOWNTOWN EL PASO','EL PASO','TX','SOUTHERN','TEXAS 3'),
('79954','DOWNTOWN EL PASO','EL PASO','TX','SOUTHERN','TEXAS 3'),
('79955','DOWNTOWN EL PASO','EL PASO','TX','SOUTHERN','TEXAS 3'),
('79995','WASHINGTON PARK','EL PASO','TX','SOUTHERN','TEXAS 3'),
('79996','SANDY CREEK','EL PASO','TX','SOUTHERN','TEXAS 3'),
('79997','AIRPORT MAIN OFC EL PASO','EL PASO','TX','SOUTHERN','TEXAS 3'),
('79998','AIRPORT MAIN OFC EL PASO','EL PASO','TX','SOUTHERN','TEXAS 3');

INSERT INTO us_locations (zip_code, locale_name, city, state, area_name, district_name) VALUES
('79999','DOWNTOWN EL PASO','EL PASO','TX','SOUTHERN','TEXAS 3'),
('80001','ARVADA','ARVADA','CO','WESTPAC','CO-WY'),
('80002','ARVADA','ARVADA','CO','WESTPAC','CO-WY'),
('80003','INDIAN TREE','ARVADA','CO','WESTPAC','CO-WY'),
('80004','ARVADA','ARVADA','CO','WESTPAC','CO-WY'),
('80005','INDIAN TREE','ARVADA','CO','WESTPAC','CO-WY'),
('80006','INDIAN TREE','ARVADA','CO','WESTPAC','CO-WY'),
('80007','INDIAN TREE','ARVADA','CO','WESTPAC','CO-WY'),
('80010','HOFFMAN HEIGHTS','AURORA','CO','WESTPAC','CO-WY'),
('80011','HOFFMAN HEIGHTS','AURORA','CO','WESTPAC','CO-WY'),
('80012','GATEWAY','AURORA','CO','WESTPAC','CO-WY'),
('80013','AURORA','AURORA','CO','WESTPAC','CO-WY'),
('80014','GATEWAY','AURORA','CO','WESTPAC','CO-WY'),
('80015','TOWER','CENTENNIAL','CO','WESTPAC','CO-WY'),
('80016','TOWER','CENTENNIAL','CO','WESTPAC','CO-WY'),
('80017','AURORA','AURORA','CO','WESTPAC','CO-WY'),
('80018','AURORA','AURORA','CO','WESTPAC','CO-WY'),
('80019','AURORA','AURORA','CO','WESTPAC','CO-WY'),
('80020','BROOMFIELD','BROOMFIELD','CO','WESTPAC','CO-WY'),
('80021','BROOMFIELD EAGLE VIEW','BROOMFIELD','CO','WESTPAC','CO-WY'),
('80022','ADAMS CITY','COMMERCE CITY','CO','WESTPAC','CO-WY'),
('80022','COMMERCE CITY','COMMERCE CITY','CO','WESTPAC','CO-WY'),
('80023','BROOMFIELD','BROOMFIELD','CO','WESTPAC','CO-WY'),
('80024','DUPONT','COMMERCE CITY','CO','WESTPAC','CO-WY'),
('80025','ELDORADO SPRINGS','ELDORADO SPRINGS','CO','WESTPAC','CO-WY'),
('80026','LAFAYETTE','LAFAYETTE','CO','WESTPAC','CO-WY'),
('80026','LAFAYETTE CARRIER ANNEX','LAFAYETTE','CO','WESTPAC','CO-WY'),
('80027','LOUISVILLE','SUPERIOR','CO','WESTPAC','CO-WY'),
('80030','WESTMINSTER','WESTMINSTER','CO','WESTPAC','CO-WY'),
('80031','WESTMINSTER','WESTMINSTER','CO','WESTPAC','CO-WY'),
('80033','WHEAT RIDGE','WHEAT RIDGE','CO','WESTPAC','CO-WY'),
('80034','WHEAT RIDGE','WHEAT RIDGE','CO','WESTPAC','CO-WY'),
('80035','WESTMINSTER','WESTMINSTER','CO','WESTPAC','CO-WY'),
('80036','HARRIS PARK','WESTMINSTER','CO','WESTPAC','CO-WY'),
('80037','COMMERCE CITY','COMMERCE CITY','CO','WESTPAC','CO-WY'),
('80038','BROOMFIELD','BROOMFIELD','CO','WESTPAC','CO-WY'),
('80040','FLETCHER','AURORA','CO','WESTPAC','CO-WY'),
('80041','HOFFMAN HEIGHTS','AURORA','CO','WESTPAC','CO-WY'),
('80042','ALTURA','AURORA','CO','WESTPAC','CO-WY'),
('80044','GATEWAY','AURORA','CO','WESTPAC','CO-WY'),
('80045','FLETCHER','AURORA','CO','WESTPAC','CO-WY'),
('80045','HOFFMAN HEIGHTS','AURORA','CO','WESTPAC','CO-WY'),
('80046','TOWER','CENTENNIAL','CO','WESTPAC','CO-WY'),
('80047','AURORA','AURORA','CO','WESTPAC','CO-WY'),
('80101','AGATE','AGATE','CO','WESTPAC','CO-WY'),
('80101','DEER TRAIL','DEER TRAIL','CO','WESTPAC','CO-WY'),
('80102','BENNETT','BENNETT','CO','WESTPAC','CO-WY'),
('80103','BYERS','BYERS','CO','WESTPAC','CO-WY'),
('80104','CASTLE ROCK','CASTLE ROCK','CO','WESTPAC','CO-WY'),
('80104','CASTLE ROCK ANNEX','CASTLE ROCK','CO','WESTPAC','CO-WY');

INSERT INTO us_locations (zip_code, locale_name, city, state, area_name, district_name) VALUES
('80105','DEER TRAIL','DEER TRAIL','CO','WESTPAC','CO-WY'),
('80106','ELBERT','ELBERT','CO','WESTPAC','CO-WY'),
('80107','ELIZABETH','ELIZABETH','CO','WESTPAC','CO-WY'),
('80108','CASTLE ROCK ANNEX','CASTLE ROCK','CO','WESTPAC','CO-WY'),
('80109','CASTLE ROCK ANNEX','CASTLE ROCK','CO','WESTPAC','CO-WY'),
('80110','ENGLEWOOD','ENGLEWOOD','CO','WESTPAC','CO-WY'),
('80111','GREENWOOD VILLAGE','GREENWOOD VILLAGE','CO','WESTPAC','CO-WY'),
('80112','GREENWOOD VILLAGE','GREENWOOD VILLAGE','CO','WESTPAC','CO-WY'),
('80113','ENGLEWOOD','ENGLEWOOD','CO','WESTPAC','CO-WY'),
('80116','FRANKTOWN','FRANKTOWN','CO','WESTPAC','CO-WY'),
('80117','KIOWA','KIOWA','CO','WESTPAC','CO-WY'),
('80118','LARKSPUR','LARKSPUR','CO','WESTPAC','CO-WY'),
('80120','LITTLETON','LITTLETON','CO','WESTPAC','CO-WY'),
('80121','CENTENNIAL','CENTENNIAL','CO','WESTPAC','CO-WY'),
('80122','CENTENNIAL','CENTENNIAL','CO','WESTPAC','CO-WY'),
('80123','COLUMBINE HILLS','LITTLETON','CO','WESTPAC','CO-WY'),
('80124','HIGHLANDS RANCH','HIGHLANDS RANCH','CO','WESTPAC','CO-WY'),
('80125','KEN CARYL RANCH','LITTLETON','CO','WESTPAC','CO-WY'),
('80126','HIGHLANDS RANCH','HIGHLANDS RANCH','CO','WESTPAC','CO-WY'),
('80127','KEN CARYL RANCH','LITTLETON','CO','WESTPAC','CO-WY'),
('80128','KEN CARYL RANCH','LITTLETON','CO','WESTPAC','CO-WY'),
('80129','HIGHLANDS RANCH','HIGHLANDS RANCH','CO','WESTPAC','CO-WY'),
('80130','HIGHLANDS RANCH','HIGHLANDS RANCH','CO','WESTPAC','CO-WY'),
('80131','LOUVIERS','LOUVIERS','CO','WESTPAC','CO-WY'),
('80132','MONUMENT','MONUMENT','CO','WESTPAC','CO-WY'),
('80133','MONUMENT','MONUMENT','CO','WESTPAC','CO-WY'),
('80133','PALMER LAKE','PALMER LAKE','CO','WESTPAC','CO-WY'),
('80134','PARKER','PARKER','CO','WESTPAC','CO-WY'),
('80135','SEDALIA','SEDALIA','CO','WESTPAC','CO-WY'),
('80136','BENNETT','BENNETT','CO','WESTPAC','CO-WY'),
('80136','STRASBURG','STRASBURG','CO','WESTPAC','CO-WY'),
('80137','WATKINS','WATKINS','CO','WESTPAC','CO-WY'),
('80138','PARKER','PARKER','CO','WESTPAC','CO-WY'),
('80150','ENGLEWOOD','ENGLEWOOD','CO','WESTPAC','CO-WY'),
('80151','DOWNTOWN ENGLEWOOD','ENGLEWOOD','CO','WESTPAC','CO-WY'),
('80155','GREENWOOD VILLAGE','GREENWOOD VILLAGE','CO','WESTPAC','CO-WY'),
('80160','LITTLETON','LITTLETON','CO','WESTPAC','CO-WY'),
('80161','CENTENNIAL','CENTENNIAL','CO','WESTPAC','CO-WY'),
('80162','COLUMBINE HILLS','LITTLETON','CO','WESTPAC','CO-WY'),
('80163','HIGHLANDS RANCH','HIGHLANDS RANCH','CO','WESTPAC','CO-WY'),
('80201','DENVER','DENVER','CO','WESTPAC','CO-WY'),
('80202','DENVER','DENVER','CO','WESTPAC','CO-WY'),
('80203','CAPITOL HILL','DENVER','CO','WESTPAC','CO-WY'),
('80203','CAPITOL HILL ANNEX','DENVER','CO','WESTPAC','CO-WY'),
('80204','MILE HIGH','DENVER','CO','WESTPAC','CO-WY'),
('80205','CAPITOL HILL ANNEX','DENVER','CO','WESTPAC','CO-WY'),
('80206','CHERRY CREEK','DENVER','CO','WESTPAC','CO-WY'),
('80206','GLENDALE','DENVER','CO','WESTPAC','CO-WY'),
('80207','PARK HILL','DENVER','CO','WESTPAC','CO-WY'),
('80209','SOUTH DENVER','DENVER','CO','WESTPAC','CO-WY');

INSERT INTO us_locations (zip_code, locale_name, city, state, area_name, district_name) VALUES
('80209','UNIVERSITY PARK','DENVER','CO','WESTPAC','CO-WY'),
('80210','UNIVERSITY PARK','DENVER','CO','WESTPAC','CO-WY'),
('80211','SUNNYSIDE','DENVER','CO','WESTPAC','CO-WY'),
('80212','ALCOTT','DENVER','CO','WESTPAC','CO-WY'),
('80214','EDGEWATER','LAKEWOOD','CO','WESTPAC','CO-WY'),
('80215','LAKEWOOD','LAKEWOOD','CO','WESTPAC','CO-WY'),
('80216','STOCKYARDS','DENVER','CO','WESTPAC','CO-WY'),
('80217','GMF FINANCE','DENVER','CO','WESTPAC','CO-WY'),
('80218','CAPITOL HILL','DENVER','CO','WESTPAC','CO-WY'),
('80218','CAPITOL HILL ANNEX','DENVER','CO','WESTPAC','CO-WY'),
('80219','WESTWOOD','DENVER','CO','WESTPAC','CO-WY'),
('80220','MONTCLAIR','DENVER','CO','WESTPAC','CO-WY'),
('80221','NORTH PECOS','DENVER','CO','WESTPAC','CO-WY'),
('80222','WELLSHIRE','DENVER','CO','WESTPAC','CO-WY'),
('80223','SOUTH DENVER','DENVER','CO','WESTPAC','CO-WY'),
('80224','WELLSHIRE','DENVER','CO','WESTPAC','CO-WY'),
('80226','LAKEWOOD','LAKEWOOD','CO','WESTPAC','CO-WY'),
('80227','BEAR VALLEY','DENVER','CO','WESTPAC','CO-WY'),
('80228','LAKEWOOD','LAKEWOOD','CO','WESTPAC','CO-WY'),
('80229','NORTH PECOS','DENVER','CO','WESTPAC','CO-WY'),
('80229','THORNTON CARRIERS','DENVER','CO','WESTPAC','CO-WY'),
('80230','MONTCLAIR','DENVER','CO','WESTPAC','CO-WY'),
('80231','SULLIVAN','DENVER','CO','WESTPAC','CO-WY'),
('80232','BEAR VALLEY','DENVER','CO','WESTPAC','CO-WY'),
('80233','NORTHGLENN','NORTHGLENN','CO','WESTPAC','CO-WY'),
('80234','NORTHVIEW','NORTHGLENN','CO','WESTPAC','CO-WY'),
('80235','BEAR VALLEY','DENVER','CO','WESTPAC','CO-WY'),
('80236','BEAR VALLEY','DENVER','CO','WESTPAC','CO-WY'),
('80237','SULLIVAN','DENVER','CO','WESTPAC','CO-WY'),
('80238','MONTBELLO','DENVER','CO','WESTPAC','CO-WY'),
('80239','MONTBELLO','DENVER','CO','WESTPAC','CO-WY'),
('80241','NORTHGLENN','NORTHGLENN','CO','WESTPAC','CO-WY'),
('80246','GLENDALE','DENVER','CO','WESTPAC','CO-WY'),
('80247','SULLIVAN','DENVER','CO','WESTPAC','CO-WY'),
('80248','DENVER','DENVER','CO','WESTPAC','CO-WY'),
('80249','MONTBELLO','DENVER','CO','WESTPAC','CO-WY'),
('80250','UNIVERSITY PARK','DENVER','CO','WESTPAC','CO-WY'),
('80260','NORTH PECOS','DENVER','CO','WESTPAC','CO-WY'),
('80264','CAPITOL HILL ANNEX','DENVER','CO','WESTPAC','CO-WY'),
('80265','DENVER','DENVER','CO','WESTPAC','CO-WY'),
('80290','DENVER','DENVER','CO','WESTPAC','CO-WY'),
('80293','DENVER','DENVER','CO','WESTPAC','CO-WY'),
('80294','DENVER','DENVER','CO','WESTPAC','CO-WY'),
('80299','DENVER','DENVER','CO','WESTPAC','CO-WY'),
('80301','VALMONT','BOULDER','CO','WESTPAC','CO-WY'),
('80302','BOULDER','BOULDER','CO','WESTPAC','CO-WY'),
('80303','VALMONT','BOULDER','CO','WESTPAC','CO-WY'),
('80304','VALMONT','BOULDER','CO','WESTPAC','CO-WY'),
('80305','HIGH MAR','BOULDER','CO','WESTPAC','CO-WY'),
('80306','BOULDER','BOULDER','CO','WESTPAC','CO-WY');

